CompChangeID,EmployeeID,EffectiveDate,PreviousSalary,NewSalary,ChangePercent,ChangeReason,Currency
1,E100001,2019-12-21,,41000,,New Hire,USD
2,E100002,2020-06-24,,53000,,New Hire,USD
3,E100003,2020-03-30,,88000,,New Hire,USD
4,E100004,2014-06-18,,37000,,New Hire,USD
5,E100005,2020-12-04,,109500,,New Hire,USD
6,E100006,2016-01-19,,156500,,New Hire,USD
7,E100007,2020-04-11,,138500,,New Hire,USD
8,E100008,2018-11-09,,59500,,New Hire,USD
9,E100009,2020-09-21,,86000,,New Hire,USD
10,E100010,2018-10-12,,60000,,New Hire,USD
11,E100011,2020-04-02,,55500,,New Hire,USD
12,E100012,2016-01-09,,115500,,New Hire,USD
13,E100013,2019-10-25,,68000,,New Hire,USD
14,E100014,2020-05-13,,124000,,New Hire,USD
15,E100015,2020-08-29,,99000,,New Hire,USD
16,E100016,2019-04-26,,21000,,New Hire,USD
17,E100017,2019-06-05,,67500,,New Hire,USD
18,E100018,2016-05-21,,102500,,New Hire,USD
19,E100019,2015-12-06,,138500,,New Hire,USD
20,E100020,2020-12-25,,65500,,New Hire,USD
21,E100021,2020-02-20,,80000,,New Hire,USD
22,E100022,2019-11-27,,101000,,New Hire,USD
23,E100023,2020-04-12,,58000,,New Hire,USD
24,E100024,2019-03-20,,89500,,New Hire,USD
25,E100025,2016-05-21,,203500,,New Hire,USD
26,E100026,2019-06-22,,80000,,New Hire,USD
27,E100027,2019-02-08,,47000,,New Hire,USD
28,E100028,2019-05-19,,67500,,New Hire,USD
29,E100029,2018-02-26,,75500,,New Hire,USD
30,E100030,2018-05-21,,83500,,New Hire,USD
31,E100031,2014-03-10,,161000,,New Hire,USD
32,E100032,2020-11-29,,66000,,New Hire,USD
33,E100033,2019-11-20,,126000,,New Hire,USD
34,E100034,2018-09-28,,59500,,New Hire,USD
35,E100035,2014-10-05,,118500,,New Hire,USD
36,E100036,2018-05-19,,61500,,New Hire,USD
37,E100037,2013-07-21,,133000,,New Hire,USD
38,E100038,2017-02-24,,57500,,New Hire,USD
39,E100039,2020-03-29,,78500,,New Hire,USD
40,E100040,2020-09-23,,22000,,New Hire,USD
41,E100041,2018-04-23,,51500,,New Hire,USD
42,E100042,2015-10-18,,60000,,New Hire,USD
43,E100043,2017-12-27,,103500,,New Hire,USD
44,E100044,2016-02-15,,117000,,New Hire,USD
45,E100045,2019-09-02,,130000,,New Hire,USD
46,E100046,2020-10-28,,91000,,New Hire,USD
47,E100047,2015-09-07,,79000,,New Hire,USD
48,E100048,2017-05-06,,77500,,New Hire,USD
49,E100049,2019-10-29,,74000,,New Hire,USD
50,E100050,2020-09-12,,94500,,New Hire,USD
51,E100051,2019-05-22,,72000,,New Hire,USD
52,E100052,2018-11-15,,174500,,New Hire,USD
53,E100053,2019-06-02,,68000,,New Hire,USD
54,E100054,2020-02-16,,125500,,New Hire,USD
55,E100055,2018-08-01,,47500,,New Hire,USD
56,E100056,2017-06-21,,157500,,New Hire,USD
57,E100057,2019-12-27,,108000,,New Hire,USD
58,E100058,2019-09-13,,106500,,New Hire,USD
59,E100059,2020-09-21,,95000,,New Hire,USD
60,E100060,2020-09-14,,72500,,New Hire,USD
61,E100061,2020-10-07,,49500,,New Hire,USD
62,E100062,2013-04-02,,64000,,New Hire,USD
63,E100063,2019-02-20,,29500,,New Hire,USD
64,E100064,2019-02-02,,44000,,New Hire,USD
65,E100065,2020-02-24,,75500,,New Hire,USD
66,E100066,2013-08-17,,31000,,New Hire,USD
67,E100067,2020-07-05,,53500,,New Hire,USD
68,E100068,2019-12-18,,116000,,New Hire,USD
69,E100069,2015-10-16,,164000,,New Hire,USD
70,E100070,2017-08-02,,66000,,New Hire,USD
71,E100071,2020-01-31,,65000,,New Hire,USD
72,E100072,2019-04-14,,58000,,New Hire,USD
73,E100073,2019-06-15,,132500,,New Hire,USD
74,E100074,2018-01-26,,75500,,New Hire,USD
75,E100075,2016-07-08,,134000,,New Hire,USD
76,E100076,2015-06-14,,117000,,New Hire,USD
77,E100077,2019-06-27,,32000,,New Hire,USD
78,E100078,2013-04-09,,125500,,New Hire,USD
79,E100079,2020-12-03,,93500,,New Hire,USD
80,E100080,2014-07-30,,113500,,New Hire,USD
81,E100081,2020-12-10,,69000,,New Hire,USD
82,E100082,2016-09-29,,61000,,New Hire,USD
83,E100083,2020-06-28,,61500,,New Hire,USD
84,E100084,2019-11-05,,117000,,New Hire,USD
85,E100085,2016-01-21,,69000,,New Hire,USD
86,E100086,2020-04-21,,24500,,New Hire,USD
87,E100087,2020-06-30,,61000,,New Hire,USD
88,E100088,2020-11-24,,24500,,New Hire,USD
89,E100089,2018-03-18,,73500,,New Hire,USD
90,E100090,2020-11-20,,142000,,New Hire,USD
91,E100091,2018-06-10,,93500,,New Hire,USD
92,E100092,2020-09-05,,75500,,New Hire,USD
93,E100093,2018-05-30,,70000,,New Hire,USD
94,E100094,2013-03-18,,77500,,New Hire,USD
95,E100095,2020-06-05,,58000,,New Hire,USD
96,E100096,2018-11-03,,100500,,New Hire,USD
97,E100097,2017-10-18,,102500,,New Hire,USD
98,E100098,2020-04-04,,72500,,New Hire,USD
99,E100099,2017-08-10,,62500,,New Hire,USD
100,E100100,2020-07-20,,70000,,New Hire,USD
101,E100101,2020-06-12,,131500,,New Hire,USD
102,E100102,2017-05-10,,135500,,New Hire,USD
103,E100103,2020-10-26,,72000,,New Hire,USD
104,E100104,2016-05-13,,82500,,New Hire,USD
105,E100105,2020-08-16,,29500,,New Hire,USD
106,E100106,2020-04-05,,102000,,New Hire,USD
107,E100107,2017-11-08,,104000,,New Hire,USD
108,E100108,2019-01-31,,93000,,New Hire,USD
109,E100109,2019-07-13,,70000,,New Hire,USD
110,E100110,2018-06-30,,126000,,New Hire,USD
111,E100111,2013-10-19,,50500,,New Hire,USD
112,E100112,2020-07-21,,34500,,New Hire,USD
113,E100113,2015-06-04,,76000,,New Hire,USD
114,E100114,2019-02-01,,28000,,New Hire,USD
115,E100115,2018-12-27,,79000,,New Hire,USD
116,E100116,2019-06-26,,128500,,New Hire,USD
117,E100117,2020-12-05,,45500,,New Hire,USD
118,E100118,2018-04-23,,51500,,New Hire,USD
119,E100119,2020-02-03,,74000,,New Hire,USD
120,E100120,2020-11-12,,67500,,New Hire,USD
121,E100121,2018-08-22,,113500,,New Hire,USD
122,E100122,2019-08-21,,31000,,New Hire,USD
123,E100123,2016-07-25,,121000,,New Hire,USD
124,E100124,2018-10-22,,177000,,New Hire,USD
125,E100125,2016-10-06,,121500,,New Hire,USD
126,E100126,2020-05-07,,149500,,New Hire,USD
127,E100127,2020-08-05,,124500,,New Hire,USD
128,E100128,2018-01-26,,148000,,New Hire,USD
129,E100129,2020-04-24,,43500,,New Hire,USD
130,E100130,2013-08-15,,54500,,New Hire,USD
131,E100131,2020-09-03,,54000,,New Hire,USD
132,E100132,2016-12-30,,117500,,New Hire,USD
133,E100133,2018-06-07,,188000,,New Hire,USD
134,E100134,2019-11-09,,36000,,New Hire,USD
135,E100135,2017-05-17,,74000,,New Hire,USD
136,E100136,2018-05-22,,73500,,New Hire,USD
137,E100137,2018-11-17,,119000,,New Hire,USD
138,E100138,2019-04-30,,58000,,New Hire,USD
139,E100139,2018-09-17,,96500,,New Hire,USD
140,E100140,2019-04-20,,71000,,New Hire,USD
141,E100141,2020-07-25,,120000,,New Hire,USD
142,E100142,2018-12-24,,29500,,New Hire,USD
143,E100143,2020-01-17,,23500,,New Hire,USD
144,E100144,2020-08-07,,71500,,New Hire,USD
145,E100145,2020-06-03,,93500,,New Hire,USD
146,E100146,2013-03-14,,101500,,New Hire,USD
147,E100147,2020-07-14,,84000,,New Hire,USD
148,E100148,2018-09-09,,117500,,New Hire,USD
149,E100149,2019-08-18,,59500,,New Hire,USD
150,E100150,2017-07-06,,64500,,New Hire,USD
151,E100151,2019-05-21,,125000,,New Hire,USD
152,E100152,2020-01-09,,42500,,New Hire,USD
153,E100153,2015-06-19,,122000,,New Hire,USD
154,E100154,2020-03-16,,51500,,New Hire,USD
155,E100155,2020-09-09,,65500,,New Hire,USD
156,E100156,2020-11-06,,54000,,New Hire,USD
157,E100157,2019-09-24,,47500,,New Hire,USD
158,E100158,2013-09-11,,51500,,New Hire,USD
159,E100159,2017-04-21,,180500,,New Hire,USD
160,E100160,2019-10-30,,28500,,New Hire,USD
161,E100161,2019-04-27,,49000,,New Hire,USD
162,E100162,2020-02-21,,117500,,New Hire,USD
163,E100163,2017-08-08,,126000,,New Hire,USD
164,E100164,2018-11-29,,49500,,New Hire,USD
165,E100165,2018-03-26,,59500,,New Hire,USD
166,E100166,2020-10-10,,77000,,New Hire,USD
167,E100167,2018-11-26,,76000,,New Hire,USD
168,E100168,2020-02-05,,61500,,New Hire,USD
169,E100169,2020-09-19,,26000,,New Hire,USD
170,E100170,2019-08-25,,34000,,New Hire,USD
171,E100171,2020-11-27,,58000,,New Hire,USD
172,E100172,2019-06-11,,62500,,New Hire,USD
173,E100173,2020-12-25,,24000,,New Hire,USD
174,E100174,2017-08-20,,152000,,New Hire,USD
175,E100175,2020-03-14,,54000,,New Hire,USD
176,E100176,2020-12-30,,117500,,New Hire,USD
177,E100177,2019-03-13,,141000,,New Hire,USD
178,E100178,2018-04-19,,54000,,New Hire,USD
179,E100179,2018-12-31,,177500,,New Hire,USD
180,E100180,2019-12-09,,115500,,New Hire,USD
181,E100181,2020-04-20,,106500,,New Hire,USD
182,E100182,2020-10-26,,167500,,New Hire,USD
183,E100183,2017-12-10,,141500,,New Hire,USD
184,E100184,2017-09-15,,39000,,New Hire,USD
185,E100185,2013-09-23,,155000,,New Hire,USD
186,E100186,2019-03-04,,74000,,New Hire,USD
187,E100187,2016-10-27,,113000,,New Hire,USD
188,E100188,2014-08-06,,128500,,New Hire,USD
189,E100189,2017-05-23,,129000,,New Hire,USD
190,E100190,2016-05-18,,30000,,New Hire,USD
191,E100191,2019-08-19,,62500,,New Hire,USD
192,E100192,2019-05-17,,22000,,New Hire,USD
193,E100193,2020-08-16,,51000,,New Hire,USD
194,E100194,2016-01-25,,184000,,New Hire,USD
195,E100195,2013-06-28,,123000,,New Hire,USD
196,E100196,2016-02-22,,33000,,New Hire,USD
197,E100197,2019-08-09,,111000,,New Hire,USD
198,E100198,2020-05-26,,44000,,New Hire,USD
199,E100199,2019-08-08,,69500,,New Hire,USD
200,E100200,2017-01-05,,103500,,New Hire,USD
201,E100201,2018-09-04,,31500,,New Hire,USD
202,E100202,2019-09-13,,26500,,New Hire,USD
203,E100203,2018-01-15,,71000,,New Hire,USD
204,E100204,2020-03-15,,161500,,New Hire,USD
205,E100205,2020-03-19,,75500,,New Hire,USD
206,E100206,2020-05-26,,175000,,New Hire,USD
207,E100207,2020-10-14,,89000,,New Hire,USD
208,E100208,2019-09-19,,113500,,New Hire,USD
209,E100209,2019-07-14,,134000,,New Hire,USD
210,E100210,2020-11-25,,35000,,New Hire,USD
211,E100211,2020-12-28,,40500,,New Hire,USD
212,E100212,2018-11-22,,42500,,New Hire,USD
213,E100213,2020-04-18,,66500,,New Hire,USD
214,E100214,2020-12-31,,108000,,New Hire,USD
215,E100215,2020-09-20,,31500,,New Hire,USD
216,E100216,2015-08-17,,69000,,New Hire,USD
217,E100217,2020-12-23,,57000,,New Hire,USD
218,E100218,2019-10-08,,133500,,New Hire,USD
219,E100219,2015-07-16,,133000,,New Hire,USD
220,E100220,2020-08-31,,74000,,New Hire,USD
221,E100221,2018-07-08,,77500,,New Hire,USD
222,E100222,2020-12-01,,38000,,New Hire,USD
223,E100223,2020-03-05,,63500,,New Hire,USD
224,E100224,2017-01-21,,100000,,New Hire,USD
225,E100225,2019-03-18,,64500,,New Hire,USD
226,E100226,2019-02-24,,84000,,New Hire,USD
227,E100227,2015-09-20,,148500,,New Hire,USD
228,E100228,2013-10-22,,49000,,New Hire,USD
229,E100229,2019-06-06,,74000,,New Hire,USD
230,E100230,2019-09-25,,31000,,New Hire,USD
231,E100231,2018-06-11,,126500,,New Hire,USD
232,E100232,2013-07-09,,78000,,New Hire,USD
233,E100233,2018-08-22,,75000,,New Hire,USD
234,E100234,2020-09-29,,133000,,New Hire,USD
235,E100235,2020-11-21,,35500,,New Hire,USD
236,E100236,2019-08-01,,42500,,New Hire,USD
237,E100237,2019-06-20,,74500,,New Hire,USD
238,E100238,2019-05-22,,18000,,New Hire,USD
239,E100239,2017-12-19,,95000,,New Hire,USD
240,E100240,2018-01-12,,34500,,New Hire,USD
241,E100241,2019-10-02,,81500,,New Hire,USD
242,E100242,2018-08-03,,33000,,New Hire,USD
243,E100243,2020-11-23,,62500,,New Hire,USD
244,E100244,2019-10-27,,73500,,New Hire,USD
245,E100245,2018-12-11,,46500,,New Hire,USD
246,E100246,2020-04-04,,67000,,New Hire,USD
247,E100247,2020-02-06,,33000,,New Hire,USD
248,E100248,2019-05-24,,125000,,New Hire,USD
249,E100249,2017-10-08,,146500,,New Hire,USD
250,E100250,2013-05-28,,164000,,New Hire,USD
251,E100251,2020-11-08,,39000,,New Hire,USD
252,E100252,2019-04-11,,62500,,New Hire,USD
253,E100253,2019-02-08,,21000,,New Hire,USD
254,E100254,2016-02-23,,165000,,New Hire,USD
255,E100255,2019-06-24,,120500,,New Hire,USD
256,E100256,2020-06-27,,17500,,New Hire,USD
257,E100257,2018-04-08,,60500,,New Hire,USD
258,E100258,2015-10-04,,68000,,New Hire,USD
259,E100259,2020-05-18,,111500,,New Hire,USD
260,E100260,2020-06-07,,93500,,New Hire,USD
261,E100261,2019-07-25,,98000,,New Hire,USD
262,E100262,2020-01-12,,142000,,New Hire,USD
263,E100263,2020-10-07,,67500,,New Hire,USD
264,E100264,2020-01-18,,66000,,New Hire,USD
265,E100265,2019-01-14,,38500,,New Hire,USD
266,E100266,2018-05-27,,143000,,New Hire,USD
267,E100267,2021-01-01,,53000,,New Hire,USD
268,E100268,2018-08-11,,46500,,New Hire,USD
269,E100269,2019-12-26,,25500,,New Hire,USD
270,E100270,2019-01-28,,73000,,New Hire,USD
271,E100271,2019-06-02,,94500,,New Hire,USD
272,E100272,2017-05-20,,86000,,New Hire,USD
273,E100273,2019-12-14,,21500,,New Hire,USD
274,E100274,2013-07-01,,68000,,New Hire,USD
275,E100275,2020-09-10,,66000,,New Hire,USD
276,E100276,2017-01-25,,70000,,New Hire,USD
277,E100277,2018-11-13,,18000,,New Hire,USD
278,E100278,2019-12-22,,87000,,New Hire,USD
279,E100279,2020-04-15,,40500,,New Hire,USD
280,E100280,2020-04-30,,33000,,New Hire,USD
281,E100281,2020-10-30,,64000,,New Hire,USD
282,E100282,2018-07-11,,114500,,New Hire,USD
283,E100283,2020-08-19,,33500,,New Hire,USD
284,E100284,2020-05-12,,71000,,New Hire,USD
285,E100285,2020-12-26,,66500,,New Hire,USD
286,E100286,2018-11-30,,115000,,New Hire,USD
287,E100287,2020-05-17,,43000,,New Hire,USD
288,E100288,2017-03-12,,63500,,New Hire,USD
289,E100289,2019-12-26,,79500,,New Hire,USD
290,E100290,2020-05-17,,126500,,New Hire,USD
291,E100291,2019-09-18,,38000,,New Hire,USD
292,E100292,2020-05-04,,45500,,New Hire,USD
293,E100293,2020-03-10,,40000,,New Hire,USD
294,E100294,2020-02-19,,60500,,New Hire,USD
295,E100295,2018-07-09,,34000,,New Hire,USD
296,E100296,2020-09-23,,45000,,New Hire,USD
297,E100297,2020-08-09,,70500,,New Hire,USD
298,E100298,2020-06-01,,46500,,New Hire,USD
299,E100299,2018-05-04,,35000,,New Hire,USD
300,E100300,2020-08-31,,133500,,New Hire,USD
301,E100301,2017-07-17,,63500,,New Hire,USD
302,E100302,2017-03-19,,159500,,New Hire,USD
303,E100303,2019-08-16,,42500,,New Hire,USD
304,E100304,2017-06-03,,96000,,New Hire,USD
305,E100305,2019-12-28,,33500,,New Hire,USD
306,E100306,2020-11-07,,183500,,New Hire,USD
307,E100307,2018-11-15,,125000,,New Hire,USD
308,E100308,2019-02-07,,101500,,New Hire,USD
309,E100309,2020-06-21,,32500,,New Hire,USD
310,E100310,2020-04-21,,74500,,New Hire,USD
311,E100311,2020-06-17,,128000,,New Hire,USD
312,E100312,2019-10-04,,54000,,New Hire,USD
313,E100313,2016-03-08,,55500,,New Hire,USD
314,E100314,2017-05-22,,137500,,New Hire,USD
315,E100315,2020-03-06,,130500,,New Hire,USD
316,E100316,2013-11-26,,137000,,New Hire,USD
317,E100317,2020-01-31,,128000,,New Hire,USD
318,E100318,2019-12-23,,189000,,New Hire,USD
319,E100319,2018-10-13,,149500,,New Hire,USD
320,E100320,2018-05-11,,31500,,New Hire,USD
321,E100321,2020-04-16,,180500,,New Hire,USD
322,E100322,2020-06-25,,33500,,New Hire,USD
323,E100323,2015-12-30,,67500,,New Hire,USD
324,E100324,2014-11-21,,45000,,New Hire,USD
325,E100325,2013-01-19,,143500,,New Hire,USD
326,E100326,2020-01-15,,71000,,New Hire,USD
327,E100327,2020-10-24,,68500,,New Hire,USD
328,E100328,2019-07-14,,49000,,New Hire,USD
329,E100329,2019-02-15,,34500,,New Hire,USD
330,E100330,2019-07-11,,67000,,New Hire,USD
331,E100331,2019-09-03,,60500,,New Hire,USD
332,E100332,2018-08-15,,51000,,New Hire,USD
333,E100333,2015-03-30,,158000,,New Hire,USD
334,E100334,2020-07-31,,70500,,New Hire,USD
335,E100335,2017-07-17,,28500,,New Hire,USD
336,E100336,2020-06-29,,18500,,New Hire,USD
337,E100337,2019-01-02,,72000,,New Hire,USD
338,E100338,2019-06-22,,47000,,New Hire,USD
339,E100339,2020-05-29,,21000,,New Hire,USD
340,E100340,2020-09-16,,80500,,New Hire,USD
341,E100341,2017-02-22,,49000,,New Hire,USD
342,E100342,2016-11-09,,68500,,New Hire,USD
343,E100343,2018-04-23,,100000,,New Hire,USD
344,E100344,2020-07-20,,68000,,New Hire,USD
345,E100345,2020-05-19,,79500,,New Hire,USD
346,E100346,2020-06-24,,71500,,New Hire,USD
347,E100347,2020-04-22,,46000,,New Hire,USD
348,E100348,2019-10-02,,59500,,New Hire,USD
349,E100349,2017-03-21,,82500,,New Hire,USD
350,E100350,2013-04-23,,83500,,New Hire,USD
351,E100351,2020-08-02,,112500,,New Hire,USD
352,E100352,2018-11-29,,60500,,New Hire,USD
353,E100353,2017-05-26,,119500,,New Hire,USD
354,E100354,2019-12-08,,65500,,New Hire,USD
355,E100355,2020-08-13,,123500,,New Hire,USD
356,E100356,2020-10-29,,69500,,New Hire,USD
357,E100357,2020-10-04,,73500,,New Hire,USD
358,E100358,2019-10-23,,21500,,New Hire,USD
359,E100359,2016-03-22,,85000,,New Hire,USD
360,E100360,2017-03-05,,34500,,New Hire,USD
361,E100361,2016-11-29,,87500,,New Hire,USD
362,E100362,2019-11-24,,70500,,New Hire,USD
363,E100363,2013-01-10,,61500,,New Hire,USD
364,E100364,2020-08-14,,50500,,New Hire,USD
365,E100365,2018-08-15,,112000,,New Hire,USD
366,E100366,2019-01-29,,24500,,New Hire,USD
367,E100367,2020-04-18,,72000,,New Hire,USD
368,E100368,2020-06-10,,80500,,New Hire,USD
369,E100369,2017-12-07,,34000,,New Hire,USD
370,E100370,2020-08-20,,35500,,New Hire,USD
371,E100371,2018-05-18,,42500,,New Hire,USD
372,E100372,2017-02-26,,50000,,New Hire,USD
373,E100373,2020-10-25,,142000,,New Hire,USD
374,E100374,2019-10-11,,41500,,New Hire,USD
375,E100375,2017-09-05,,18000,,New Hire,USD
376,E100376,2016-11-16,,87000,,New Hire,USD
377,E100377,2017-10-13,,65000,,New Hire,USD
378,E100378,2020-11-26,,71000,,New Hire,USD
379,E100379,2020-05-06,,33000,,New Hire,USD
380,E100380,2019-02-10,,42500,,New Hire,USD
381,E100381,2020-03-28,,58000,,New Hire,USD
382,E100382,2020-06-18,,74000,,New Hire,USD
383,E100383,2020-01-30,,43000,,New Hire,USD
384,E100384,2020-01-13,,44500,,New Hire,USD
385,E100385,2019-04-03,,51500,,New Hire,USD
386,E100386,2019-05-03,,94000,,New Hire,USD
387,E100387,2018-06-25,,43500,,New Hire,USD
388,E100388,2018-02-14,,79000,,New Hire,USD
389,E100389,2020-10-02,,57500,,New Hire,USD
390,E100390,2019-06-28,,74500,,New Hire,USD
391,E100391,2020-01-03,,52000,,New Hire,USD
392,E100392,2017-10-21,,105500,,New Hire,USD
393,E100393,2020-05-14,,45000,,New Hire,USD
394,E100394,2019-09-07,,29500,,New Hire,USD
395,E100395,2017-04-22,,112500,,New Hire,USD
396,E100396,2018-02-01,,52000,,New Hire,USD
397,E100397,2019-04-18,,44000,,New Hire,USD
398,E100398,2014-10-31,,149000,,New Hire,USD
399,E100399,2020-09-17,,81000,,New Hire,USD
400,E100400,2019-07-24,,81000,,New Hire,USD
401,E100401,2018-12-28,,96500,,New Hire,USD
402,E100402,2018-10-22,,101000,,New Hire,USD
403,E100403,2019-02-20,,40500,,New Hire,USD
404,E100404,2020-07-22,,36000,,New Hire,USD
405,E100405,2020-08-28,,53000,,New Hire,USD
406,E100406,2020-11-26,,34500,,New Hire,USD
407,E100407,2020-08-05,,43000,,New Hire,USD
408,E100408,2020-12-29,,68000,,New Hire,USD
409,E100409,2020-10-10,,138500,,New Hire,USD
410,E100410,2019-04-06,,51000,,New Hire,USD
411,E100411,2016-06-10,,99000,,New Hire,USD
412,E100412,2017-06-01,,113500,,New Hire,USD
413,E100413,2013-12-16,,56000,,New Hire,USD
414,E100414,2019-02-13,,44000,,New Hire,USD
415,E100415,2017-09-02,,104000,,New Hire,USD
416,E100416,2019-10-23,,53000,,New Hire,USD
417,E100417,2020-07-31,,63500,,New Hire,USD
418,E100418,2019-02-10,,127000,,New Hire,USD
419,E100419,2020-04-25,,33500,,New Hire,USD
420,E100420,2019-05-26,,42500,,New Hire,USD
421,E100421,2015-01-24,,48500,,New Hire,USD
422,E100422,2020-04-04,,94000,,New Hire,USD
423,E100423,2019-06-24,,75000,,New Hire,USD
424,E100424,2020-03-17,,37500,,New Hire,USD
425,E100425,2019-06-17,,39000,,New Hire,USD
426,E100426,2019-12-27,,30500,,New Hire,USD
427,E100427,2019-07-16,,39500,,New Hire,USD
428,E100428,2018-06-05,,118500,,New Hire,USD
429,E100429,2017-06-09,,127500,,New Hire,USD
430,E100430,2020-09-10,,30000,,New Hire,USD
431,E100431,2019-08-02,,75000,,New Hire,USD
432,E100432,2017-02-14,,143500,,New Hire,USD
433,E100433,2019-11-08,,89500,,New Hire,USD
434,E100434,2019-11-27,,43500,,New Hire,USD
435,E100435,2019-09-23,,81500,,New Hire,USD
436,E100436,2020-07-10,,76500,,New Hire,USD
437,E100437,2019-01-04,,111000,,New Hire,USD
438,E100438,2020-08-07,,41500,,New Hire,USD
439,E100439,2019-12-21,,68000,,New Hire,USD
440,E100440,2016-07-31,,18500,,New Hire,USD
441,E100441,2019-04-21,,51000,,New Hire,USD
442,E100442,2020-03-12,,34000,,New Hire,USD
443,E100443,2019-07-06,,37000,,New Hire,USD
444,E100444,2020-11-04,,126500,,New Hire,USD
445,E100445,2020-08-06,,91000,,New Hire,USD
446,E100446,2020-08-15,,68000,,New Hire,USD
447,E100447,2019-04-06,,36500,,New Hire,USD
448,E100448,2020-09-01,,88000,,New Hire,USD
449,E100449,2020-08-28,,55500,,New Hire,USD
450,E100450,2017-04-19,,63500,,New Hire,USD
451,E100451,2020-01-06,,86000,,New Hire,USD
452,E100452,2020-11-16,,64000,,New Hire,USD
453,E100453,2020-12-28,,55000,,New Hire,USD
454,E100454,2020-07-11,,16500,,New Hire,USD
455,E100455,2019-01-01,,76500,,New Hire,USD
456,E100456,2019-09-17,,52500,,New Hire,USD
457,E100457,2016-11-07,,33500,,New Hire,USD
458,E100458,2018-07-16,,26500,,New Hire,USD
459,E100459,2020-03-30,,46500,,New Hire,USD
460,E100460,2020-06-30,,44000,,New Hire,USD
461,E100461,2018-02-11,,88500,,New Hire,USD
462,E100462,2019-01-02,,46000,,New Hire,USD
463,E100463,2020-07-24,,59000,,New Hire,USD
464,E100464,2016-09-16,,118000,,New Hire,USD
465,E100465,2020-03-18,,62000,,New Hire,USD
466,E100466,2019-01-13,,50000,,New Hire,USD
467,E100467,2020-07-09,,79500,,New Hire,USD
468,E100468,2015-05-17,,65000,,New Hire,USD
469,E100469,2019-07-18,,54000,,New Hire,USD
470,E100470,2020-05-26,,42500,,New Hire,USD
471,E100471,2020-11-25,,35500,,New Hire,USD
472,E100472,2020-10-03,,108000,,New Hire,USD
473,E100473,2017-11-19,,87000,,New Hire,USD
474,E100474,2019-05-31,,55000,,New Hire,USD
475,E100475,2019-02-13,,66000,,New Hire,USD
476,E100476,2020-07-04,,69500,,New Hire,USD
477,E100477,2018-11-23,,47500,,New Hire,USD
478,E100478,2020-12-04,,42500,,New Hire,USD
479,E100479,2017-12-10,,161000,,New Hire,USD
480,E100480,2017-06-26,,142000,,New Hire,USD
481,E100481,2013-02-03,,31000,,New Hire,USD
482,E100482,2018-01-08,,50500,,New Hire,USD
483,E100483,2019-01-29,,184000,,New Hire,USD
484,E100484,2018-08-15,,51000,,New Hire,USD
485,E100485,2017-06-27,,137500,,New Hire,USD
486,E100486,2017-02-24,,127000,,New Hire,USD
487,E100487,2020-07-14,,56500,,New Hire,USD
488,E100488,2019-07-18,,27000,,New Hire,USD
489,E100489,2020-04-10,,45500,,New Hire,USD
490,E100490,2016-01-30,,47000,,New Hire,USD
491,E100491,2015-04-01,,129500,,New Hire,USD
492,E100492,2019-02-07,,50000,,New Hire,USD
493,E100493,2013-07-12,,155000,,New Hire,USD
494,E100494,2013-03-22,,62500,,New Hire,USD
495,E100495,2018-12-21,,56500,,New Hire,USD
496,E100496,2017-08-27,,48000,,New Hire,USD
497,E100497,2020-05-04,,58000,,New Hire,USD
498,E100498,2019-01-29,,61000,,New Hire,USD
499,E100499,2014-01-09,,85000,,New Hire,USD
500,E100500,2019-12-06,,69000,,New Hire,USD
501,E100501,2019-09-17,,63000,,New Hire,USD
502,E100502,2018-01-16,,28000,,New Hire,USD
503,E100503,2020-01-24,,101000,,New Hire,USD
504,E100504,2019-11-30,,147000,,New Hire,USD
505,E100505,2017-09-11,,67500,,New Hire,USD
506,E100506,2018-05-28,,150000,,New Hire,USD
507,E100507,2020-06-11,,148500,,New Hire,USD
508,E100508,2018-10-22,,68500,,New Hire,USD
509,E100509,2020-05-07,,73000,,New Hire,USD
510,E100510,2019-02-09,,100000,,New Hire,USD
511,E100511,2019-04-09,,79000,,New Hire,USD
512,E100512,2017-02-16,,149500,,New Hire,USD
513,E100513,2017-01-15,,174500,,New Hire,USD
514,E100514,2020-12-12,,60500,,New Hire,USD
515,E100515,2015-08-30,,118500,,New Hire,USD
516,E100516,2018-10-01,,69500,,New Hire,USD
517,E100517,2020-04-26,,95500,,New Hire,USD
518,E100518,2018-07-24,,184000,,New Hire,USD
519,E100519,2020-10-07,,85000,,New Hire,USD
520,E100520,2020-07-18,,80000,,New Hire,USD
521,E100521,2020-02-19,,114000,,New Hire,USD
522,E100522,2020-09-12,,57500,,New Hire,USD
523,E100523,2018-11-20,,188500,,New Hire,USD
524,E100524,2020-08-08,,113000,,New Hire,USD
525,E100525,2019-06-24,,172500,,New Hire,USD
526,E100526,2019-11-11,,135500,,New Hire,USD
527,E100527,2016-01-11,,75500,,New Hire,USD
528,E100528,2020-08-30,,64500,,New Hire,USD
529,E100529,2020-08-08,,68000,,New Hire,USD
530,E100530,2019-09-01,,171000,,New Hire,USD
531,E100531,2020-05-22,,177000,,New Hire,USD
532,E100532,2014-12-13,,176500,,New Hire,USD
533,E100533,2018-10-19,,105000,,New Hire,USD
534,E100534,2020-10-02,,34000,,New Hire,USD
535,E100535,2013-08-07,,143000,,New Hire,USD
536,E100536,2020-10-19,,82500,,New Hire,USD
537,E100537,2020-11-04,,75500,,New Hire,USD
538,E100538,2020-01-07,,116500,,New Hire,USD
539,E100539,2017-07-03,,45000,,New Hire,USD
540,E100540,2020-05-30,,30500,,New Hire,USD
541,E100541,2019-11-09,,142500,,New Hire,USD
542,E100542,2020-06-02,,154500,,New Hire,USD
543,E100543,2016-07-25,,104500,,New Hire,USD
544,E100544,2015-07-15,,164000,,New Hire,USD
545,E100545,2015-08-02,,115000,,New Hire,USD
546,E100546,2017-09-10,,126500,,New Hire,USD
547,E100547,2013-02-14,,107500,,New Hire,USD
548,E100548,2016-02-06,,70000,,New Hire,USD
549,E100549,2019-11-03,,63500,,New Hire,USD
550,E100550,2018-11-11,,71500,,New Hire,USD
551,E100551,2019-07-20,,80500,,New Hire,USD
552,E100552,2020-08-24,,103000,,New Hire,USD
553,E100553,2019-08-26,,81000,,New Hire,USD
554,E100554,2018-11-30,,46500,,New Hire,USD
555,E100555,2013-03-08,,120500,,New Hire,USD
556,E100556,2020-10-10,,53000,,New Hire,USD
557,E100557,2018-10-05,,60000,,New Hire,USD
558,E100558,2019-06-15,,120000,,New Hire,USD
559,E100559,2019-08-07,,35500,,New Hire,USD
560,E100560,2020-02-10,,52500,,New Hire,USD
561,E100561,2020-02-23,,63000,,New Hire,USD
562,E100562,2020-06-30,,133000,,New Hire,USD
563,E100563,2020-11-19,,96500,,New Hire,USD
564,E100564,2020-10-25,,52500,,New Hire,USD
565,E100565,2018-08-21,,89000,,New Hire,USD
566,E100566,2017-11-24,,132000,,New Hire,USD
567,E100567,2020-10-01,,39000,,New Hire,USD
568,E100568,2020-11-10,,61000,,New Hire,USD
569,E100569,2020-05-16,,65500,,New Hire,USD
570,E100570,2020-08-04,,45000,,New Hire,USD
571,E100571,2017-08-04,,84500,,New Hire,USD
572,E100572,2016-12-10,,67000,,New Hire,USD
573,E100573,2020-05-06,,62000,,New Hire,USD
574,E100574,2020-01-01,,78500,,New Hire,USD
575,E100575,2020-09-20,,33500,,New Hire,USD
576,E100576,2018-09-09,,46000,,New Hire,USD
577,E100577,2018-03-15,,42000,,New Hire,USD
578,E100578,2020-06-21,,24500,,New Hire,USD
579,E100579,2020-01-21,,98000,,New Hire,USD
580,E100580,2019-03-09,,129500,,New Hire,USD
581,E100581,2020-08-31,,62500,,New Hire,USD
582,E100582,2019-09-20,,26500,,New Hire,USD
583,E100583,2020-01-07,,88500,,New Hire,USD
584,E100584,2019-06-09,,85000,,New Hire,USD
585,E100585,2019-04-22,,71500,,New Hire,USD
586,E100586,2017-03-05,,107500,,New Hire,USD
587,E100587,2015-06-05,,79500,,New Hire,USD
588,E100588,2019-01-31,,77500,,New Hire,USD
589,E100589,2020-06-27,,26500,,New Hire,USD
590,E100590,2018-01-07,,69500,,New Hire,USD
591,E100591,2019-06-27,,67500,,New Hire,USD
592,E100592,2020-03-04,,110500,,New Hire,USD
593,E100593,2019-12-07,,23000,,New Hire,USD
594,E100594,2017-10-19,,73500,,New Hire,USD
595,E100595,2019-03-27,,53500,,New Hire,USD
596,E100596,2019-03-29,,43000,,New Hire,USD
597,E100597,2020-11-29,,71500,,New Hire,USD
598,E100598,2017-10-21,,74000,,New Hire,USD
599,E100599,2019-05-09,,57000,,New Hire,USD
600,E100600,2020-03-22,,67000,,New Hire,USD
601,E100601,2019-08-04,,55000,,New Hire,USD
602,E100602,2020-06-02,,22500,,New Hire,USD
603,E100603,2020-12-12,,57500,,New Hire,USD
604,E100604,2017-05-29,,50500,,New Hire,USD
605,E100605,2020-02-10,,137000,,New Hire,USD
606,E100606,2019-03-14,,62500,,New Hire,USD
607,E100607,2015-06-13,,68000,,New Hire,USD
608,E100608,2017-07-25,,120000,,New Hire,USD
609,E100609,2015-06-05,,157500,,New Hire,USD
610,E100610,2020-03-11,,25000,,New Hire,USD
611,E100611,2020-09-27,,63000,,New Hire,USD
612,E100612,2020-09-04,,128000,,New Hire,USD
613,E100613,2017-11-24,,151500,,New Hire,USD
614,E100614,2016-08-06,,114500,,New Hire,USD
615,E100615,2019-02-19,,66500,,New Hire,USD
616,E100616,2017-05-18,,62500,,New Hire,USD
617,E100617,2016-08-10,,104000,,New Hire,USD
618,E100618,2020-01-14,,58500,,New Hire,USD
619,E100619,2015-02-27,,115500,,New Hire,USD
620,E100620,2020-03-31,,53000,,New Hire,USD
621,E100621,2013-11-01,,144500,,New Hire,USD
622,E100622,2020-09-27,,57000,,New Hire,USD
623,E100623,2020-04-04,,109500,,New Hire,USD
624,E100624,2015-10-23,,52000,,New Hire,USD
625,E100625,2019-10-08,,30500,,New Hire,USD
626,E100626,2016-06-07,,26000,,New Hire,USD
627,E100627,2019-08-14,,65000,,New Hire,USD
628,E100628,2017-06-19,,132500,,New Hire,USD
629,E100629,2019-07-30,,62000,,New Hire,USD
630,E100630,2020-06-22,,159000,,New Hire,USD
631,E100631,2020-08-15,,23500,,New Hire,USD
632,E100632,2017-08-29,,43500,,New Hire,USD
633,E100633,2014-01-16,,40000,,New Hire,USD
634,E100634,2020-02-02,,47500,,New Hire,USD
635,E100635,2020-02-25,,60000,,New Hire,USD
636,E100636,2016-01-08,,141000,,New Hire,USD
637,E100637,2020-05-02,,50000,,New Hire,USD
638,E100638,2020-08-02,,30000,,New Hire,USD
639,E100639,2018-11-25,,53000,,New Hire,USD
640,E100640,2019-08-02,,25500,,New Hire,USD
641,E100641,2021-02-28,,24000,,New Hire,USD
642,E100642,2021-02-09,,59500,,New Hire,USD
643,E100643,2021-02-21,,30500,,New Hire,USD
644,E100644,2021-02-02,,118000,,New Hire,USD
645,E100645,2021-02-16,,84500,,New Hire,USD
646,E100646,2021-02-24,,131000,,New Hire,USD
647,E100647,2021-02-14,,80000,,New Hire,USD
648,E100648,2021-03-15,,33500,,New Hire,USD
649,E100649,2021-03-01,,39500,,New Hire,USD
650,E100650,2021-03-14,,70000,,New Hire,USD
651,E100651,2021-03-03,,107500,,New Hire,USD
652,E100652,2021-03-07,,48000,,New Hire,USD
653,E100653,2021-04-06,,111500,,New Hire,USD
654,E100654,2021-04-24,,64500,,New Hire,USD
655,E100655,2021-04-19,,74000,,New Hire,USD
656,E100656,2021-04-25,,32500,,New Hire,USD
657,E100657,2021-04-24,,120000,,New Hire,USD
658,E100658,2021-04-24,,106000,,New Hire,USD
659,E100659,2021-04-06,,51000,,New Hire,USD
660,E100660,2021-05-23,,73500,,New Hire,USD
661,E100661,2021-05-23,,69500,,New Hire,USD
662,E100662,2021-05-03,,39500,,New Hire,USD
663,E100663,2021-05-26,,71000,,New Hire,USD
664,E100664,2021-05-02,,48500,,New Hire,USD
665,E100665,2021-05-21,,47500,,New Hire,USD
666,E100666,2021-05-25,,52500,,New Hire,USD
667,E100667,2021-06-28,,77000,,New Hire,USD
668,E100668,2021-06-21,,41000,,New Hire,USD
669,E100669,2021-06-16,,71500,,New Hire,USD
670,E100670,2021-06-12,,137000,,New Hire,USD
671,E100671,2021-06-01,,68500,,New Hire,USD
672,E100672,2021-06-14,,54500,,New Hire,USD
673,E100673,2021-06-05,,26000,,New Hire,USD
674,E100674,2021-06-02,,37000,,New Hire,USD
675,E100675,2021-07-18,,55500,,New Hire,USD
676,E100676,2021-07-20,,96000,,New Hire,USD
677,E100677,2021-07-19,,22000,,New Hire,USD
678,E100678,2021-07-04,,46000,,New Hire,USD
679,E100679,2021-07-26,,106500,,New Hire,USD
680,E100680,2021-07-20,,30500,,New Hire,USD
681,E100681,2021-07-11,,135500,,New Hire,USD
682,E100682,2021-08-08,,116500,,New Hire,USD
683,E100683,2021-08-08,,134500,,New Hire,USD
684,E100684,2021-08-14,,126500,,New Hire,USD
685,E100685,2021-08-04,,55000,,New Hire,USD
686,E100686,2021-08-25,,78500,,New Hire,USD
687,E100687,2021-08-06,,16500,,New Hire,USD
688,E100688,2021-08-27,,17500,,New Hire,USD
689,E100689,2021-08-01,,62000,,New Hire,USD
690,E100690,2021-08-16,,108000,,New Hire,USD
691,E100691,2021-09-07,,69000,,New Hire,USD
692,E100692,2021-09-26,,112000,,New Hire,USD
693,E100693,2021-09-21,,49500,,New Hire,USD
694,E100694,2021-09-01,,78000,,New Hire,USD
695,E100695,2021-09-01,,143000,,New Hire,USD
696,E100696,2021-09-15,,147000,,New Hire,USD
697,E100697,2021-09-08,,33000,,New Hire,USD
698,E100698,2021-09-23,,178500,,New Hire,USD
699,E100699,2021-09-08,,107500,,New Hire,USD
700,E100700,2021-09-18,,95000,,New Hire,USD
701,E100701,2021-09-17,,63000,,New Hire,USD
702,E100702,2021-09-15,,61000,,New Hire,USD
703,E100703,2021-09-01,,112000,,New Hire,USD
704,E100704,2021-09-14,,126500,,New Hire,USD
705,E100705,2021-09-04,,48000,,New Hire,USD
706,E100706,2021-10-20,,63500,,New Hire,USD
707,E100707,2021-10-16,,48500,,New Hire,USD
708,E100708,2021-10-01,,34500,,New Hire,USD
709,E100709,2021-10-26,,121500,,New Hire,USD
710,E100710,2021-11-04,,80500,,New Hire,USD
711,E100711,2021-11-07,,127000,,New Hire,USD
712,E100712,2021-11-28,,21000,,New Hire,USD
713,E100713,2021-11-16,,112500,,New Hire,USD
714,E100714,2021-11-28,,39000,,New Hire,USD
715,E100715,2021-11-16,,48000,,New Hire,USD
716,E100716,2021-11-06,,53500,,New Hire,USD
717,E100717,2021-11-04,,77500,,New Hire,USD
718,E100718,2021-12-25,,85000,,New Hire,USD
719,E100719,2021-12-01,,82500,,New Hire,USD
720,E100720,2021-12-13,,82500,,New Hire,USD
721,E100721,2021-12-24,,36000,,New Hire,USD
722,E100722,2021-12-27,,21000,,New Hire,USD
723,E100723,2021-12-03,,54000,,New Hire,USD
724,E100724,2021-12-14,,40500,,New Hire,USD
725,E100725,2021-12-14,,67000,,New Hire,USD
726,E100726,2021-12-20,,109000,,New Hire,USD
727,E100727,2021-12-18,,57500,,New Hire,USD
728,E100728,2021-12-03,,123000,,New Hire,USD
729,E100729,2021-12-27,,61000,,New Hire,USD
730,E100730,2021-12-02,,60500,,New Hire,USD
731,E100731,2022-01-07,,50000,,New Hire,USD
732,E100732,2022-01-20,,93500,,New Hire,USD
733,E100733,2022-01-08,,82500,,New Hire,USD
734,E100734,2022-01-07,,53000,,New Hire,USD
735,E100735,2022-01-15,,82000,,New Hire,USD
736,E100736,2022-01-17,,65500,,New Hire,USD
737,E100737,2022-01-06,,176000,,New Hire,USD
738,E100738,2022-01-13,,43500,,New Hire,USD
739,E100739,2022-01-10,,56000,,New Hire,USD
740,E100740,2022-01-14,,59500,,New Hire,USD
741,E100741,2022-01-26,,58000,,New Hire,USD
742,E100742,2022-01-05,,71000,,New Hire,USD
743,E100743,2022-01-17,,50000,,New Hire,USD
744,E100744,2022-01-16,,122500,,New Hire,USD
745,E100745,2022-01-12,,57500,,New Hire,USD
746,E100746,2022-01-12,,115500,,New Hire,USD
747,E100747,2022-01-14,,24500,,New Hire,USD
748,E100748,2022-01-12,,51500,,New Hire,USD
749,E100749,2022-01-14,,49500,,New Hire,USD
750,E100750,2022-01-23,,45000,,New Hire,USD
751,E100751,2022-01-15,,26000,,New Hire,USD
752,E100752,2022-01-18,,146000,,New Hire,USD
753,E100753,2022-01-25,,51000,,New Hire,USD
754,E100754,2022-02-06,,21000,,New Hire,USD
755,E100755,2022-02-05,,98500,,New Hire,USD
756,E100756,2022-02-07,,145500,,New Hire,USD
757,E100757,2022-02-28,,110000,,New Hire,USD
758,E100758,2022-02-07,,109000,,New Hire,USD
759,E100759,2022-02-02,,108000,,New Hire,USD
760,E100760,2022-02-14,,46000,,New Hire,USD
761,E100761,2022-02-08,,60000,,New Hire,USD
762,E100762,2022-03-03,,73500,,New Hire,USD
763,E100763,2022-03-15,,43000,,New Hire,USD
764,E100764,2022-03-28,,113000,,New Hire,USD
765,E100765,2022-03-20,,99000,,New Hire,USD
766,E100766,2022-03-04,,99000,,New Hire,USD
767,E100767,2022-04-23,,46000,,New Hire,USD
768,E100768,2022-04-13,,58000,,New Hire,USD
769,E100769,2022-04-28,,59000,,New Hire,USD
770,E100770,2022-04-11,,44000,,New Hire,USD
771,E100771,2022-04-24,,40500,,New Hire,USD
772,E100772,2022-04-13,,62500,,New Hire,USD
773,E100773,2022-05-19,,133500,,New Hire,USD
774,E100774,2022-05-10,,54000,,New Hire,USD
775,E100775,2022-05-20,,67000,,New Hire,USD
776,E100776,2022-05-23,,80000,,New Hire,USD
777,E100777,2022-05-08,,71500,,New Hire,USD
778,E100778,2022-05-24,,101500,,New Hire,USD
779,E100779,2022-05-18,,67500,,New Hire,USD
780,E100780,2022-06-05,,159000,,New Hire,USD
781,E100781,2022-06-18,,36000,,New Hire,USD
782,E100782,2022-06-20,,26000,,New Hire,USD
783,E100783,2022-06-24,,65500,,New Hire,USD
784,E100784,2022-06-08,,20500,,New Hire,USD
785,E100785,2022-06-14,,93500,,New Hire,USD
786,E100786,2022-06-14,,46000,,New Hire,USD
787,E100787,2022-06-23,,39000,,New Hire,USD
788,E100788,2022-06-10,,49500,,New Hire,USD
789,E100789,2022-06-27,,63500,,New Hire,USD
790,E100790,2022-07-13,,27500,,New Hire,USD
791,E100791,2022-07-09,,65000,,New Hire,USD
792,E100792,2022-07-06,,44000,,New Hire,USD
793,E100793,2022-07-09,,30000,,New Hire,USD
794,E100794,2022-07-04,,53000,,New Hire,USD
795,E100795,2022-07-25,,52000,,New Hire,USD
796,E100796,2022-07-02,,134500,,New Hire,USD
797,E100797,2022-07-19,,44500,,New Hire,USD
798,E100798,2022-07-18,,27500,,New Hire,USD
799,E100799,2022-07-08,,51500,,New Hire,USD
800,E100800,2022-08-04,,66500,,New Hire,USD
801,E100801,2022-08-06,,30000,,New Hire,USD
802,E100802,2022-08-28,,38500,,New Hire,USD
803,E100803,2022-08-03,,38000,,New Hire,USD
804,E100804,2022-08-10,,38000,,New Hire,USD
805,E100805,2022-08-10,,67500,,New Hire,USD
806,E100806,2022-08-16,,132500,,New Hire,USD
807,E100807,2022-08-15,,39500,,New Hire,USD
808,E100808,2022-08-15,,36000,,New Hire,USD
809,E100809,2022-08-14,,34000,,New Hire,USD
810,E100810,2022-09-24,,75500,,New Hire,USD
811,E100811,2022-09-24,,54500,,New Hire,USD
812,E100812,2022-09-04,,154000,,New Hire,USD
813,E100813,2022-09-27,,162000,,New Hire,USD
814,E100814,2022-09-01,,171000,,New Hire,USD
815,E100815,2022-09-20,,189500,,New Hire,USD
816,E100816,2022-09-02,,70500,,New Hire,USD
817,E100817,2022-09-03,,72000,,New Hire,USD
818,E100818,2022-09-22,,42500,,New Hire,USD
819,E100819,2022-09-15,,93000,,New Hire,USD
820,E100820,2022-09-09,,92000,,New Hire,USD
821,E100821,2022-09-01,,191000,,New Hire,USD
822,E100822,2022-09-18,,42000,,New Hire,USD
823,E100823,2022-09-06,,57500,,New Hire,USD
824,E100824,2022-10-27,,78000,,New Hire,USD
825,E100825,2022-10-13,,51500,,New Hire,USD
826,E100826,2022-10-15,,74000,,New Hire,USD
827,E100827,2022-10-24,,40000,,New Hire,USD
828,E100828,2022-10-06,,39500,,New Hire,USD
829,E100829,2022-10-27,,41500,,New Hire,USD
830,E100830,2022-10-06,,96500,,New Hire,USD
831,E100831,2022-11-03,,73000,,New Hire,USD
832,E100832,2022-11-06,,74500,,New Hire,USD
833,E100833,2022-11-20,,55000,,New Hire,USD
834,E100834,2022-11-14,,87500,,New Hire,USD
835,E100835,2022-11-14,,23500,,New Hire,USD
836,E100836,2022-11-26,,58000,,New Hire,USD
837,E100837,2022-11-18,,46500,,New Hire,USD
838,E100838,2022-12-25,,56000,,New Hire,USD
839,E100839,2022-12-21,,65500,,New Hire,USD
840,E100840,2022-12-07,,44000,,New Hire,USD
841,E100841,2022-12-27,,50000,,New Hire,USD
842,E100842,2022-12-28,,51500,,New Hire,USD
843,E100843,2022-12-11,,91500,,New Hire,USD
844,E100844,2022-12-26,,111500,,New Hire,USD
845,E100845,2023-01-24,,39000,,New Hire,USD
846,E100846,2023-01-07,,174500,,New Hire,USD
847,E100847,2023-01-20,,139000,,New Hire,USD
848,E100848,2023-01-15,,174500,,New Hire,USD
849,E100849,2023-01-16,,49000,,New Hire,USD
850,E100850,2023-01-24,,40500,,New Hire,USD
851,E100851,2023-01-04,,62500,,New Hire,USD
852,E100852,2023-01-28,,31500,,New Hire,USD
853,E100853,2023-01-06,,24000,,New Hire,USD
854,E100854,2023-01-19,,40500,,New Hire,USD
855,E100855,2023-01-25,,78500,,New Hire,USD
856,E100856,2023-01-04,,129000,,New Hire,USD
857,E100857,2023-01-14,,68500,,New Hire,USD
858,E100858,2023-01-16,,76500,,New Hire,USD
859,E100859,2023-02-27,,105000,,New Hire,USD
860,E100860,2023-02-20,,115000,,New Hire,USD
861,E100861,2023-02-11,,76000,,New Hire,USD
862,E100862,2023-02-19,,72500,,New Hire,USD
863,E100863,2023-02-22,,50000,,New Hire,USD
864,E100864,2023-02-03,,35000,,New Hire,USD
865,E100865,2023-02-16,,43500,,New Hire,USD
866,E100866,2023-02-21,,57500,,New Hire,USD
867,E100867,2023-02-28,,62500,,New Hire,USD
868,E100868,2023-02-11,,34500,,New Hire,USD
869,E100869,2023-02-22,,113000,,New Hire,USD
870,E100870,2023-03-07,,105500,,New Hire,USD
871,E100871,2023-03-18,,88000,,New Hire,USD
872,E100872,2023-03-02,,36500,,New Hire,USD
873,E100873,2023-03-27,,27500,,New Hire,USD
874,E100874,2023-03-03,,35000,,New Hire,USD
875,E100875,2023-03-07,,25500,,New Hire,USD
876,E100876,2023-04-27,,24500,,New Hire,USD
877,E100877,2023-04-14,,114000,,New Hire,USD
878,E100878,2023-04-20,,51000,,New Hire,USD
879,E100879,2023-04-01,,64500,,New Hire,USD
880,E100880,2023-04-14,,81500,,New Hire,USD
881,E100881,2023-04-18,,41500,,New Hire,USD
882,E100882,2023-04-25,,74000,,New Hire,USD
883,E100883,2023-04-20,,191000,,New Hire,USD
884,E100884,2023-04-24,,106000,,New Hire,USD
885,E100885,2023-04-07,,175500,,New Hire,USD
886,E100886,2023-05-26,,70500,,New Hire,USD
887,E100887,2023-05-01,,79500,,New Hire,USD
888,E100888,2023-05-22,,78000,,New Hire,USD
889,E100889,2023-05-05,,17500,,New Hire,USD
890,E100890,2023-05-02,,90000,,New Hire,USD
891,E100891,2023-05-25,,118500,,New Hire,USD
892,E100892,2023-05-19,,37000,,New Hire,USD
893,E100893,2023-05-15,,27000,,New Hire,USD
894,E100894,2023-05-24,,23000,,New Hire,USD
895,E100895,2023-05-01,,38500,,New Hire,USD
896,E100896,2023-05-03,,59000,,New Hire,USD
897,E100897,2023-05-16,,39500,,New Hire,USD
898,E100898,2023-05-01,,180000,,New Hire,USD
899,E100899,2023-06-26,,65500,,New Hire,USD
900,E100900,2023-06-28,,66500,,New Hire,USD
901,E100901,2023-06-05,,43000,,New Hire,USD
902,E100902,2023-06-21,,34000,,New Hire,USD
903,E100903,2023-06-28,,130000,,New Hire,USD
904,E100904,2023-06-13,,89500,,New Hire,USD
905,E100905,2023-06-24,,82500,,New Hire,USD
906,E100906,2023-06-25,,56500,,New Hire,USD
907,E100907,2023-06-01,,79000,,New Hire,USD
908,E100908,2023-06-14,,19500,,New Hire,USD
909,E100909,2023-06-18,,19000,,New Hire,USD
910,E100910,2023-06-06,,56500,,New Hire,USD
911,E100911,2023-06-17,,122500,,New Hire,USD
912,E100912,2023-06-23,,57500,,New Hire,USD
913,E100913,2023-06-05,,40000,,New Hire,USD
914,E100914,2023-07-08,,34000,,New Hire,USD
915,E100915,2023-07-24,,44000,,New Hire,USD
916,E100916,2023-07-26,,59000,,New Hire,USD
917,E100917,2023-07-12,,74500,,New Hire,USD
918,E100918,2023-07-27,,96500,,New Hire,USD
919,E100919,2023-07-24,,23500,,New Hire,USD
920,E100920,2023-08-18,,75500,,New Hire,USD
921,E100921,2023-08-12,,85000,,New Hire,USD
922,E100922,2023-08-05,,60500,,New Hire,USD
923,E100923,2023-08-02,,33500,,New Hire,USD
924,E100924,2023-08-25,,62500,,New Hire,USD
925,E100925,2023-08-19,,70000,,New Hire,USD
926,E100926,2023-08-21,,15000,,New Hire,USD
927,E100927,2023-08-19,,79000,,New Hire,USD
928,E100928,2023-08-17,,29000,,New Hire,USD
929,E100929,2023-08-13,,65000,,New Hire,USD
930,E100930,2023-08-23,,64000,,New Hire,USD
931,E100931,2023-09-05,,38000,,New Hire,USD
932,E100932,2023-09-03,,51500,,New Hire,USD
933,E100933,2023-09-01,,53500,,New Hire,USD
934,E100934,2023-09-25,,89000,,New Hire,USD
935,E100935,2023-09-26,,93500,,New Hire,USD
936,E100936,2023-09-12,,71000,,New Hire,USD
937,E100937,2023-09-21,,72000,,New Hire,USD
938,E100938,2023-09-01,,42000,,New Hire,USD
939,E100939,2023-09-21,,85500,,New Hire,USD
940,E100940,2023-09-14,,30500,,New Hire,USD
941,E100941,2023-09-14,,50000,,New Hire,USD
942,E100942,2023-09-22,,33500,,New Hire,USD
943,E100943,2023-09-15,,40000,,New Hire,USD
944,E100944,2023-09-27,,39500,,New Hire,USD
945,E100945,2023-09-22,,109500,,New Hire,USD
946,E100946,2023-09-22,,59000,,New Hire,USD
947,E100947,2023-09-05,,79000,,New Hire,USD
948,E100948,2023-09-20,,84500,,New Hire,USD
949,E100949,2023-09-11,,68500,,New Hire,USD
950,E100950,2023-09-02,,79500,,New Hire,USD
951,E100951,2023-10-06,,63500,,New Hire,USD
952,E100952,2023-10-20,,93000,,New Hire,USD
953,E100953,2023-10-02,,78000,,New Hire,USD
954,E100954,2023-10-16,,45500,,New Hire,USD
955,E100955,2023-10-06,,40500,,New Hire,USD
956,E100956,2023-10-25,,20000,,New Hire,USD
957,E100957,2023-10-10,,34000,,New Hire,USD
958,E100958,2023-10-22,,149000,,New Hire,USD
959,E100959,2023-11-27,,41000,,New Hire,USD
960,E100960,2023-11-25,,69000,,New Hire,USD
961,E100961,2023-11-09,,37500,,New Hire,USD
962,E100962,2023-11-10,,18500,,New Hire,USD
963,E100963,2023-11-17,,125500,,New Hire,USD
964,E100964,2023-11-26,,42000,,New Hire,USD
965,E100965,2023-11-24,,36000,,New Hire,USD
966,E100966,2023-12-26,,35000,,New Hire,USD
967,E100967,2023-12-26,,65000,,New Hire,USD
968,E100968,2023-12-07,,19500,,New Hire,USD
969,E100969,2023-12-16,,108500,,New Hire,USD
970,E100970,2023-12-02,,95000,,New Hire,USD
971,E100971,2023-12-14,,58000,,New Hire,USD
972,E100972,2024-01-14,,72500,,New Hire,USD
973,E100973,2024-01-08,,60500,,New Hire,USD
974,E100974,2024-01-19,,30500,,New Hire,USD
975,E100975,2024-01-09,,78000,,New Hire,USD
976,E100976,2024-01-08,,82500,,New Hire,USD
977,E100977,2024-01-18,,68500,,New Hire,USD
978,E100978,2024-01-15,,99000,,New Hire,USD
979,E100979,2024-01-28,,56000,,New Hire,USD
980,E100980,2024-01-08,,82500,,New Hire,USD
981,E100981,2024-01-10,,51500,,New Hire,USD
982,E100982,2024-01-27,,42000,,New Hire,USD
983,E100983,2024-01-09,,63000,,New Hire,USD
984,E100984,2024-01-09,,128500,,New Hire,USD
985,E100985,2024-01-01,,37000,,New Hire,USD
986,E100986,2024-01-04,,23000,,New Hire,USD
987,E100987,2024-02-19,,20000,,New Hire,USD
988,E100988,2024-02-08,,57500,,New Hire,USD
989,E100989,2024-02-04,,35500,,New Hire,USD
990,E100990,2024-02-13,,17500,,New Hire,USD
991,E100991,2024-02-10,,38500,,New Hire,USD
992,E100992,2024-02-12,,70500,,New Hire,USD
993,E100993,2024-02-13,,31500,,New Hire,USD
994,E100994,2024-02-15,,128000,,New Hire,USD
995,E100995,2024-02-17,,37000,,New Hire,USD
996,E100996,2024-02-25,,47500,,New Hire,USD
997,E100997,2024-02-15,,50500,,New Hire,USD
998,E100998,2024-02-22,,31000,,New Hire,USD
999,E100999,2024-02-21,,94000,,New Hire,USD
1000,E101000,2024-03-12,,100000,,New Hire,USD
1001,E101001,2024-03-13,,131000,,New Hire,USD
1002,E101002,2024-03-16,,85500,,New Hire,USD
1003,E101003,2024-03-20,,18000,,New Hire,USD
1004,E101004,2024-03-09,,46500,,New Hire,USD
1005,E101005,2024-03-10,,51000,,New Hire,USD
1006,E101006,2024-03-14,,75000,,New Hire,USD
1007,E101007,2024-03-18,,64500,,New Hire,USD
1008,E101008,2024-03-27,,67000,,New Hire,USD
1009,E101009,2024-04-16,,70000,,New Hire,USD
1010,E101010,2024-04-28,,54000,,New Hire,USD
1011,E101011,2024-04-14,,38000,,New Hire,USD
1012,E101012,2024-05-13,,99000,,New Hire,USD
1013,E101013,2024-05-23,,105000,,New Hire,USD
1014,E101014,2024-05-12,,39000,,New Hire,USD
1015,E101015,2024-05-27,,32000,,New Hire,USD
1016,E101016,2024-05-27,,64000,,New Hire,USD
1017,E101017,2024-05-16,,166500,,New Hire,USD
1018,E101018,2024-05-18,,66500,,New Hire,USD
1019,E101019,2024-05-22,,40500,,New Hire,USD
1020,E101020,2024-05-19,,44500,,New Hire,USD
1021,E101021,2024-05-19,,107500,,New Hire,USD
1022,E101022,2024-05-23,,57000,,New Hire,USD
1023,E101023,2024-05-10,,62500,,New Hire,USD
1024,E101024,2024-06-08,,58500,,New Hire,USD
1025,E101025,2024-06-07,,60000,,New Hire,USD
1026,E101026,2024-06-09,,81500,,New Hire,USD
1027,E101027,2024-06-10,,74000,,New Hire,USD
1028,E101028,2024-06-17,,149500,,New Hire,USD
1029,E101029,2024-06-25,,41000,,New Hire,USD
1030,E101030,2024-06-02,,70000,,New Hire,USD
1031,E101031,2024-06-21,,116000,,New Hire,USD
1032,E101032,2024-06-23,,102500,,New Hire,USD
1033,E101033,2024-06-20,,45000,,New Hire,USD
1034,E101034,2024-06-16,,74500,,New Hire,USD
1035,E101035,2024-06-25,,65500,,New Hire,USD
1036,E101036,2024-07-18,,61500,,New Hire,USD
1037,E101037,2024-07-25,,96000,,New Hire,USD
1038,E101038,2024-07-22,,50500,,New Hire,USD
1039,E101039,2024-07-13,,92500,,New Hire,USD
1040,E101040,2024-07-11,,39000,,New Hire,USD
1041,E101041,2024-07-28,,64500,,New Hire,USD
1042,E101042,2024-07-16,,38500,,New Hire,USD
1043,E101043,2024-07-16,,46000,,New Hire,USD
1044,E101044,2024-07-01,,57000,,New Hire,USD
1045,E101045,2024-07-04,,134500,,New Hire,USD
1046,E101046,2024-07-19,,40500,,New Hire,USD
1047,E101047,2024-07-04,,22000,,New Hire,USD
1048,E101048,2024-08-04,,63000,,New Hire,USD
1049,E101049,2024-08-05,,52000,,New Hire,USD
1050,E101050,2024-08-04,,28500,,New Hire,USD
1051,E101051,2024-08-16,,76000,,New Hire,USD
1052,E101052,2024-08-08,,126000,,New Hire,USD
1053,E101053,2024-08-27,,32500,,New Hire,USD
1054,E101054,2024-08-16,,39500,,New Hire,USD
1055,E101055,2024-08-07,,74000,,New Hire,USD
1056,E101056,2024-08-16,,33000,,New Hire,USD
1057,E101057,2024-09-12,,71500,,New Hire,USD
1058,E101058,2024-09-17,,55000,,New Hire,USD
1059,E101059,2024-09-07,,43000,,New Hire,USD
1060,E101060,2024-09-16,,58500,,New Hire,USD
1061,E101061,2024-09-10,,140000,,New Hire,USD
1062,E101062,2024-09-17,,29000,,New Hire,USD
1063,E101063,2024-09-04,,42500,,New Hire,USD
1064,E101064,2024-09-10,,58000,,New Hire,USD
1065,E101065,2024-09-18,,32500,,New Hire,USD
1066,E101066,2024-09-18,,174000,,New Hire,USD
1067,E101067,2024-09-25,,21000,,New Hire,USD
1068,E101068,2024-09-09,,16500,,New Hire,USD
1069,E101069,2024-09-21,,41500,,New Hire,USD
1070,E101070,2024-09-24,,87000,,New Hire,USD
1071,E101071,2024-09-19,,176500,,New Hire,USD
1072,E101072,2024-10-07,,63000,,New Hire,USD
1073,E101073,2024-10-25,,65500,,New Hire,USD
1074,E101074,2024-10-12,,41500,,New Hire,USD
1075,E101075,2024-10-03,,30000,,New Hire,USD
1076,E101076,2024-10-20,,117500,,New Hire,USD
1077,E101077,2024-11-11,,31000,,New Hire,USD
1078,E101078,2024-11-15,,38000,,New Hire,USD
1079,E101079,2024-11-11,,21500,,New Hire,USD
1080,E101080,2024-11-28,,40500,,New Hire,USD
1081,E101081,2024-11-06,,64000,,New Hire,USD
1082,E101082,2024-11-05,,100500,,New Hire,USD
1083,E101083,2024-11-13,,44500,,New Hire,USD
1084,E101084,2024-11-08,,47500,,New Hire,USD
1085,E101085,2024-11-04,,46000,,New Hire,USD
1086,E101086,2024-12-28,,44000,,New Hire,USD
1087,E101087,2024-12-01,,26000,,New Hire,USD
1088,E101088,2024-12-25,,54500,,New Hire,USD
1089,E101089,2024-12-15,,43000,,New Hire,USD
1090,E101090,2024-12-19,,91500,,New Hire,USD
1091,E101091,2024-12-21,,96000,,New Hire,USD
1092,E101092,2024-12-22,,34500,,New Hire,USD
1093,E101093,2024-12-07,,43500,,New Hire,USD
1094,E101094,2024-12-01,,40500,,New Hire,USD
1095,E101095,2024-12-16,,88000,,New Hire,USD
1096,E101096,2024-12-27,,63500,,New Hire,USD
1097,E101097,2025-01-16,,114000,,New Hire,USD
1098,E101098,2025-01-04,,153000,,New Hire,USD
1099,E101099,2025-01-17,,61500,,New Hire,USD
1100,E101100,2025-01-24,,145000,,New Hire,USD
1101,E101101,2025-01-04,,84500,,New Hire,USD
1102,E101102,2025-01-16,,49000,,New Hire,USD
1103,E101103,2025-01-17,,47000,,New Hire,USD
1104,E101104,2025-01-07,,133500,,New Hire,USD
1105,E101105,2025-01-04,,82500,,New Hire,USD
1106,E101106,2025-01-02,,30500,,New Hire,USD
1107,E101107,2025-01-21,,35000,,New Hire,USD
1108,E101108,2025-01-26,,37500,,New Hire,USD
1109,E101109,2025-01-06,,19000,,New Hire,USD
1110,E101110,2025-01-04,,90500,,New Hire,USD
1111,E101111,2025-01-09,,48500,,New Hire,USD
1112,E101112,2025-01-04,,35500,,New Hire,USD
1113,E101113,2025-01-22,,33500,,New Hire,USD
1114,E101114,2025-01-15,,23500,,New Hire,USD
1115,E101115,2025-02-25,,40500,,New Hire,USD
1116,E101116,2025-02-15,,81500,,New Hire,USD
1117,E101117,2025-02-13,,44000,,New Hire,USD
1118,E101118,2025-02-20,,53500,,New Hire,USD
1119,E101119,2025-02-12,,83500,,New Hire,USD
1120,E101120,2025-02-18,,35500,,New Hire,USD
1121,E101121,2025-02-08,,27000,,New Hire,USD
1122,E101122,2025-02-12,,54500,,New Hire,USD
1123,E101123,2025-02-03,,37000,,New Hire,USD
1124,E101124,2025-02-10,,76500,,New Hire,USD
1125,E101125,2025-02-21,,40500,,New Hire,USD
1126,E101126,2025-02-26,,129000,,New Hire,USD
1127,E101127,2025-02-21,,120500,,New Hire,USD
1128,E101128,2025-02-01,,55500,,New Hire,USD
1129,E101129,2025-03-21,,47000,,New Hire,USD
1130,E101130,2025-03-14,,126000,,New Hire,USD
1131,E101131,2025-03-11,,62000,,New Hire,USD
1132,E101132,2025-03-08,,90500,,New Hire,USD
1133,E101133,2025-03-15,,38000,,New Hire,USD
1134,E101134,2025-03-06,,66000,,New Hire,USD
1135,E101135,2025-03-28,,55500,,New Hire,USD
1136,E101136,2025-03-15,,111500,,New Hire,USD
1137,E101137,2025-03-01,,24000,,New Hire,USD
1138,E101138,2025-04-11,,124500,,New Hire,USD
1139,E101139,2025-04-08,,67500,,New Hire,USD
1140,E101140,2025-04-27,,59000,,New Hire,USD
1141,E101141,2025-04-26,,70000,,New Hire,USD
1142,E101142,2025-04-26,,99500,,New Hire,USD
1143,E101143,2025-04-15,,49000,,New Hire,USD
1144,E101144,2025-04-16,,25000,,New Hire,USD
1145,E101145,2025-04-21,,55000,,New Hire,USD
1146,E101146,2025-05-03,,20000,,New Hire,USD
1147,E101147,2025-05-22,,46500,,New Hire,USD
1148,E101148,2025-05-16,,71000,,New Hire,USD
1149,E101149,2025-05-09,,105000,,New Hire,USD
1150,E101150,2025-05-19,,104500,,New Hire,USD
1151,E101151,2025-05-12,,68500,,New Hire,USD
1152,E101152,2025-05-10,,119000,,New Hire,USD
1153,E101153,2025-05-19,,97000,,New Hire,USD
1154,E101154,2025-05-14,,29000,,New Hire,USD
1155,E101155,2025-05-26,,97000,,New Hire,USD
1156,E101156,2025-05-25,,79000,,New Hire,USD
1157,E101157,2025-05-05,,25000,,New Hire,USD
1158,E101158,2025-06-25,,39000,,New Hire,USD
1159,E101159,2025-06-13,,136500,,New Hire,USD
1160,E101160,2025-06-02,,19000,,New Hire,USD
1161,E101161,2025-06-01,,16500,,New Hire,USD
1162,E101162,2025-06-17,,61500,,New Hire,USD
1163,E101163,2025-06-11,,68000,,New Hire,USD
1164,E101164,2025-06-06,,78500,,New Hire,USD
1165,E101165,2025-07-12,,69000,,New Hire,USD
1166,E101166,2025-07-17,,65000,,New Hire,USD
1167,E101167,2025-07-06,,39000,,New Hire,USD
1168,E101168,2025-07-13,,78000,,New Hire,USD
1169,E101169,2025-07-27,,63500,,New Hire,USD
1170,E101170,2025-07-21,,137000,,New Hire,USD
1171,E101171,2025-07-02,,20500,,New Hire,USD
1172,E101172,2025-08-09,,32500,,New Hire,USD
1173,E101173,2025-08-03,,99000,,New Hire,USD
1174,E101174,2025-08-23,,136000,,New Hire,USD
1175,E101175,2025-08-21,,69500,,New Hire,USD
1176,E101176,2025-08-17,,77500,,New Hire,USD
1177,E101177,2025-08-14,,74500,,New Hire,USD
1178,E101178,2025-08-03,,65500,,New Hire,USD
1179,E101179,2025-08-14,,37500,,New Hire,USD
1180,E101180,2025-08-19,,64000,,New Hire,USD
1181,E101181,2025-08-19,,53000,,New Hire,USD
1182,E101182,2025-08-24,,46500,,New Hire,USD
1183,E101183,2025-09-06,,80000,,New Hire,USD
1184,E101184,2025-09-20,,83500,,New Hire,USD
1185,E101185,2025-09-28,,99000,,New Hire,USD
1186,E101186,2025-09-16,,126000,,New Hire,USD
1187,E101187,2025-09-03,,44000,,New Hire,USD
1188,E101188,2025-09-02,,129000,,New Hire,USD
1189,E101189,2025-09-15,,28500,,New Hire,USD
1190,E101190,2025-09-28,,68000,,New Hire,USD
1191,E101191,2025-09-12,,71000,,New Hire,USD
1192,E101192,2025-09-09,,47000,,New Hire,USD
1193,E101193,2025-09-05,,24000,,New Hire,USD
1194,E101194,2025-09-10,,36000,,New Hire,USD
1195,E101195,2025-09-13,,159000,,New Hire,USD
1196,E101196,2025-09-04,,28000,,New Hire,USD
1197,E101197,2025-09-08,,87000,,New Hire,USD
1198,E101198,2025-09-17,,90000,,New Hire,USD
1199,E101199,2025-09-19,,183000,,New Hire,USD
1200,E101200,2025-10-27,,102000,,New Hire,USD
1201,E101201,2025-10-22,,61000,,New Hire,USD
1202,E101202,2025-10-02,,74000,,New Hire,USD
1203,E101203,2025-10-25,,182000,,New Hire,USD
1204,E101204,2025-10-20,,53500,,New Hire,USD
1205,E101205,2025-10-08,,81000,,New Hire,USD
1206,E101206,2025-10-16,,34500,,New Hire,USD
1207,E101207,2025-10-01,,71000,,New Hire,USD
1208,E101208,2025-11-25,,65500,,New Hire,USD
1209,E101209,2025-11-28,,72000,,New Hire,USD
1210,E101210,2025-11-27,,75000,,New Hire,USD
1211,E101211,2025-11-23,,57000,,New Hire,USD
1212,E101212,2025-11-23,,73500,,New Hire,USD
1213,E101213,2025-11-25,,75000,,New Hire,USD
1214,E101214,2025-11-20,,41500,,New Hire,USD
1215,E101215,2025-11-23,,36500,,New Hire,USD
1216,E101216,2025-11-04,,96500,,New Hire,USD
1217,E101217,2025-12-16,,122000,,New Hire,USD
1218,E101218,2025-12-19,,131000,,New Hire,USD
1219,E101219,2025-12-21,,62500,,New Hire,USD
1220,E101220,2025-12-27,,33500,,New Hire,USD
1221,E101221,2025-12-01,,96500,,New Hire,USD
1222,E101222,2025-12-24,,29500,,New Hire,USD
1223,E101223,2025-12-18,,57500,,New Hire,USD
1224,E101224,2025-12-12,,67000,,New Hire,USD
1225,E101225,2025-12-21,,54500,,New Hire,USD
1226,E101226,2025-12-15,,81000,,New Hire,USD
1227,E101227,2026-01-17,,79000,,New Hire,USD
1228,E101228,2026-01-07,,76500,,New Hire,USD
1229,E101229,2026-01-09,,113000,,New Hire,USD
1230,E101230,2026-01-17,,122500,,New Hire,USD
1231,E101231,2026-01-25,,40500,,New Hire,USD
1232,E101232,2026-01-02,,42000,,New Hire,USD
1233,E101233,2026-01-13,,67500,,New Hire,USD
1234,E101234,2026-01-25,,186000,,New Hire,USD
1235,E101235,2026-01-13,,50500,,New Hire,USD
1236,E101236,2026-01-14,,52000,,New Hire,USD
1237,E101237,2026-01-17,,47500,,New Hire,USD
1238,E101238,2026-01-22,,26000,,New Hire,USD
1239,E101239,2026-01-25,,34000,,New Hire,USD
1240,E101240,2026-01-26,,62500,,New Hire,USD
1241,E101241,2026-01-28,,70000,,New Hire,USD
1242,E101242,2026-01-14,,49000,,New Hire,USD
1243,E101243,2026-01-26,,28000,,New Hire,USD
1244,E101244,2026-02-08,,23000,,New Hire,USD
1245,E101245,2026-02-15,,49000,,New Hire,USD
1246,E101246,2026-02-10,,48500,,New Hire,USD
1247,E101247,2026-02-10,,78000,,New Hire,USD
1248,E101248,2026-02-04,,22500,,New Hire,USD
1249,E101249,2026-02-20,,36000,,New Hire,USD
1250,E101250,2026-02-23,,66500,,New Hire,USD
1251,E101251,2026-02-05,,19500,,New Hire,USD
1252,E101252,2026-02-03,,45500,,New Hire,USD
1253,E101253,2026-02-25,,39500,,New Hire,USD
1254,E101254,2026-02-04,,93000,,New Hire,USD
1255,E101255,2026-02-12,,182000,,New Hire,USD
1256,E101256,2026-02-26,,41500,,New Hire,USD
1257,E101257,2026-02-04,,73000,,New Hire,USD
1258,E101258,2026-03-18,,83000,,New Hire,USD
1259,E101259,2026-03-03,,70500,,New Hire,USD
1260,E101260,2026-03-24,,26000,,New Hire,USD
1261,E101261,2026-03-03,,67000,,New Hire,USD
1262,E101262,2026-03-07,,113500,,New Hire,USD
1263,E101263,2026-03-23,,36500,,New Hire,USD
1264,E101264,2026-03-20,,45500,,New Hire,USD
1265,E101265,2026-03-21,,83000,,New Hire,USD
1266,E101266,2026-04-22,,104500,,New Hire,USD
1267,E101267,2026-04-14,,78500,,New Hire,USD
1268,E101268,2026-04-14,,40500,,New Hire,USD
1269,E101269,2026-04-15,,61000,,New Hire,USD
1270,E101270,2026-05-24,,101500,,New Hire,USD
1271,E101271,2026-05-01,,17000,,New Hire,USD
1272,E101272,2026-05-17,,48000,,New Hire,USD
1273,E101273,2026-05-15,,61000,,New Hire,USD
1274,E101274,2026-05-07,,31000,,New Hire,USD
1275,E101275,2026-05-14,,50500,,New Hire,USD
1276,E101276,2026-05-16,,35000,,New Hire,USD
1277,E101277,2026-05-28,,55500,,New Hire,USD
1278,E101278,2026-05-21,,57500,,New Hire,USD
1279,E101279,2026-06-25,,107000,,New Hire,USD
1280,E101280,2026-06-07,,98500,,New Hire,USD
1281,E101281,2026-06-15,,60500,,New Hire,USD
1282,E101282,2026-06-08,,64500,,New Hire,USD
1283,E101283,2026-06-13,,99000,,New Hire,USD
1284,E101284,2026-06-03,,44500,,New Hire,USD
1285,E101285,2026-06-20,,66500,,New Hire,USD
1286,E101286,2026-06-15,,40000,,New Hire,USD
1287,E101287,2026-06-05,,79500,,New Hire,USD
1288,E101288,2026-07-25,,53000,,New Hire,USD
1289,E101289,2026-07-04,,93500,,New Hire,USD
1290,E101290,2026-07-25,,83000,,New Hire,USD
1291,E101291,2026-07-28,,63500,,New Hire,USD
1292,E101292,2026-07-11,,23000,,New Hire,USD
1293,E101293,2026-07-03,,122000,,New Hire,USD
1294,E101294,2026-07-11,,39500,,New Hire,USD
1295,E101295,2026-07-08,,61500,,New Hire,USD
1296,E101296,2026-08-11,,90000,,New Hire,USD
1297,E101297,2026-08-18,,83500,,New Hire,USD
1298,E101298,2026-08-09,,108500,,New Hire,USD
1299,E101299,2026-08-06,,41000,,New Hire,USD
1300,E101300,2026-08-17,,72000,,New Hire,USD
1301,E101301,2026-08-08,,46500,,New Hire,USD
1302,E101302,2026-08-10,,133000,,New Hire,USD
1303,E101303,2026-08-06,,24000,,New Hire,USD
1304,E101304,2026-08-08,,95000,,New Hire,USD
1305,E101305,2026-08-07,,149000,,New Hire,USD
1,E100001,2021-02-21,41000.0,42000,2.67,Merit Increase,USD
2,E100001,2022-02-21,42000.0,44000,5.18,Merit Increase,USD
3,E100001,2023-06-21,44000.0,45000,2.42,Market Adjustment,USD
4,E100001,2024-05-21,45000.0,51000,13.07,Promotion,USD
5,E100001,2025-07-21,51000.0,52000,1.72,Merit Increase,USD
6,E100001,2026-07-21,52000.0,54000,3.47,Market Adjustment,USD
7,E100002,2021-08-24,53000.0,56000,5.77,Market Adjustment,USD
8,E100002,2022-08-24,56000.0,59500,6.2,Merit Increase,USD
9,E100002,2023-08-24,59500.0,63000,5.95,Market Adjustment,USD
10,E100002,2024-09-24,63000.0,72000,14.26,Promotion,USD
11,E100002,2025-11-24,72000.0,78000,8.56,Promotion,USD
12,E100003,2021-02-28,88000.0,91000,3.35,Merit Increase,USD
13,E100003,2021-12-28,91000.0,94000,3.2,Market Adjustment,USD
14,E100003,2023-01-28,94000.0,96000,2.22,Market Adjustment,USD
15,E100003,2024-01-28,96000.0,100500,4.71,Merit Increase,USD
16,E100003,2024-12-28,100500.0,105500,4.83,Market Adjustment,USD
17,E100003,2026-02-28,105500.0,107500,2.07,Merit Increase,USD
18,E100004,2015-09-18,37000.0,38000,3.13,Merit Increase,USD
19,E100004,2016-10-18,38000.0,40500,6.53,Merit Increase,USD
20,E100004,2017-11-18,40500.0,42000,4.2,Market Adjustment,USD
21,E100004,2018-11-18,42000.0,46500,10.42,Promotion,USD
22,E100004,2019-11-18,46500.0,48000,3.28,Market Adjustment,USD
23,E100004,2020-08-18,48000.0,49000,2.0,Merit Increase,USD
24,E100004,2021-08-18,49000.0,52000,6.56,Merit Increase,USD
25,E100004,2022-06-18,52000.0,53500,2.72,Market Adjustment,USD
26,E100004,2023-05-18,53500.0,60500,13.07,Promotion,USD
27,E100004,2024-06-18,60500.0,62000,2.54,Merit Increase,USD
28,E100005,2021-11-04,109500.0,120000,9.48,Promotion,USD
29,E100005,2022-09-04,120000.0,126000,4.99,Market Adjustment,USD
30,E100005,2023-09-04,126000.0,129000,2.43,Merit Increase,USD
31,E100005,2024-10-04,129000.0,149500,15.74,Promotion,USD
32,E100005,2025-07-04,149500.0,156000,4.42,Merit Increase,USD
33,E100006,2017-05-19,156500.0,161500,3.13,Merit Increase,USD
34,E100006,2018-06-19,161500.0,180500,11.62,Promotion,USD
35,E100006,2019-06-19,180500.0,189500,4.89,Merit Increase,USD
36,E100006,2020-03-19,189500.0,213500,12.73,Promotion,USD
37,E100006,2021-03-19,213500.0,243500,14.03,Promotion,USD
38,E100006,2022-06-19,243500.0,252500,3.67,Merit Increase,USD
39,E100006,2023-05-19,252500.0,265500,5.06,Merit Increase,USD
40,E100006,2024-03-19,265500.0,270500,1.92,Merit Increase,USD
41,E100006,2025-03-19,270500.0,278000,2.72,Merit Increase,USD
42,E100007,2021-04-11,138500.0,143500,3.46,Merit Increase,USD
43,E100007,2022-07-11,143500.0,146000,1.77,Market Adjustment,USD
44,E100007,2023-07-11,146000.0,165500,13.47,Promotion,USD
45,E100007,2024-08-11,165500.0,169000,2.04,Market Adjustment,USD
46,E100007,2025-08-11,169000.0,180000,6.48,Promotion,USD
47,E100008,2019-12-09,59500.0,63500,6.8,Merit Increase,USD
48,E100008,2020-10-09,63500.0,69000,9.01,Promotion,USD
49,E100008,2021-11-09,69000.0,73000,5.48,Merit Increase,USD
50,E100008,2022-11-09,73000.0,75000,2.44,Market Adjustment,USD
51,E100008,2023-12-09,75000.0,77000,2.49,Merit Increase,USD
52,E100008,2025-01-09,77000.0,80000,3.61,Market Adjustment,USD
53,E100008,2026-03-09,80000.0,84000,4.84,Market Adjustment,USD
54,E100009,2021-12-21,86000.0,88500,2.99,Market Adjustment,USD
55,E100009,2022-10-21,88500.0,90000,1.88,Market Adjustment,USD
56,E100010,2019-11-12,60000.0,62500,4.38,Market Adjustment,USD
57,E100010,2020-10-12,62500.0,65500,4.8,Merit Increase,USD
58,E100010,2021-07-12,65500.0,67500,2.68,Merit Increase,USD
59,E100011,2021-06-02,55500.0,58000,4.64,Merit Increase,USD
60,E100011,2022-08-02,58000.0,60000,3.76,Market Adjustment,USD
61,E100011,2023-08-02,60000.0,60500,0.68,Merit Increase,USD
62,E100011,2024-08-02,60500.0,61500,1.78,Market Adjustment,USD
63,E100011,2025-10-02,61500.0,62500,1.45,Merit Increase,USD
64,E100012,2016-11-09,115500.0,128000,10.96,Promotion,USD
65,E100012,2017-11-09,128000.0,129000,0.87,Market Adjustment,USD
66,E100012,2018-12-09,129000.0,133000,3.07,Merit Increase,USD
67,E100012,2020-01-09,133000.0,137000,2.88,Merit Increase,USD
68,E100012,2020-12-09,137000.0,143500,4.64,Market Adjustment,USD
69,E100012,2022-03-09,143500.0,163500,13.91,Promotion,USD
70,E100012,2023-01-09,163500.0,172500,5.58,Merit Increase,USD
71,E100012,2024-03-09,172500.0,182000,5.37,Market Adjustment,USD
72,E100012,2025-06-09,182000.0,189500,4.02,Market Adjustment,USD
73,E100012,2026-05-09,189500.0,194000,2.36,Merit Increase,USD
74,E100013,2020-10-25,68000.0,69500,2.02,Merit Increase,USD
75,E100013,2021-07-25,69500.0,70000,0.97,Merit Increase,USD
76,E100013,2022-07-25,70000.0,72000,3.1,Market Adjustment,USD
77,E100013,2023-09-25,72000.0,74500,3.23,Market Adjustment,USD
78,E100013,2024-12-25,74500.0,76500,2.62,Merit Increase,USD
79,E100013,2026-01-25,76500.0,80000,4.33,Merit Increase,USD
80,E100014,2021-08-13,124000.0,129500,4.29,Market Adjustment,USD
81,E100014,2022-10-13,129500.0,141500,9.08,Promotion,USD
82,E100014,2023-10-13,141500.0,142000,0.22,Merit Increase,USD
83,E100014,2024-10-13,142000.0,144000,1.44,Market Adjustment,USD
84,E100014,2026-03-13,144000.0,149500,3.95,Market Adjustment,USD
85,E100015,2021-10-29,99000.0,100500,1.41,Merit Increase,USD
86,E100015,2022-10-29,100500.0,103500,2.98,Market Adjustment,USD
87,E100015,2023-12-29,103500.0,105500,2.03,Merit Increase,USD
88,E100015,2024-11-29,105500.0,109500,3.67,Market Adjustment,USD
89,E100015,2026-01-29,109500.0,113500,3.82,Market Adjustment,USD
90,E100016,2020-05-26,21000.0,23000,8.94,Promotion,USD
91,E100016,2021-04-26,23000.0,24000,4.11,Market Adjustment,USD
92,E100016,2022-06-26,24000.0,25000,3.48,Merit Increase,USD
93,E100017,2020-08-05,67500.0,67500,0.0,Market Adjustment,USD
94,E100017,2021-09-05,67500.0,71500,5.82,Market Adjustment,USD
95,E100017,2022-09-05,71500.0,75500,5.81,Merit Increase,USD
96,E100017,2023-10-05,75500.0,78000,3.62,Market Adjustment,USD
97,E100017,2024-11-05,78000.0,79000,1.22,Market Adjustment,USD
98,E100017,2026-03-05,79000.0,81000,2.75,Merit Increase,USD
99,E100018,2017-04-21,102500.0,106000,3.53,Market Adjustment,USD
100,E100018,2018-07-21,106000.0,117500,10.77,Promotion,USD
101,E100018,2019-07-21,117500.0,121000,3.04,Market Adjustment,USD
102,E100018,2020-05-21,121000.0,124500,2.71,Merit Increase,USD
103,E100018,2021-04-21,124500.0,129500,3.88,Market Adjustment,USD
104,E100018,2022-01-21,129500.0,133000,2.84,Market Adjustment,USD
105,E100018,2023-04-21,133000.0,138500,4.13,Merit Increase,USD
106,E100018,2024-06-21,138500.0,142500,2.91,Market Adjustment,USD
107,E100018,2025-10-21,142500.0,161500,13.39,Promotion,USD
108,E100019,2017-02-06,138500.0,141000,1.65,Merit Increase,USD
109,E100019,2017-12-06,141000.0,147500,4.71,Merit Increase,USD
110,E100019,2019-03-06,147500.0,159500,8.24,Promotion,USD
111,E100019,2020-05-06,159500.0,166500,4.3,Merit Increase,USD
112,E100019,2021-04-06,166500.0,170000,2.01,Market Adjustment,USD
113,E100020,2021-12-25,65500.0,67500,2.9,Market Adjustment,USD
114,E100020,2022-09-25,67500.0,69500,2.77,Merit Increase,USD
115,E100020,2023-10-25,69500.0,72500,4.49,Market Adjustment,USD
116,E100020,2024-09-25,72500.0,76500,5.74,Market Adjustment,USD
117,E100020,2025-10-25,76500.0,82000,7.3,Market Adjustment,USD
118,E100021,2021-03-20,80000.0,82500,3.37,Merit Increase,USD
119,E100021,2022-02-20,82500.0,86500,4.79,Market Adjustment,USD
120,E100021,2023-04-20,86500.0,89000,3.12,Merit Increase,USD
121,E100021,2024-05-20,89000.0,99500,11.78,Promotion,USD
122,E100021,2025-05-20,99500.0,102000,2.37,Merit Increase,USD
123,E100021,2026-05-20,102000.0,105500,3.21,Merit Increase,USD
124,E100022,2021-01-27,101000.0,104500,3.57,Merit Increase,USD
125,E100022,2022-01-27,104500.0,106000,1.26,Merit Increase,USD
126,E100022,2023-02-27,106000.0,107500,1.27,Merit Increase,USD
127,E100022,2024-03-27,107500.0,112500,4.78,Merit Increase,USD
128,E100022,2025-07-27,112500.0,116500,3.6,Merit Increase,USD
129,E100023,2021-06-12,58000.0,60500,4.21,Merit Increase,USD
130,E100023,2022-09-12,60500.0,69500,15.02,Promotion,USD
131,E100023,2023-11-12,69500.0,72000,3.29,Market Adjustment,USD
132,E100023,2024-10-12,72000.0,73000,1.56,Merit Increase,USD
133,E100023,2025-11-12,73000.0,77000,5.27,Market Adjustment,USD
134,E100024,2020-01-20,89500.0,95000,6.2,Merit Increase,USD
135,E100024,2021-01-20,95000.0,96000,0.92,Merit Increase,USD
136,E100024,2021-11-20,96000.0,100000,4.16,Merit Increase,USD
137,E100024,2022-11-20,100000.0,104000,4.22,Merit Increase,USD
138,E100024,2023-11-20,104000.0,108000,3.82,Merit Increase,USD
139,E100024,2025-03-20,108000.0,119500,10.44,Promotion,USD
140,E100024,2026-06-20,119500.0,124000,3.67,Merit Increase,USD
141,E100025,2017-09-21,203500.0,217000,6.68,Merit Increase,USD
142,E100025,2018-09-21,217000.0,225000,3.73,Market Adjustment,USD
143,E100025,2019-12-21,225000.0,232500,3.22,Merit Increase,USD
144,E100025,2021-02-21,232500.0,238000,2.28,Market Adjustment,USD
145,E100025,2022-06-21,238000.0,247500,4.05,Merit Increase,USD
146,E100025,2023-08-21,247500.0,261000,5.53,Merit Increase,USD
147,E100025,2024-10-21,261000.0,270000,3.42,Merit Increase,USD
148,E100025,2026-02-21,270000.0,283000,4.75,Merit Increase,USD
149,E100026,2020-03-22,80000.0,83000,3.48,Market Adjustment,USD
150,E100026,2021-02-22,83000.0,86000,3.54,Merit Increase,USD
151,E100026,2022-01-22,86000.0,96500,12.15,Promotion,USD
152,E100026,2023-01-22,96500.0,102000,5.64,Merit Increase,USD
153,E100026,2024-03-22,102000.0,105000,2.8,Market Adjustment,USD
154,E100026,2025-04-22,105000.0,118000,12.53,Promotion,USD
155,E100026,2026-01-22,118000.0,123000,4.2,Market Adjustment,USD
156,E100027,2020-06-08,47000.0,48500,2.94,Market Adjustment,USD
157,E100027,2021-09-08,48500.0,52000,7.57,Promotion,USD
158,E100027,2022-11-08,52000.0,53000,1.74,Market Adjustment,USD
159,E100027,2023-11-08,53000.0,55500,4.95,Merit Increase,USD
160,E100028,2020-07-19,67500.0,69500,2.97,Merit Increase,USD
161,E100029,2019-04-26,75500.0,77000,2.12,Merit Increase,USD
162,E100029,2020-03-26,77000.0,81500,5.64,Merit Increase,USD
163,E100029,2021-05-26,81500.0,82500,1.45,Merit Increase,USD
164,E100029,2022-05-26,82500.0,85000,3.26,Market Adjustment,USD
165,E100029,2023-05-26,85000.0,87500,2.98,Merit Increase,USD
166,E100029,2024-08-26,87500.0,102500,16.98,Promotion,USD
167,E100029,2025-08-26,102500.0,106500,3.75,Market Adjustment,USD
168,E100029,2026-06-26,106500.0,113000,6.04,Market Adjustment,USD
169,E100030,2019-05-21,83500.0,87500,4.69,Merit Increase,USD
170,E100030,2020-06-21,87500.0,98500,12.65,Promotion,USD
171,E100030,2021-08-21,98500.0,102000,3.49,Market Adjustment,USD
172,E100030,2022-10-21,102000.0,103000,0.94,Merit Increase,USD
173,E100030,2024-02-21,103000.0,106500,3.23,Market Adjustment,USD
174,E100030,2025-04-21,106500.0,111000,4.24,Market Adjustment,USD
175,E100030,2026-01-21,111000.0,115000,3.83,Merit Increase,USD
176,E100031,2015-04-10,161000.0,167000,3.83,Merit Increase,USD
177,E100031,2016-02-10,167000.0,173500,3.78,Merit Increase,USD
178,E100031,2017-02-10,173500.0,179000,3.25,Market Adjustment,USD
179,E100031,2017-11-10,179000.0,182000,1.64,Merit Increase,USD
180,E100031,2018-10-10,182000.0,185500,1.79,Merit Increase,USD
181,E100031,2019-09-10,185500.0,190000,2.49,Market Adjustment,USD
182,E100031,2020-10-10,190000.0,190000,0.0,Market Adjustment,USD
183,E100031,2022-02-10,190000.0,195000,2.58,Merit Increase,USD
184,E100032,2022-01-29,66000.0,70000,6.11,Merit Increase,USD
185,E100033,2021-01-20,126000.0,129000,2.49,Market Adjustment,USD
186,E100033,2022-03-20,129000.0,135000,4.55,Market Adjustment,USD
187,E100033,2023-01-20,135000.0,141000,4.37,Merit Increase,USD
188,E100033,2023-11-20,141000.0,144500,2.39,Market Adjustment,USD
189,E100033,2024-09-20,144500.0,149500,3.5,Market Adjustment,USD
190,E100033,2025-11-20,149500.0,160500,7.27,Promotion,USD
191,E100034,2019-09-28,59500.0,60500,1.96,Merit Increase,USD
192,E100034,2020-09-28,60500.0,63000,4.37,Merit Increase,USD
193,E100034,2021-11-28,63000.0,65500,3.96,Merit Increase,USD
194,E100034,2022-11-28,65500.0,68000,3.53,Merit Increase,USD
195,E100035,2015-11-05,118500.0,120000,1.29,Merit Increase,USD
196,E100035,2016-11-05,120000.0,127500,6.05,Merit Increase,USD
197,E100035,2017-11-05,127500.0,146000,14.36,Promotion,USD
198,E100035,2019-01-05,146000.0,154500,5.66,Merit Increase,USD
199,E100035,2019-10-05,154500.0,160500,3.77,Merit Increase,USD
200,E100035,2020-12-05,160500.0,168000,4.7,Merit Increase,USD
201,E100035,2022-03-05,168000.0,175500,4.54,Market Adjustment,USD
202,E100035,2023-04-05,175500.0,179000,2.06,Merit Increase,USD
203,E100035,2024-01-05,179000.0,189000,5.51,Market Adjustment,USD
204,E100035,2024-12-05,189000.0,194500,2.97,Market Adjustment,USD
205,E100035,2026-02-05,194500.0,216000,10.94,Promotion,USD
206,E100036,2019-02-19,61500.0,67500,9.92,Promotion,USD
207,E100036,2020-03-19,67500.0,70500,4.69,Merit Increase,USD
208,E100036,2021-03-19,70500.0,73000,3.53,Merit Increase,USD
209,E100036,2022-01-19,73000.0,83500,14.12,Promotion,USD
210,E100036,2023-08-19,83500.0,88000,5.45,Market Adjustment,USD
211,E100036,2024-11-19,88000.0,91500,4.02,Merit Increase,USD
212,E100036,2025-09-19,91500.0,93500,2.21,Market Adjustment,USD
213,E100037,2014-09-21,133000.0,136000,2.09,Market Adjustment,USD
214,E100037,2015-10-21,136000.0,151500,11.34,Promotion,USD
215,E100037,2016-11-21,151500.0,157500,4.04,Market Adjustment,USD
216,E100037,2017-12-21,157500.0,158500,0.58,Market Adjustment,USD
217,E100037,2019-04-21,158500.0,167500,5.62,Merit Increase,USD
218,E100037,2020-04-21,167500.0,170500,1.73,Merit Increase,USD
219,E100037,2021-06-21,170500.0,172500,1.31,Market Adjustment,USD
220,E100037,2022-10-21,172500.0,178000,3.26,Merit Increase,USD
221,E100037,2023-09-21,178000.0,186000,4.38,Merit Increase,USD
222,E100037,2024-09-21,186000.0,191500,3.08,Merit Increase,USD
223,E100037,2025-08-21,191500.0,200000,4.44,Merit Increase,USD
224,E100038,2018-05-24,57500.0,61000,6.12,Promotion,USD
225,E100038,2019-03-24,61000.0,62500,2.72,Merit Increase,USD
226,E100038,2020-06-24,62500.0,63500,1.36,Market Adjustment,USD
227,E100038,2021-05-24,63500.0,67000,5.63,Market Adjustment,USD
228,E100038,2022-07-24,67000.0,70500,5.12,Market Adjustment,USD
229,E100038,2023-07-24,70500.0,75000,6.15,Market Adjustment,USD
230,E100038,2024-05-24,75000.0,83000,10.36,Promotion,USD
231,E100038,2025-05-24,83000.0,85500,3.07,Merit Increase,USD
232,E100038,2026-03-24,85500.0,89000,4.33,Market Adjustment,USD
233,E100039,2021-01-29,78500.0,78500,0.0,Market Adjustment,USD
234,E100039,2021-12-29,78500.0,81500,3.72,Merit Increase,USD
235,E100039,2023-01-29,81500.0,84000,3.16,Merit Increase,USD
236,E100039,2023-12-29,84000.0,86500,2.89,Merit Increase,USD
237,E100039,2024-11-29,86500.0,92000,6.58,Merit Increase,USD
238,E100039,2025-09-29,92000.0,94000,2.34,Merit Increase,USD
239,E100040,2021-07-23,22000.0,23000,3.57,Market Adjustment,USD
240,E100040,2022-04-23,23000.0,24000,3.69,Merit Increase,USD
241,E100041,2019-03-23,51500.0,56500,10.12,Promotion,USD
242,E100041,2020-02-23,56500.0,58000,2.9,Market Adjustment,USD
243,E100041,2021-04-23,58000.0,67500,16.4,Promotion,USD
244,E100041,2022-01-23,67500.0,74500,10.3,Promotion,USD
245,E100041,2022-11-23,74500.0,76500,2.99,Merit Increase,USD
246,E100042,2017-03-18,60000.0,62000,3.02,Market Adjustment,USD
247,E100042,2018-04-18,62000.0,63500,2.13,Market Adjustment,USD
248,E100042,2019-03-18,63500.0,65000,1.98,Merit Increase,USD
249,E100042,2020-02-18,65000.0,67000,2.79,Merit Increase,USD
250,E100042,2021-05-18,67000.0,69000,2.98,Merit Increase,USD
251,E100042,2022-07-18,69000.0,77000,11.88,Promotion,USD
252,E100042,2023-09-18,77000.0,77500,0.65,Merit Increase,USD
253,E100042,2024-10-18,77500.0,80500,3.84,Market Adjustment,USD
254,E100042,2025-10-18,80500.0,84500,5.11,Merit Increase,USD
255,E100043,2019-02-27,103500.0,107500,3.76,Market Adjustment,USD
256,E100043,2020-03-27,107500.0,112000,3.97,Market Adjustment,USD
257,E100043,2021-03-27,112000.0,118500,5.85,Merit Increase,USD
258,E100043,2022-06-27,118500.0,122500,3.41,Market Adjustment,USD
259,E100043,2023-07-27,122500.0,127500,4.22,Merit Increase,USD
260,E100043,2024-09-27,127500.0,147500,15.84,Promotion,USD
261,E100043,2025-11-27,147500.0,152500,3.24,Merit Increase,USD
262,E100044,2017-04-15,117000.0,121500,3.93,Market Adjustment,USD
263,E100044,2018-03-15,121500.0,127500,4.78,Market Adjustment,USD
264,E100044,2019-07-15,127500.0,141500,11.02,Promotion,USD
265,E100044,2020-11-15,141500.0,148000,4.65,Market Adjustment,USD
266,E100044,2021-09-15,148000.0,154000,4.13,Merit Increase,USD
267,E100044,2022-06-15,154000.0,160000,4.03,Market Adjustment,USD
268,E100044,2023-04-15,160000.0,166000,3.79,Market Adjustment,USD
269,E100044,2024-06-15,166000.0,170500,2.62,Market Adjustment,USD
270,E100044,2025-10-15,170500.0,174000,2.12,Market Adjustment,USD
271,E100044,2026-07-15,174000.0,180000,3.46,Merit Increase,USD
272,E100045,2020-09-02,130000.0,133500,2.61,Merit Increase,USD
273,E100045,2021-06-02,133500.0,137000,2.64,Market Adjustment,USD
274,E100045,2022-04-02,137000.0,142500,3.87,Market Adjustment,USD
275,E100045,2023-05-02,142500.0,145500,2.08,Merit Increase,USD
276,E100045,2024-05-02,145500.0,153500,5.67,Market Adjustment,USD
277,E100045,2025-05-02,153500.0,158000,2.82,Merit Increase,USD
278,E100045,2026-06-02,158000.0,160000,1.39,Market Adjustment,USD
279,E100046,2021-10-28,91000.0,92500,1.76,Merit Increase,USD
280,E100046,2022-12-28,92500.0,101500,9.54,Promotion,USD
281,E100046,2023-11-28,101500.0,105000,3.61,Market Adjustment,USD
282,E100046,2025-02-28,105000.0,108000,2.88,Merit Increase,USD
283,E100046,2026-01-28,108000.0,108000,0.13,Merit Increase,USD
284,E100047,2016-09-07,79000.0,80000,1.54,Merit Increase,USD
285,E100047,2017-08-07,80000.0,85000,6.39,Merit Increase,USD
286,E100047,2018-11-07,85000.0,92500,8.55,Promotion,USD
287,E100047,2019-12-07,92500.0,94000,1.88,Merit Increase,USD
288,E100047,2021-04-07,94000.0,97500,3.61,Market Adjustment,USD
289,E100047,2022-07-07,97500.0,106000,8.64,Promotion,USD
290,E100047,2023-11-07,106000.0,109000,2.84,Merit Increase,USD
291,E100047,2024-08-07,109000.0,112500,3.24,Merit Increase,USD
292,E100047,2025-07-07,112500.0,128500,14.02,Promotion,USD
293,E100047,2026-06-07,128500.0,134000,4.31,Merit Increase,USD
294,E100048,2018-04-06,77500.0,80000,3.5,Market Adjustment,USD
295,E100048,2019-06-06,80000.0,81000,1.16,Merit Increase,USD
296,E100048,2020-08-06,81000.0,85000,4.91,Merit Increase,USD
297,E100048,2021-08-06,85000.0,87500,3.21,Market Adjustment,USD
298,E100048,2022-05-06,87500.0,93000,6.2,Market Adjustment,USD
299,E100048,2023-05-06,93000.0,98000,5.13,Market Adjustment,USD
300,E100049,2020-11-29,74000.0,77000,4.28,Market Adjustment,USD
301,E100049,2021-11-29,77000.0,78000,1.15,Merit Increase,USD
302,E100049,2022-11-29,78000.0,83500,6.76,Promotion,USD
303,E100049,2023-10-29,83500.0,85500,2.55,Merit Increase,USD
304,E100049,2024-11-29,85500.0,87500,2.54,Market Adjustment,USD
305,E100050,2021-10-12,94500.0,98500,4.48,Market Adjustment,USD
306,E100050,2022-08-12,98500.0,102000,3.53,Merit Increase,USD
307,E100050,2023-10-12,102000.0,105500,3.65,Market Adjustment,USD
308,E100050,2024-08-12,105500.0,109500,3.86,Market Adjustment,USD
309,E100050,2025-08-12,109500.0,113500,3.73,Market Adjustment,USD
310,E100051,2020-02-22,72000.0,74500,3.24,Market Adjustment,USD
311,E100051,2021-04-22,74500.0,86000,15.31,Promotion,USD
312,E100051,2022-06-22,86000.0,89000,3.54,Market Adjustment,USD
313,E100051,2023-08-22,89000.0,93000,4.31,Merit Increase,USD
314,E100051,2024-08-22,93000.0,98000,5.22,Merit Increase,USD
315,E100051,2025-07-22,98000.0,101500,3.34,Market Adjustment,USD
316,E100052,2019-10-15,174500.0,186500,6.99,Promotion,USD
317,E100052,2020-09-15,186500.0,194500,4.17,Merit Increase,USD
318,E100052,2022-02-15,194500.0,205000,5.3,Market Adjustment,USD
319,E100052,2023-04-15,205000.0,217000,5.85,Market Adjustment,USD
320,E100052,2024-05-15,217000.0,222500,2.57,Market Adjustment,USD
321,E100052,2025-05-15,222500.0,229500,3.1,Merit Increase,USD
322,E100052,2026-04-15,229500.0,237000,3.19,Merit Increase,USD
323,E100053,2020-06-02,68000.0,70500,3.35,Market Adjustment,USD
324,E100053,2021-06-02,70500.0,74500,6.02,Merit Increase,USD
325,E100053,2022-07-02,74500.0,79000,6.15,Merit Increase,USD
326,E100053,2023-05-02,79000.0,83000,4.81,Market Adjustment,USD
327,E100053,2024-06-02,83000.0,86000,3.35,Market Adjustment,USD
328,E100053,2025-04-02,86000.0,89500,4.01,Merit Increase,USD
329,E100054,2021-03-16,125500.0,130000,3.43,Market Adjustment,USD
330,E100054,2022-04-16,130000.0,135500,4.38,Merit Increase,USD
331,E100054,2023-08-16,135500.0,149000,9.89,Promotion,USD
332,E100054,2024-09-16,149000.0,154000,3.51,Market Adjustment,USD
333,E100054,2025-09-16,154000.0,160000,3.79,Market Adjustment,USD
334,E100055,2019-07-01,47500.0,53500,12.11,Promotion,USD
335,E100055,2020-08-01,53500.0,55500,3.49,Market Adjustment,USD
336,E100055,2021-09-01,55500.0,58000,4.08,Merit Increase,USD
337,E100055,2022-08-01,58000.0,64500,10.82,Promotion,USD
338,E100055,2023-08-01,64500.0,69500,7.85,Promotion,USD
339,E100055,2024-09-01,69500.0,72000,3.46,Merit Increase,USD
340,E100055,2026-02-01,72000.0,73500,2.26,Market Adjustment,USD
341,E100056,2018-07-21,157500.0,165500,5.05,Market Adjustment,USD
342,E100056,2019-06-21,165500.0,166500,0.68,Merit Increase,USD
343,E100056,2020-06-21,166500.0,174500,4.66,Market Adjustment,USD
344,E100056,2021-06-21,174500.0,180000,3.28,Merit Increase,USD
345,E100056,2022-10-21,180000.0,184500,2.41,Merit Increase,USD
346,E100057,2020-11-27,108000.0,113500,5.23,Market Adjustment,USD
347,E100057,2021-11-27,113500.0,127500,12.47,Promotion,USD
348,E100057,2022-10-27,127500.0,132000,3.64,Market Adjustment,USD
349,E100057,2023-11-27,132000.0,134000,1.38,Merit Increase,USD
350,E100057,2024-11-27,134000.0,139000,3.9,Market Adjustment,USD
351,E100057,2025-10-27,139000.0,155000,11.53,Promotion,USD
352,E100058,2020-11-13,106500.0,110000,3.25,Market Adjustment,USD
353,E100058,2022-04-13,110000.0,110500,0.55,Market Adjustment,USD
354,E100058,2023-03-13,110500.0,115500,4.52,Merit Increase,USD
355,E100058,2024-04-13,115500.0,120500,4.15,Merit Increase,USD
356,E100058,2025-01-13,120500.0,133000,10.45,Promotion,USD
357,E100058,2026-02-13,133000.0,139000,4.41,Merit Increase,USD
358,E100059,2021-10-21,95000.0,98000,3.35,Market Adjustment,USD
359,E100059,2022-08-21,98000.0,102000,4.02,Market Adjustment,USD
360,E100059,2023-08-21,102000.0,105000,2.85,Merit Increase,USD
361,E100059,2024-08-21,105000.0,115500,9.92,Promotion,USD
362,E100059,2025-06-21,115500.0,120500,4.49,Merit Increase,USD
363,E100060,2021-10-14,72500.0,75500,3.94,Merit Increase,USD
364,E100060,2023-01-14,75500.0,80500,6.35,Merit Increase,USD
365,E100060,2024-01-14,80500.0,87500,8.83,Promotion,USD
366,E100061,2021-11-07,49500.0,52000,4.95,Merit Increase,USD
367,E100061,2022-12-07,52000.0,58000,11.23,Promotion,USD
368,E100062,2014-07-02,64000.0,65500,2.55,Market Adjustment,USD
369,E100062,2015-05-02,65500.0,65500,0.0,Market Adjustment,USD
370,E100062,2016-05-02,65500.0,71500,8.87,Promotion,USD
371,E100062,2017-05-02,71500.0,73500,2.77,Market Adjustment,USD
372,E100062,2018-05-02,73500.0,75000,2.26,Merit Increase,USD
373,E100062,2019-04-02,75000.0,76500,2.08,Market Adjustment,USD
374,E100062,2020-04-02,76500.0,78000,1.78,Merit Increase,USD
375,E100062,2021-07-02,78000.0,80500,3.49,Market Adjustment,USD
376,E100062,2022-04-02,80500.0,83500,3.83,Market Adjustment,USD
377,E100062,2023-03-02,83500.0,87500,5.07,Merit Increase,USD
378,E100062,2024-02-02,87500.0,92500,5.59,Market Adjustment,USD
379,E100062,2025-04-02,92500.0,101000,8.96,Merit Increase,USD
380,E100062,2026-05-02,101000.0,105500,4.53,Market Adjustment,USD
381,E100063,2020-03-20,29500.0,31000,5.35,Merit Increase,USD
382,E100063,2021-05-20,31000.0,32000,3.36,Market Adjustment,USD
383,E100063,2022-08-20,32000.0,33500,5.0,Market Adjustment,USD
384,E100063,2023-12-20,33500.0,35500,5.33,Market Adjustment,USD
385,E100064,2020-02-02,44000.0,45500,2.86,Merit Increase,USD
386,E100064,2021-04-02,45500.0,48000,5.51,Merit Increase,USD
387,E100064,2022-07-02,48000.0,48500,1.36,Merit Increase,USD
388,E100064,2023-06-02,48500.0,55000,13.05,Promotion,USD
389,E100064,2024-09-02,55000.0,57000,3.96,Merit Increase,USD
390,E100064,2026-01-02,57000.0,57500,0.66,Merit Increase,USD
391,E100065,2021-05-24,75500.0,78500,4.01,Merit Increase,USD
392,E100065,2022-04-24,78500.0,82000,4.68,Market Adjustment,USD
393,E100065,2023-05-24,82000.0,84500,2.81,Market Adjustment,USD
394,E100065,2024-02-24,84500.0,88500,4.54,Merit Increase,USD
395,E100065,2024-12-24,88500.0,94500,6.71,Market Adjustment,USD
396,E100065,2025-09-24,94500.0,105000,11.16,Promotion,USD
397,E100066,2014-06-17,31000.0,34000,8.87,Promotion,USD
398,E100066,2015-08-17,34000.0,34500,2.07,Merit Increase,USD
399,E100066,2016-12-17,34500.0,35500,3.58,Merit Increase,USD
400,E100066,2017-12-17,35500.0,37500,5.93,Merit Increase,USD
401,E100066,2018-10-17,37500.0,40000,6.09,Market Adjustment,USD
402,E100066,2019-09-17,40000.0,42000,5.39,Market Adjustment,USD
403,E100066,2021-01-17,42000.0,43500,3.34,Market Adjustment,USD
404,E100066,2022-01-17,43500.0,45000,3.07,Market Adjustment,USD
405,E100066,2022-12-17,45000.0,46500,3.63,Market Adjustment,USD
406,E100067,2021-09-05,53500.0,56000,4.26,Merit Increase,USD
407,E100067,2022-08-05,56000.0,57000,1.88,Merit Increase,USD
408,E100067,2023-12-05,57000.0,61000,7.0,Promotion,USD
409,E100067,2024-12-05,61000.0,69000,13.26,Promotion,USD
410,E100067,2026-04-05,69000.0,76500,11.06,Promotion,USD
411,E100068,2020-12-18,116000.0,123000,6.1,Market Adjustment,USD
412,E100068,2022-03-18,123000.0,125500,2.0,Market Adjustment,USD
413,E100068,2023-05-18,125500.0,129500,3.33,Merit Increase,USD
414,E100068,2024-06-18,129500.0,132500,2.3,Market Adjustment,USD
415,E100068,2025-03-18,132500.0,135000,1.84,Market Adjustment,USD
416,E100068,2026-02-18,135000.0,138500,2.75,Merit Increase,USD
417,E100069,2016-11-16,164000.0,166500,1.39,Merit Increase,USD
418,E100069,2017-11-16,166500.0,179000,7.45,Promotion,USD
419,E100069,2018-08-16,179000.0,198500,10.85,Promotion,USD
420,E100069,2019-08-16,198500.0,205500,3.64,Merit Increase,USD
421,E100069,2020-12-16,205500.0,232500,13.13,Promotion,USD
422,E100069,2022-04-16,232500.0,239500,3.04,Market Adjustment,USD
423,E100069,2023-03-16,239500.0,269000,12.38,Promotion,USD
424,E100069,2024-07-16,269000.0,274000,1.82,Market Adjustment,USD
425,E100069,2025-10-16,274000.0,285500,4.21,Merit Increase,USD
426,E100070,2018-12-02,66000.0,67000,1.7,Merit Increase,USD
427,E100070,2020-02-02,67000.0,69000,3.22,Market Adjustment,USD
428,E100070,2021-05-02,69000.0,72000,4.0,Market Adjustment,USD
429,E100070,2022-08-02,72000.0,74500,3.57,Merit Increase,USD
430,E100070,2023-08-02,74500.0,77000,3.38,Merit Increase,USD
431,E100070,2024-09-02,77000.0,86500,12.06,Promotion,USD
432,E100070,2025-11-02,86500.0,96000,11.05,Promotion,USD
433,E100071,2021-06-30,65000.0,66500,2.41,Merit Increase,USD
434,E100071,2022-09-30,66500.0,68000,2.48,Merit Increase,USD
435,E100071,2023-08-30,68000.0,72000,5.65,Merit Increase,USD
436,E100072,2020-04-14,58000.0,59500,2.3,Market Adjustment,USD
437,E100072,2021-09-14,59500.0,61500,3.46,Market Adjustment,USD
438,E100072,2022-07-14,61500.0,63000,2.2,Merit Increase,USD
439,E100072,2023-12-14,63000.0,69500,10.36,Promotion,USD
440,E100072,2024-12-14,69500.0,73500,5.73,Merit Increase,USD
441,E100072,2026-03-14,73500.0,75000,2.18,Merit Increase,USD
442,E100073,2020-05-15,132500.0,136500,3.01,Merit Increase,USD
443,E100073,2021-07-15,136500.0,151000,10.74,Promotion,USD
444,E100073,2022-07-15,151000.0,167500,11.02,Promotion,USD
445,E100073,2023-06-15,167500.0,177500,5.83,Merit Increase,USD
446,E100073,2024-05-15,177500.0,197000,11.08,Promotion,USD
447,E100074,2019-03-26,75500.0,77500,2.92,Market Adjustment,USD
448,E100074,2020-06-26,77500.0,82500,6.71,Merit Increase,USD
449,E100074,2021-10-26,82500.0,82500,0.0,Merit Increase,USD
450,E100075,2017-06-08,134000.0,140000,4.33,Merit Increase,USD
451,E100075,2018-09-08,140000.0,142500,1.78,Market Adjustment,USD
452,E100075,2019-11-08,142500.0,147500,3.46,Market Adjustment,USD
453,E100075,2020-11-08,147500.0,154000,4.29,Market Adjustment,USD
454,E100075,2021-11-08,154000.0,162000,5.2,Merit Increase,USD
455,E100076,2016-09-14,117000.0,130000,10.94,Promotion,USD
456,E100076,2017-06-14,130000.0,133000,2.3,Market Adjustment,USD
457,E100076,2018-06-14,133000.0,138500,4.05,Merit Increase,USD
458,E100076,2019-06-14,138500.0,151000,8.91,Promotion,USD
459,E100076,2020-10-14,151000.0,159500,5.61,Merit Increase,USD
460,E100076,2021-08-14,159500.0,163000,2.24,Merit Increase,USD
461,E100076,2022-09-14,163000.0,168500,3.27,Merit Increase,USD
462,E100076,2023-06-14,168500.0,172500,2.42,Merit Increase,USD
463,E100076,2024-08-14,172500.0,179000,3.67,Market Adjustment,USD
464,E100076,2025-07-14,179000.0,184000,2.66,Merit Increase,USD
465,E100076,2026-07-14,184000.0,197500,7.34,Market Adjustment,USD
466,E100077,2020-05-27,32000.0,34000,6.2,Market Adjustment,USD
467,E100077,2021-07-27,34000.0,35000,2.29,Market Adjustment,USD
468,E100077,2022-08-27,35000.0,36000,3.21,Market Adjustment,USD
469,E100077,2023-10-27,36000.0,36500,1.61,Market Adjustment,USD
470,E100077,2024-08-27,36500.0,37500,3.11,Merit Increase,USD
471,E100077,2025-07-27,37500.0,39500,5.03,Merit Increase,USD
472,E100077,2026-05-27,39500.0,42500,7.11,Merit Increase,USD
473,E100078,2014-05-09,125500.0,130500,4.03,Merit Increase,USD
474,E100078,2015-05-09,130500.0,137500,5.27,Market Adjustment,USD
475,E100078,2016-06-09,137500.0,141000,2.72,Merit Increase,USD
476,E100078,2017-04-09,141000.0,147000,4.09,Market Adjustment,USD
477,E100078,2018-06-09,147000.0,149500,1.6,Merit Increase,USD
478,E100078,2019-06-09,149500.0,157000,4.95,Market Adjustment,USD
479,E100078,2020-05-09,157000.0,170000,8.42,Promotion,USD
480,E100078,2021-05-09,170000.0,179500,5.47,Market Adjustment,USD
481,E100078,2022-07-09,179500.0,189500,5.47,Merit Increase,USD
482,E100078,2023-06-09,189500.0,194500,2.51,Merit Increase,USD
483,E100078,2024-06-09,194500.0,200500,3.04,Market Adjustment,USD
484,E100078,2025-05-09,200500.0,209000,4.22,Market Adjustment,USD
485,E100078,2026-02-09,209000.0,217000,3.72,Market Adjustment,USD
486,E100079,2022-01-03,93500.0,95500,2.25,Market Adjustment,USD
487,E100079,2022-11-03,95500.0,99500,4.04,Market Adjustment,USD
488,E100079,2024-03-03,99500.0,103500,3.82,Market Adjustment,USD
489,E100079,2025-03-03,103500.0,106000,2.36,Market Adjustment,USD
490,E100079,2026-01-03,106000.0,118500,11.82,Promotion,USD
491,E100080,2015-09-30,113500.0,118500,4.44,Merit Increase,USD
492,E100080,2016-09-30,118500.0,124000,4.47,Market Adjustment,USD
493,E100080,2017-10-30,124000.0,129500,4.46,Merit Increase,USD
494,E100080,2018-12-30,129500.0,133500,3.12,Market Adjustment,USD
495,E100080,2019-10-30,133500.0,142500,6.89,Market Adjustment,USD
496,E100080,2020-10-30,142500.0,156500,9.72,Promotion,USD
497,E100081,2021-12-10,69000.0,70000,1.61,Merit Increase,USD
498,E100081,2022-10-10,70000.0,71500,2.16,Merit Increase,USD
499,E100081,2023-11-10,71500.0,73500,2.46,Market Adjustment,USD
500,E100082,2017-09-29,61000.0,63000,3.38,Merit Increase,USD
501,E100082,2018-10-29,63000.0,64000,1.94,Merit Increase,USD
502,E100082,2020-01-29,64000.0,66500,3.97,Market Adjustment,USD
503,E100082,2021-01-29,66500.0,68500,2.71,Market Adjustment,USD
504,E100082,2021-12-29,68500.0,69500,1.76,Merit Increase,USD
505,E100082,2022-10-29,69500.0,70500,1.5,Merit Increase,USD
506,E100082,2024-01-29,70500.0,72000,2.35,Market Adjustment,USD
507,E100083,2021-09-28,61500.0,63500,3.59,Merit Increase,USD
508,E100083,2022-07-28,63500.0,66500,4.36,Market Adjustment,USD
509,E100083,2023-10-28,66500.0,69500,4.52,Merit Increase,USD
510,E100083,2024-11-28,69500.0,78000,12.4,Promotion,USD
511,E100083,2026-02-28,78000.0,83000,6.09,Market Adjustment,USD
512,E100084,2020-12-05,117000.0,122000,4.41,Merit Increase,USD
513,E100084,2022-01-05,122000.0,127000,4.29,Merit Increase,USD
514,E100084,2023-06-05,127000.0,131000,3.11,Market Adjustment,USD
515,E100084,2024-04-05,131000.0,139000,6.28,Market Adjustment,USD
516,E100084,2025-08-05,139000.0,145000,4.31,Merit Increase,USD
517,E100084,2026-08-05,145000.0,152000,4.79,Merit Increase,USD
518,E100085,2017-01-21,69000.0,70500,2.49,Merit Increase,USD
519,E100085,2018-01-21,70500.0,73500,4.32,Merit Increase,USD
520,E100085,2019-02-21,73500.0,77000,4.83,Merit Increase,USD
521,E100085,2020-02-21,77000.0,79000,2.87,Merit Increase,USD
522,E100085,2021-03-21,79000.0,82000,3.63,Market Adjustment,USD
523,E100085,2022-06-21,82000.0,90000,9.96,Promotion,USD
524,E100085,2023-05-21,90000.0,93000,3.25,Market Adjustment,USD
525,E100085,2024-05-21,93000.0,95500,2.55,Market Adjustment,USD
526,E100085,2025-02-21,95500.0,97000,1.77,Market Adjustment,USD
527,E100085,2026-02-21,97000.0,104000,7.08,Promotion,USD
528,E100086,2021-05-21,24500.0,25000,2.5,Market Adjustment,USD
529,E100086,2022-05-21,25000.0,27500,10.43,Promotion,USD
530,E100086,2023-02-21,27500.0,31000,12.33,Promotion,USD
531,E100087,2021-05-30,61000.0,64000,4.52,Market Adjustment,USD
532,E100087,2022-06-30,64000.0,67000,4.87,Market Adjustment,USD
533,E100087,2023-06-30,67000.0,69500,3.82,Market Adjustment,USD
534,E100087,2024-08-30,69500.0,73500,6.01,Market Adjustment,USD
535,E100087,2025-08-30,73500.0,76500,3.87,Market Adjustment,USD
536,E100089,2019-02-18,73500.0,76000,3.33,Market Adjustment,USD
537,E100089,2020-04-18,76000.0,79000,3.76,Merit Increase,USD
538,E100089,2021-08-18,79000.0,81500,3.04,Merit Increase,USD
539,E100089,2022-07-18,81500.0,85000,4.23,Market Adjustment,USD
540,E100089,2023-06-18,85000.0,87500,2.81,Market Adjustment,USD
541,E100089,2024-07-18,87500.0,90500,3.45,Market Adjustment,USD
542,E100089,2025-07-18,90500.0,99000,9.31,Promotion,USD
543,E100089,2026-08-18,99000.0,105500,6.76,Market Adjustment,USD
544,E100090,2021-08-20,142000.0,146000,2.89,Market Adjustment,USD
545,E100090,2022-10-20,146000.0,148000,1.26,Merit Increase,USD
546,E100090,2023-07-20,148000.0,161000,8.83,Promotion,USD
547,E100091,2019-10-10,93500.0,97500,4.03,Merit Increase,USD
548,E100091,2020-10-10,97500.0,100500,3.03,Market Adjustment,USD
549,E100091,2021-11-10,100500.0,104500,3.8,Market Adjustment,USD
550,E100091,2022-12-10,104500.0,108500,3.98,Merit Increase,USD
551,E100091,2024-03-10,108500.0,120500,11.1,Promotion,USD
552,E100091,2025-05-10,120500.0,125500,4.04,Merit Increase,USD
553,E100091,2026-06-10,125500.0,138000,9.8,Promotion,USD
554,E100092,2021-09-05,75500.0,79500,5.12,Market Adjustment,USD
555,E100092,2022-10-05,79500.0,81000,2.14,Merit Increase,USD
556,E100092,2023-07-05,81000.0,87000,7.59,Promotion,USD
557,E100092,2024-06-05,87000.0,90500,4.19,Market Adjustment,USD
558,E100092,2025-05-05,90500.0,95500,5.34,Merit Increase,USD
559,E100092,2026-03-05,95500.0,108000,12.99,Promotion,USD
560,E100093,2019-03-30,70000.0,71500,2.01,Merit Increase,USD
561,E100093,2020-01-30,71500.0,78000,9.09,Promotion,USD
562,E100093,2021-03-30,78000.0,81500,4.58,Merit Increase,USD
563,E100093,2022-01-30,81500.0,84000,3.21,Merit Increase,USD
564,E100093,2023-02-28,84000.0,86500,3.22,Merit Increase,USD
565,E100094,2014-04-18,77500.0,79000,2.21,Market Adjustment,USD
566,E100094,2015-03-18,79000.0,80500,2.05,Market Adjustment,USD
567,E100094,2016-02-18,80500.0,83500,3.53,Market Adjustment,USD
568,E100094,2017-02-18,83500.0,91500,9.59,Promotion,USD
569,E100094,2018-04-18,91500.0,95000,4.01,Market Adjustment,USD
570,E100094,2019-01-18,95000.0,96500,1.59,Merit Increase,USD
571,E100094,2019-12-18,96500.0,98500,2.29,Merit Increase,USD
572,E100094,2020-11-18,98500.0,101500,2.89,Market Adjustment,USD
573,E100094,2021-12-18,101500.0,103500,1.81,Market Adjustment,USD
574,E100094,2022-11-18,103500.0,104500,1.12,Merit Increase,USD
575,E100094,2023-10-18,104500.0,108000,3.19,Market Adjustment,USD
576,E100094,2024-09-18,108000.0,110000,1.95,Market Adjustment,USD
577,E100094,2025-08-18,110000.0,114000,3.85,Market Adjustment,USD
578,E100094,2026-07-18,114000.0,119500,5.03,Market Adjustment,USD
579,E100095,2021-06-05,58000.0,61000,5.24,Market Adjustment,USD
580,E100095,2022-08-05,61000.0,63000,3.29,Merit Increase,USD
581,E100095,2023-09-05,63000.0,64000,1.6,Merit Increase,USD
582,E100095,2025-01-05,64000.0,65000,1.68,Merit Increase,USD
583,E100095,2026-02-05,65000.0,74500,14.37,Promotion,USD
584,E100096,2019-11-03,100500.0,105500,5.19,Merit Increase,USD
585,E100096,2021-01-03,105500.0,108500,2.77,Merit Increase,USD
586,E100097,2018-09-18,102500.0,108500,5.94,Market Adjustment,USD
587,E100097,2019-11-18,108500.0,111500,2.91,Merit Increase,USD
588,E100097,2020-09-18,111500.0,115500,3.74,Market Adjustment,USD
589,E100097,2021-08-18,115500.0,119500,3.66,Market Adjustment,USD
590,E100097,2022-10-18,119500.0,125500,4.83,Market Adjustment,USD
591,E100097,2024-01-18,125500.0,128000,1.96,Merit Increase,USD
592,E100097,2025-02-18,128000.0,130000,1.38,Market Adjustment,USD
593,E100097,2026-03-18,130000.0,131500,1.17,Merit Increase,USD
594,E100098,2021-07-04,72500.0,77000,6.37,Promotion,USD
595,E100098,2022-06-04,77000.0,80500,4.58,Market Adjustment,USD
596,E100098,2023-07-04,80500.0,83500,3.53,Market Adjustment,USD
597,E100098,2024-08-04,83500.0,87500,4.78,Market Adjustment,USD
598,E100098,2026-01-04,87500.0,89000,1.8,Market Adjustment,USD
599,E100099,2018-05-10,62500.0,64500,3.42,Merit Increase,USD
600,E100099,2019-09-10,64500.0,67000,4.21,Market Adjustment,USD
601,E100099,2020-11-10,67000.0,69500,3.77,Market Adjustment,USD
602,E100099,2021-10-10,69500.0,70500,1.2,Market Adjustment,USD
603,E100099,2023-01-10,70500.0,72500,2.83,Merit Increase,USD
604,E100099,2024-01-10,72500.0,73000,0.56,Market Adjustment,USD
605,E100099,2024-12-10,73000.0,75500,3.7,Merit Increase,USD
606,E100099,2026-01-10,75500.0,80000,5.91,Merit Increase,USD
607,E100100,2021-07-20,70000.0,74000,5.78,Merit Increase,USD
608,E100100,2022-10-20,74000.0,75000,1.39,Merit Increase,USD
609,E100100,2024-01-20,75000.0,76000,1.09,Market Adjustment,USD
610,E100100,2025-02-20,76000.0,79500,4.63,Merit Increase,USD
611,E100100,2026-03-20,79500.0,82000,2.94,Merit Increase,USD
612,E100101,2021-03-12,131500.0,136500,3.73,Market Adjustment,USD
613,E100101,2022-04-12,136500.0,144500,5.76,Merit Increase,USD
614,E100101,2023-04-12,144500.0,158000,9.42,Promotion,USD
615,E100102,2018-04-10,135500.0,139500,2.82,Market Adjustment,USD
616,E100102,2019-02-10,139500.0,145500,4.42,Merit Increase,USD
617,E100102,2020-03-10,145500.0,147500,1.32,Market Adjustment,USD
618,E100102,2021-04-10,147500.0,155000,5.17,Merit Increase,USD
619,E100102,2022-07-10,155000.0,167000,7.88,Promotion,USD
620,E100102,2023-10-10,167000.0,171500,2.71,Merit Increase,USD
621,E100102,2024-11-10,171500.0,176500,2.97,Market Adjustment,USD
622,E100102,2025-09-10,176500.0,192000,8.66,Promotion,USD
623,E100103,2022-01-26,72000.0,75500,4.52,Merit Increase,USD
624,E100103,2023-01-26,75500.0,80000,6.2,Merit Increase,USD
625,E100103,2024-03-26,80000.0,82500,3.32,Merit Increase,USD
626,E100103,2024-12-26,82500.0,86500,4.79,Merit Increase,USD
627,E100103,2026-03-26,86500.0,90000,4.14,Market Adjustment,USD
628,E100104,2017-06-13,82500.0,88000,6.76,Merit Increase,USD
629,E100104,2018-06-13,88000.0,103000,16.89,Promotion,USD
630,E100104,2019-08-13,103000.0,106500,3.57,Market Adjustment,USD
631,E100104,2020-11-13,106500.0,116500,9.18,Promotion,USD
632,E100104,2021-09-13,116500.0,118500,1.68,Market Adjustment,USD
633,E100104,2022-10-13,118500.0,123500,4.17,Merit Increase,USD
634,E100104,2023-09-13,123500.0,130000,5.33,Market Adjustment,USD
635,E100104,2024-10-13,130000.0,136000,4.74,Merit Increase,USD
636,E100105,2021-08-16,29500.0,30000,0.85,Market Adjustment,USD
637,E100105,2022-08-16,30000.0,31000,3.84,Merit Increase,USD
638,E100105,2023-07-16,31000.0,34500,10.82,Promotion,USD
639,E100105,2024-08-16,34500.0,35500,2.7,Market Adjustment,USD
640,E100105,2025-08-16,35500.0,36500,2.4,Market Adjustment,USD
641,E100105,2026-07-16,36500.0,38500,5.34,Merit Increase,USD
642,E100106,2021-06-05,102000.0,103500,1.45,Market Adjustment,USD
643,E100106,2022-10-05,103500.0,108000,4.36,Market Adjustment,USD
644,E100106,2023-10-05,108000.0,113500,4.92,Market Adjustment,USD
645,E100106,2025-01-05,113500.0,118500,4.37,Merit Increase,USD
646,E100107,2018-12-08,104000.0,110000,5.63,Market Adjustment,USD
647,E100107,2019-12-08,110000.0,114000,3.68,Merit Increase,USD
648,E100107,2021-02-08,114000.0,117500,3.02,Market Adjustment,USD
649,E100108,2020-03-31,93000.0,100000,7.77,Market Adjustment,USD
650,E100108,2021-03-31,100000.0,104500,4.4,Merit Increase,USD
651,E100108,2022-04-30,104500.0,109500,4.72,Market Adjustment,USD
652,E100108,2023-04-30,109500.0,114000,4.2,Merit Increase,USD
653,E100108,2024-05-30,114000.0,129500,13.58,Promotion,USD
654,E100108,2025-02-28,129500.0,143000,10.28,Promotion,USD
655,E100108,2026-07-28,143000.0,151500,5.81,Market Adjustment,USD
656,E100109,2020-09-13,70000.0,73000,4.28,Merit Increase,USD
657,E100109,2021-11-13,73000.0,74500,2.19,Market Adjustment,USD
658,E100109,2022-10-13,74500.0,76500,2.52,Market Adjustment,USD
659,E100109,2023-10-13,76500.0,81000,5.86,Market Adjustment,USD
660,E100109,2024-08-13,81000.0,86000,6.45,Market Adjustment,USD
661,E100109,2025-09-13,86000.0,87500,1.75,Merit Increase,USD
662,E100109,2026-08-13,87500.0,98500,12.32,Promotion,USD
663,E100110,2019-06-30,126000.0,128500,1.79,Market Adjustment,USD
664,E100110,2020-08-30,128500.0,131000,1.82,Merit Increase,USD
665,E100110,2021-05-30,131000.0,138500,5.7,Market Adjustment,USD
666,E100110,2022-05-30,138500.0,142500,2.91,Merit Increase,USD
667,E100110,2023-06-30,142500.0,147500,3.46,Market Adjustment,USD
668,E100110,2024-05-30,147500.0,161000,9.17,Promotion,USD
669,E100110,2025-07-30,161000.0,164500,2.05,Market Adjustment,USD
670,E100110,2026-07-30,164500.0,174500,6.0,Market Adjustment,USD
671,E100111,2015-01-19,50500.0,51500,1.99,Market Adjustment,USD
672,E100111,2016-02-19,51500.0,54500,5.37,Market Adjustment,USD
673,E100111,2017-01-19,54500.0,58000,6.38,Market Adjustment,USD
674,E100111,2018-01-19,58000.0,59000,1.76,Market Adjustment,USD
675,E100111,2019-04-19,59000.0,62500,5.88,Market Adjustment,USD
676,E100111,2020-02-19,62500.0,65000,4.16,Market Adjustment,USD
677,E100111,2021-01-19,65000.0,70000,7.94,Promotion,USD
678,E100111,2021-12-19,70000.0,72500,3.82,Market Adjustment,USD
679,E100111,2023-03-19,72500.0,80500,10.82,Promotion,USD
680,E100111,2024-04-19,80500.0,82500,2.67,Merit Increase,USD
681,E100111,2025-04-19,82500.0,89500,8.4,Promotion,USD
682,E100111,2026-01-19,89500.0,92000,2.73,Market Adjustment,USD
683,E100112,2021-04-21,34500.0,36500,5.15,Market Adjustment,USD
684,E100112,2022-05-21,36500.0,37500,3.29,Merit Increase,USD
685,E100112,2023-04-21,37500.0,39000,4.22,Market Adjustment,USD
686,E100112,2024-07-21,39000.0,43500,11.77,Promotion,USD
687,E100113,2016-12-04,76000.0,79000,3.63,Market Adjustment,USD
688,E100113,2017-09-04,79000.0,82000,3.99,Merit Increase,USD
689,E100113,2018-08-04,82000.0,84500,2.97,Merit Increase,USD
690,E100113,2019-11-04,84500.0,88500,4.82,Merit Increase,USD
691,E100113,2020-08-04,88500.0,89500,0.91,Merit Increase,USD
692,E100113,2021-09-04,89500.0,102000,13.92,Promotion,USD
693,E100113,2022-06-04,102000.0,107000,4.97,Merit Increase,USD
694,E100113,2023-11-04,107000.0,112500,5.28,Merit Increase,USD
695,E100113,2024-10-04,112500.0,117500,4.46,Market Adjustment,USD
696,E100113,2025-11-04,117500.0,125000,6.17,Merit Increase,USD
697,E100114,2020-01-01,28000.0,29000,4.38,Merit Increase,USD
698,E100114,2020-12-01,29000.0,33000,14.11,Promotion,USD
699,E100115,2019-12-27,79000.0,82000,3.75,Merit Increase,USD
700,E100115,2020-11-27,82000.0,85000,3.66,Market Adjustment,USD
701,E100115,2021-12-27,85000.0,87500,3.08,Market Adjustment,USD
702,E100115,2023-01-27,87500.0,89500,2.38,Merit Increase,USD
703,E100115,2023-11-27,89500.0,92500,3.45,Market Adjustment,USD
704,E100116,2020-08-26,128500.0,135000,4.88,Merit Increase,USD
705,E100116,2021-11-26,135000.0,140000,3.78,Market Adjustment,USD
706,E100116,2022-10-26,140000.0,144500,3.11,Merit Increase,USD
707,E100116,2023-10-26,144500.0,148000,2.51,Merit Increase,USD
708,E100116,2024-12-26,148000.0,152000,2.58,Merit Increase,USD
709,E100116,2025-09-26,152000.0,159500,5.09,Market Adjustment,USD
710,E100117,2021-09-05,45500.0,46500,2.53,Merit Increase,USD
711,E100117,2022-09-05,46500.0,48000,3.5,Market Adjustment,USD
712,E100117,2024-02-05,48000.0,49000,2.06,Merit Increase,USD
713,E100117,2024-12-05,49000.0,51500,5.41,Merit Increase,USD
714,E100117,2025-12-05,51500.0,54000,5.26,Market Adjustment,USD
715,E100118,2019-07-23,51500.0,53000,3.08,Market Adjustment,USD
716,E100118,2020-07-23,53000.0,54000,1.94,Merit Increase,USD
717,E100119,2021-01-03,74000.0,75000,1.58,Market Adjustment,USD
718,E100119,2022-05-03,75000.0,78500,4.49,Market Adjustment,USD
719,E100119,2023-09-03,78500.0,80500,2.43,Market Adjustment,USD
720,E100119,2024-11-03,80500.0,85000,5.6,Merit Increase,USD
721,E100119,2025-09-03,85000.0,88500,3.99,Market Adjustment,USD
722,E100120,2021-11-12,67500.0,69000,2.27,Merit Increase,USD
723,E100120,2022-12-12,69000.0,71000,3.14,Market Adjustment,USD
724,E100120,2023-11-12,71000.0,75000,5.63,Market Adjustment,USD
725,E100121,2019-05-22,113500.0,116500,2.47,Merit Increase,USD
726,E100121,2020-03-22,116500.0,119500,2.56,Merit Increase,USD
727,E100121,2021-04-22,119500.0,125000,4.43,Merit Increase,USD
728,E100121,2022-06-22,125000.0,128000,2.56,Merit Increase,USD
729,E100121,2023-06-22,128000.0,144000,12.32,Promotion,USD
730,E100121,2024-08-22,144000.0,148500,3.29,Merit Increase,USD
731,E100121,2025-10-22,148500.0,152500,2.66,Market Adjustment,USD
732,E100121,2026-07-22,152500.0,160000,4.86,Market Adjustment,USD
733,E100122,2020-08-21,31000.0,32000,3.76,Merit Increase,USD
734,E100122,2021-11-21,32000.0,33000,3.49,Market Adjustment,USD
735,E100122,2022-08-21,33000.0,33000,0.45,Market Adjustment,USD
736,E100123,2017-09-25,121000.0,127500,5.2,Market Adjustment,USD
737,E100123,2018-12-25,127500.0,134500,5.64,Merit Increase,USD
738,E100123,2019-10-25,134500.0,139000,3.2,Merit Increase,USD
739,E100123,2020-09-25,139000.0,144000,3.74,Market Adjustment,USD
740,E100124,2019-11-22,177000.0,178500,0.92,Merit Increase,USD
741,E100124,2020-11-22,178500.0,188500,5.69,Market Adjustment,USD
742,E100124,2021-10-22,188500.0,193000,2.46,Merit Increase,USD
743,E100125,2017-11-06,121500.0,126500,3.97,Merit Increase,USD
744,E100125,2018-10-06,126500.0,130000,2.6,Merit Increase,USD
745,E100125,2019-11-06,130000.0,136500,4.98,Market Adjustment,USD
746,E100125,2020-10-06,136500.0,141000,3.2,Market Adjustment,USD
747,E100125,2021-07-06,141000.0,154500,9.69,Promotion,USD
748,E100125,2022-08-06,154500.0,162000,4.81,Market Adjustment,USD
749,E100125,2023-07-06,162000.0,168000,3.76,Market Adjustment,USD
750,E100125,2024-08-06,168000.0,169500,0.81,Market Adjustment,USD
751,E100125,2025-06-06,169500.0,176500,4.25,Market Adjustment,USD
752,E100125,2026-07-06,176500.0,196500,11.28,Promotion,USD
753,E100126,2021-03-07,149500.0,156000,4.22,Market Adjustment,USD
754,E100126,2022-04-07,156000.0,157000,0.59,Merit Increase,USD
755,E100126,2023-04-07,157000.0,166500,6.17,Merit Increase,USD
756,E100126,2024-06-07,166500.0,170000,2.16,Market Adjustment,USD
757,E100126,2025-07-07,170000.0,187500,10.38,Promotion,USD
758,E100127,2021-06-05,124500.0,131500,5.45,Merit Increase,USD
759,E100127,2022-04-05,131500.0,137000,4.0,Merit Increase,USD
760,E100127,2023-06-05,137000.0,157000,14.46,Promotion,USD
761,E100127,2024-08-05,157000.0,159000,1.21,Merit Increase,USD
762,E100127,2025-09-05,159000.0,166000,4.27,Merit Increase,USD
763,E100128,2018-11-26,148000.0,151000,2.09,Merit Increase,USD
764,E100128,2019-09-26,151000.0,156500,3.5,Market Adjustment,USD
765,E100128,2020-10-26,156500.0,163000,4.03,Merit Increase,USD
766,E100128,2021-10-26,163000.0,168500,3.33,Market Adjustment,USD
767,E100128,2022-10-26,168500.0,174000,3.15,Market Adjustment,USD
768,E100128,2023-07-26,174000.0,177500,2.07,Merit Increase,USD
769,E100128,2024-09-26,177500.0,182500,2.83,Merit Increase,USD
770,E100128,2025-08-26,182500.0,209500,14.8,Promotion,USD
771,E100129,2021-03-24,43500.0,46000,5.74,Merit Increase,USD
772,E100129,2022-03-24,46000.0,48000,4.7,Merit Increase,USD
773,E100129,2023-03-24,48000.0,49000,2.54,Market Adjustment,USD
774,E100129,2024-05-24,49000.0,50000,2.15,Merit Increase,USD
775,E100129,2025-05-24,50000.0,51500,3.5,Merit Increase,USD
776,E100129,2026-05-24,51500.0,52500,1.46,Merit Increase,USD
777,E100130,2014-10-15,54500.0,56500,3.75,Market Adjustment,USD
778,E100130,2015-09-15,56500.0,60500,6.75,Market Adjustment,USD
779,E100130,2016-09-15,60500.0,62500,3.13,Market Adjustment,USD
780,E100130,2017-06-15,62500.0,67000,7.28,Promotion,USD
781,E100130,2018-09-15,67000.0,72500,8.44,Market Adjustment,USD
782,E100130,2019-12-15,72500.0,74000,1.94,Merit Increase,USD
783,E100130,2021-01-15,74000.0,76000,2.92,Merit Increase,USD
784,E100130,2022-01-15,76000.0,77000,1.55,Market Adjustment,USD
785,E100130,2023-03-15,77000.0,78000,1.6,Merit Increase,USD
786,E100130,2023-12-15,78000.0,80500,2.89,Merit Increase,USD
787,E100130,2024-09-15,80500.0,82500,2.29,Merit Increase,USD
788,E100130,2025-11-15,82500.0,94500,14.4,Promotion,USD
789,E100131,2021-09-03,54000.0,55500,2.68,Market Adjustment,USD
790,E100131,2022-08-03,55500.0,58500,5.73,Market Adjustment,USD
791,E100131,2023-06-03,58500.0,65000,11.37,Promotion,USD
792,E100132,2017-09-30,117500.0,117500,0.0,Market Adjustment,USD
793,E100132,2018-11-30,117500.0,125500,6.63,Promotion,USD
794,E100132,2019-12-30,125500.0,128000,2.19,Merit Increase,USD
795,E100132,2021-01-30,128000.0,133500,4.1,Market Adjustment,USD
796,E100132,2022-04-30,133500.0,139000,4.16,Merit Increase,USD
797,E100133,2019-10-07,188000.0,192000,2.03,Merit Increase,USD
798,E100133,2020-11-07,192000.0,201500,4.87,Market Adjustment,USD
799,E100133,2021-08-07,201500.0,213000,5.79,Merit Increase,USD
800,E100133,2022-08-07,213000.0,239000,12.29,Promotion,USD
801,E100133,2023-08-07,239000.0,249000,4.16,Market Adjustment,USD
802,E100133,2024-09-07,249000.0,253500,1.81,Market Adjustment,USD
803,E100133,2025-09-07,253500.0,264500,4.25,Merit Increase,USD
804,E100134,2020-11-09,36000.0,36500,1.56,Merit Increase,USD
805,E100134,2021-12-09,36500.0,37500,3.05,Market Adjustment,USD
806,E100134,2023-02-09,37500.0,38500,2.38,Market Adjustment,USD
807,E100134,2023-12-09,38500.0,41000,5.85,Merit Increase,USD
808,E100134,2024-12-09,41000.0,42000,2.14,Market Adjustment,USD
809,E100134,2025-11-09,42000.0,44500,5.62,Merit Increase,USD
810,E100135,2018-04-17,74000.0,76500,3.21,Market Adjustment,USD
811,E100135,2019-05-17,76500.0,77000,0.71,Merit Increase,USD
812,E100135,2020-04-17,77000.0,82000,6.34,Market Adjustment,USD
813,E100135,2021-04-17,82000.0,86500,5.4,Merit Increase,USD
814,E100135,2022-04-17,86500.0,87000,0.31,Merit Increase,USD
815,E100135,2023-06-17,87000.0,89500,2.98,Merit Increase,USD
816,E100136,2019-06-22,73500.0,76000,3.51,Merit Increase,USD
817,E100136,2020-07-22,76000.0,79000,4.07,Merit Increase,USD
818,E100136,2021-04-22,79000.0,90000,14.18,Promotion,USD
819,E100136,2022-04-22,90000.0,93000,3.54,Market Adjustment,USD
820,E100136,2023-05-22,93000.0,97500,4.86,Market Adjustment,USD
821,E100136,2024-08-22,97500.0,102000,4.5,Market Adjustment,USD
822,E100136,2025-05-22,102000.0,105500,3.39,Market Adjustment,USD
823,E100136,2026-04-22,105500.0,109500,3.77,Market Adjustment,USD
824,E100137,2020-04-17,119000.0,120500,1.46,Market Adjustment,USD
825,E100137,2021-05-17,120500.0,125000,3.67,Merit Increase,USD
826,E100137,2022-05-17,125000.0,129500,3.47,Market Adjustment,USD
827,E100137,2023-10-17,129500.0,134500,4.04,Merit Increase,USD
828,E100137,2025-02-17,134500.0,138500,2.8,Market Adjustment,USD
829,E100137,2026-04-17,138500.0,141500,2.28,Merit Increase,USD
830,E100138,2020-01-30,58000.0,59000,1.9,Merit Increase,USD
831,E100138,2021-02-28,59000.0,62500,5.82,Market Adjustment,USD
832,E100138,2022-02-28,62500.0,65000,3.85,Merit Increase,USD
833,E100138,2023-05-28,65000.0,67000,3.01,Market Adjustment,USD
834,E100138,2024-04-28,67000.0,68500,2.21,Market Adjustment,USD
835,E100138,2025-07-28,68500.0,71000,3.72,Merit Increase,USD
836,E100139,2019-08-17,96500.0,102000,5.51,Merit Increase,USD
837,E100139,2020-12-17,102000.0,106000,3.76,Merit Increase,USD
838,E100139,2022-02-17,106000.0,108500,2.53,Merit Increase,USD
839,E100139,2023-05-17,108500.0,113000,4.36,Market Adjustment,USD
840,E100139,2024-03-17,113000.0,117500,4.18,Merit Increase,USD
841,E100139,2025-04-17,117500.0,122000,3.77,Market Adjustment,USD
842,E100139,2026-06-17,122000.0,126000,3.43,Market Adjustment,USD
843,E100140,2020-05-20,71000.0,73000,2.98,Market Adjustment,USD
844,E100140,2021-04-20,73000.0,77000,5.17,Merit Increase,USD
845,E100140,2022-03-20,77000.0,79500,3.26,Merit Increase,USD
846,E100140,2023-03-20,79500.0,81000,2.19,Market Adjustment,USD
847,E100140,2024-07-20,81000.0,82000,1.34,Merit Increase,USD
848,E100140,2025-08-20,82000.0,84500,3.3,Merit Increase,USD
849,E100141,2021-07-25,120000.0,135000,12.48,Promotion,USD
850,E100141,2022-08-25,135000.0,141000,4.38,Market Adjustment,USD
851,E100141,2023-12-25,141000.0,142000,0.7,Market Adjustment,USD
852,E100141,2025-01-25,142000.0,145000,2.01,Market Adjustment,USD
853,E100141,2025-12-25,145000.0,148000,2.07,Market Adjustment,USD
854,E100142,2020-03-24,29500.0,32500,9.87,Promotion,USD
855,E100142,2021-04-24,32500.0,34000,4.85,Market Adjustment,USD
856,E100142,2022-03-24,34000.0,35000,2.3,Market Adjustment,USD
857,E100142,2023-04-24,35000.0,35500,0.8,Merit Increase,USD
858,E100142,2024-09-24,35500.0,36500,3.51,Market Adjustment,USD
859,E100142,2025-11-24,36500.0,37500,3.21,Market Adjustment,USD
860,E100143,2021-01-17,23500.0,24500,4.34,Market Adjustment,USD
861,E100143,2022-04-17,24500.0,24500,0.2,Merit Increase,USD
862,E100144,2021-07-07,71500.0,73000,1.84,Merit Increase,USD
863,E100144,2022-05-07,73000.0,75500,3.65,Merit Increase,USD
864,E100145,2021-05-03,93500.0,95000,1.61,Merit Increase,USD
865,E100145,2022-06-03,95000.0,98500,3.6,Merit Increase,USD
866,E100145,2023-08-03,98500.0,103000,4.53,Merit Increase,USD
867,E100145,2024-11-03,103000.0,107500,4.51,Market Adjustment,USD
868,E100145,2025-08-03,107500.0,111000,3.49,Merit Increase,USD
869,E100146,2014-05-14,101500.0,109000,7.14,Market Adjustment,USD
870,E100146,2015-07-14,109000.0,110500,1.48,Merit Increase,USD
871,E100146,2016-04-14,110500.0,114500,3.58,Merit Increase,USD
872,E100146,2017-05-14,114500.0,117500,2.68,Merit Increase,USD
873,E100146,2018-07-14,117500.0,121500,3.46,Promotion,USD
874,E100146,2019-07-14,121500.0,121500,0.08,Merit Increase,USD
875,E100146,2020-06-14,121500.0,125000,2.98,Market Adjustment,USD
876,E100146,2021-09-14,125000.0,127000,1.67,Merit Increase,USD
877,E100146,2022-09-14,127000.0,130500,2.71,Merit Increase,USD
878,E100146,2023-09-14,130500.0,134500,2.92,Merit Increase,USD
879,E100146,2024-09-14,134500.0,146500,9.04,Promotion,USD
880,E100147,2021-10-14,84000.0,87000,3.56,Market Adjustment,USD
881,E100147,2023-03-14,87000.0,90000,3.62,Merit Increase,USD
882,E100147,2024-05-14,90000.0,92000,2.36,Market Adjustment,USD
883,E100147,2025-05-14,92000.0,95000,3.03,Merit Increase,USD
884,E100147,2026-03-14,95000.0,97000,2.35,Market Adjustment,USD
885,E100148,2019-12-09,117500.0,122500,4.34,Market Adjustment,USD
886,E100148,2021-01-09,122500.0,125000,2.21,Merit Increase,USD
887,E100148,2022-02-09,125000.0,128000,2.55,Merit Increase,USD
888,E100148,2022-12-09,128000.0,131000,2.15,Market Adjustment,USD
889,E100149,2020-07-18,59500.0,62000,3.93,Merit Increase,USD
890,E100149,2021-07-18,62000.0,64500,3.92,Merit Increase,USD
891,E100149,2022-07-18,64500.0,66500,3.43,Market Adjustment,USD
892,E100149,2023-06-18,66500.0,70500,5.65,Merit Increase,USD
893,E100149,2024-03-18,70500.0,75500,7.23,Market Adjustment,USD
894,E100150,2018-04-06,64500.0,67000,3.65,Market Adjustment,USD
895,E100150,2019-05-06,67000.0,71000,5.74,Market Adjustment,USD
896,E100150,2020-03-06,71000.0,72000,1.48,Merit Increase,USD
897,E100150,2021-04-06,72000.0,74500,3.79,Merit Increase,USD
898,E100151,2020-04-21,125000.0,127500,1.88,Market Adjustment,USD
899,E100151,2021-08-21,127500.0,132000,3.43,Market Adjustment,USD
900,E100151,2022-07-21,132000.0,138000,4.56,Market Adjustment,USD
901,E100151,2023-04-21,138000.0,154500,12.13,Promotion,USD
902,E100151,2024-03-21,154500.0,158500,2.75,Market Adjustment,USD
903,E100152,2021-02-09,42500.0,43500,1.81,Market Adjustment,USD
904,E100152,2022-03-09,43500.0,45000,3.68,Market Adjustment,USD
905,E100152,2023-03-09,45000.0,46000,2.06,Merit Increase,USD
906,E100152,2024-04-09,46000.0,48000,4.55,Merit Increase,USD
907,E100152,2025-05-09,48000.0,52500,8.86,Promotion,USD
908,E100152,2026-05-09,52500.0,52500,0.19,Merit Increase,USD
909,E100153,2016-05-19,122000.0,125500,2.72,Merit Increase,USD
910,E100153,2017-03-19,125500.0,131500,4.79,Market Adjustment,USD
911,E100153,2018-06-19,131500.0,135000,2.65,Merit Increase,USD
912,E100153,2019-04-19,135000.0,140000,3.53,Merit Increase,USD
913,E100153,2020-04-19,140000.0,146500,4.62,Merit Increase,USD
914,E100153,2021-04-19,146500.0,151000,3.2,Market Adjustment,USD
915,E100153,2022-06-19,151000.0,152500,1.14,Merit Increase,USD
916,E100153,2023-06-19,152500.0,170000,11.58,Promotion,USD
917,E100153,2024-06-19,170000.0,176500,3.92,Market Adjustment,USD
918,E100153,2025-07-19,176500.0,185000,4.82,Merit Increase,USD
919,E100153,2026-07-19,185000.0,186000,0.45,Market Adjustment,USD
920,E100154,2021-04-16,51500.0,53500,3.77,Market Adjustment,USD
921,E100155,2021-09-09,65500.0,67000,2.53,Merit Increase,USD
922,E100155,2022-08-09,67000.0,69000,2.68,Merit Increase,USD
923,E100155,2023-08-09,69000.0,71500,3.68,Merit Increase,USD
924,E100155,2024-08-09,71500.0,73500,3.01,Merit Increase,USD
925,E100156,2022-01-06,54000.0,57000,5.51,Market Adjustment,USD
926,E100156,2023-01-06,57000.0,58500,2.72,Merit Increase,USD
927,E100156,2024-01-06,58500.0,60000,2.68,Market Adjustment,USD
928,E100156,2025-01-06,60000.0,62500,4.11,Market Adjustment,USD
929,E100157,2020-09-24,47500.0,49500,4.46,Market Adjustment,USD
930,E100157,2022-01-24,49500.0,54000,8.88,Promotion,USD
931,E100157,2023-02-24,54000.0,55500,3.21,Merit Increase,USD
932,E100157,2024-01-24,55500.0,57000,2.42,Market Adjustment,USD
933,E100157,2025-01-24,57000.0,60500,5.86,Market Adjustment,USD
934,E100157,2026-03-24,60500.0,62000,2.16,Market Adjustment,USD
935,E100158,2014-08-11,51500.0,53000,2.56,Market Adjustment,USD
936,E100158,2015-11-11,53000.0,56500,6.48,Market Adjustment,USD
937,E100158,2016-08-11,56500.0,58500,3.55,Merit Increase,USD
938,E100158,2017-09-11,58500.0,60500,3.09,Merit Increase,USD
939,E100158,2018-10-11,60500.0,62000,2.89,Market Adjustment,USD
940,E100158,2019-12-11,62000.0,64000,2.99,Market Adjustment,USD
941,E100158,2021-02-11,64000.0,73000,13.96,Promotion,USD
942,E100158,2022-04-11,73000.0,75500,3.22,Market Adjustment,USD
943,E100158,2023-01-11,75500.0,78500,4.23,Merit Increase,USD
944,E100158,2023-11-11,78500.0,82000,4.19,Market Adjustment,USD
945,E100158,2024-12-11,82000.0,84500,3.19,Merit Increase,USD
946,E100158,2026-01-11,84500.0,89500,5.68,Merit Increase,USD
947,E100159,2018-04-21,180500.0,181500,0.67,Merit Increase,USD
948,E100159,2019-08-21,181500.0,183500,1.13,Merit Increase,USD
949,E100159,2020-09-21,183500.0,203500,10.78,Promotion,USD
950,E100159,2021-10-21,203500.0,234000,14.9,Promotion,USD
951,E100160,2020-09-30,28500.0,32000,11.85,Promotion,USD
952,E100160,2021-07-30,32000.0,33000,2.47,Market Adjustment,USD
953,E100160,2022-07-30,33000.0,34500,4.31,Merit Increase,USD
954,E100161,2020-07-27,49000.0,51500,4.88,Merit Increase,USD
955,E100161,2021-10-27,51500.0,54000,4.38,Merit Increase,USD
956,E100162,2020-12-21,117500.0,121500,3.55,Market Adjustment,USD
957,E100162,2021-09-21,121500.0,133000,9.43,Promotion,USD
958,E100163,2018-09-08,126000.0,129000,2.56,Merit Increase,USD
959,E100163,2019-06-08,129000.0,132500,2.66,Merit Increase,USD
960,E100163,2020-06-08,132500.0,137500,3.78,Merit Increase,USD
961,E100163,2021-08-08,137500.0,141500,3.04,Merit Increase,USD
962,E100163,2022-08-08,141500.0,145000,2.54,Merit Increase,USD
963,E100163,2023-08-08,145000.0,152000,4.9,Merit Increase,USD
964,E100163,2024-06-08,152000.0,153000,0.56,Market Adjustment,USD
965,E100164,2020-02-29,49500.0,51500,3.96,Market Adjustment,USD
966,E100164,2021-01-29,51500.0,53000,3.34,Market Adjustment,USD
967,E100164,2022-02-28,53000.0,55500,4.57,Market Adjustment,USD
968,E100164,2023-01-28,55500.0,59000,5.86,Market Adjustment,USD
969,E100164,2024-01-28,59000.0,60500,2.51,Market Adjustment,USD
970,E100164,2025-02-28,60500.0,61500,1.41,Market Adjustment,USD
971,E100164,2026-07-28,61500.0,64000,4.2,Merit Increase,USD
972,E100165,2019-02-26,59500.0,61500,3.22,Market Adjustment,USD
973,E100165,2020-04-26,61500.0,63500,2.93,Market Adjustment,USD
974,E100165,2021-03-26,63500.0,66500,4.56,Merit Increase,USD
975,E100165,2022-01-26,66500.0,69000,3.85,Merit Increase,USD
976,E100165,2023-02-26,69000.0,72000,4.08,Market Adjustment,USD
977,E100165,2024-03-26,72000.0,73500,2.07,Market Adjustment,USD
978,E100165,2025-03-26,73500.0,76000,3.12,Market Adjustment,USD
979,E100165,2026-04-26,76000.0,80500,5.6,Promotion,USD
980,E100166,2022-03-10,77000.0,87000,13.18,Promotion,USD
981,E100166,2023-03-10,87000.0,90000,3.61,Merit Increase,USD
982,E100166,2024-08-10,90000.0,90500,0.69,Market Adjustment,USD
983,E100167,2019-11-26,76000.0,80000,5.36,Merit Increase,USD
984,E100167,2021-01-26,80000.0,85500,6.75,Market Adjustment,USD
985,E100167,2022-03-26,85500.0,94000,9.67,Promotion,USD
986,E100167,2023-03-26,94000.0,98500,4.53,Market Adjustment,USD
987,E100167,2024-06-26,98500.0,101000,2.44,Merit Increase,USD
988,E100167,2025-07-26,101000.0,101500,0.56,Market Adjustment,USD
989,E100167,2026-07-26,101500.0,107500,6.09,Market Adjustment,USD
990,E100168,2021-04-05,61500.0,65500,6.17,Merit Increase,USD
991,E100168,2022-04-05,65500.0,67500,3.4,Merit Increase,USD
992,E100169,2021-11-19,26000.0,28000,7.88,Merit Increase,USD
993,E100169,2022-12-19,28000.0,28500,1.79,Market Adjustment,USD
994,E100170,2020-07-25,34000.0,35000,2.28,Merit Increase,USD
995,E100170,2021-06-25,35000.0,36500,3.83,Market Adjustment,USD
996,E100170,2022-04-25,36500.0,41000,12.47,Promotion,USD
997,E100170,2023-06-25,41000.0,42000,2.57,Market Adjustment,USD
998,E100170,2024-07-25,42000.0,44000,4.5,Market Adjustment,USD
999,E100170,2025-09-25,44000.0,45500,3.67,Merit Increase,USD
1000,E100172,2020-06-11,62500.0,65000,3.71,Merit Increase,USD
1001,E100172,2021-05-11,65000.0,66000,1.22,Merit Increase,USD
1002,E100172,2022-02-11,66000.0,66500,0.87,Market Adjustment,USD
1003,E100172,2022-11-11,66500.0,70000,5.04,Market Adjustment,USD
1004,E100172,2023-12-11,70000.0,72500,3.56,Merit Increase,USD
1005,E100172,2024-12-11,72500.0,73000,0.63,Market Adjustment,USD
1006,E100172,2026-01-11,73000.0,81500,11.68,Promotion,USD
1007,E100173,2021-11-25,24000.0,24500,2.46,Merit Increase,USD
1008,E100173,2023-01-25,24500.0,25000,2.35,Merit Increase,USD
1009,E100173,2024-04-25,25000.0,29000,15.8,Promotion,USD
1010,E100173,2025-07-25,29000.0,30000,3.64,Merit Increase,USD
1011,E100173,2026-07-25,30000.0,33500,11.3,Promotion,USD
1012,E100174,2018-11-20,152000.0,158500,4.33,Merit Increase,USD
1013,E100174,2019-08-20,158500.0,162000,2.11,Merit Increase,USD
1014,E100174,2020-08-20,162000.0,170000,4.98,Market Adjustment,USD
1015,E100174,2022-01-20,170000.0,176000,3.61,Market Adjustment,USD
1016,E100174,2023-03-20,176000.0,178000,1.18,Market Adjustment,USD
1017,E100174,2024-02-20,178000.0,185000,4.03,Market Adjustment,USD
1018,E100174,2024-11-20,185000.0,192000,3.87,Merit Increase,USD
1019,E100174,2025-11-20,192000.0,199000,3.57,Merit Increase,USD
1020,E100175,2021-05-14,54000.0,56500,5.09,Market Adjustment,USD
1021,E100175,2022-07-14,56500.0,64000,13.15,Promotion,USD
1022,E100175,2023-09-14,64000.0,66000,3.47,Market Adjustment,USD
1023,E100175,2024-09-14,66000.0,69000,4.89,Merit Increase,USD
1024,E100175,2025-08-14,69000.0,72000,4.25,Market Adjustment,USD
1025,E100176,2021-10-30,117500.0,120000,2.08,Market Adjustment,USD
1026,E100176,2022-12-30,120000.0,124500,3.82,Merit Increase,USD
1027,E100176,2024-01-30,124500.0,128500,3.18,Market Adjustment,USD
1028,E100176,2025-05-30,128500.0,134000,4.38,Merit Increase,USD
1029,E100177,2020-03-13,141000.0,148000,5.0,Market Adjustment,USD
1030,E100178,2019-04-19,54000.0,58000,7.33,Promotion,USD
1031,E100178,2020-05-19,58000.0,59000,1.96,Market Adjustment,USD
1032,E100178,2021-04-19,59000.0,60000,1.47,Market Adjustment,USD
1033,E100178,2022-01-19,60000.0,62000,3.38,Market Adjustment,USD
1034,E100178,2022-12-19,62000.0,69500,11.99,Promotion,USD
1035,E100178,2023-12-19,69500.0,73000,5.07,Merit Increase,USD
1036,E100178,2025-04-19,73000.0,77000,5.22,Market Adjustment,USD
1037,E100179,2020-02-29,177500.0,187000,5.47,Market Adjustment,USD
1038,E100179,2021-01-29,187000.0,196000,4.84,Merit Increase,USD
1039,E100179,2022-04-29,196000.0,203000,3.62,Merit Increase,USD
1040,E100179,2023-05-29,203000.0,216500,6.57,Merit Increase,USD
1041,E100179,2024-04-29,216500.0,238500,10.19,Promotion,USD
1042,E100179,2025-06-29,238500.0,243500,2.17,Merit Increase,USD
1043,E100179,2026-06-29,243500.0,247500,1.67,Market Adjustment,USD
1044,E100180,2021-01-09,115500.0,117000,1.5,Market Adjustment,USD
1045,E100180,2021-12-09,117000.0,123000,5.04,Market Adjustment,USD
1046,E100180,2023-01-09,123000.0,136500,10.89,Promotion,USD
1047,E100181,2021-08-20,106500.0,114000,6.86,Market Adjustment,USD
1048,E100181,2022-10-20,114000.0,114000,0.0,Merit Increase,USD
1049,E100181,2023-10-20,114000.0,116000,1.92,Merit Increase,USD
1050,E100181,2024-10-20,116000.0,121000,4.22,Merit Increase,USD
1051,E100182,2021-08-26,167500.0,171500,2.46,Market Adjustment,USD
1052,E100182,2022-11-26,171500.0,181500,5.88,Market Adjustment,USD
1053,E100182,2024-02-26,181500.0,184000,1.47,Merit Increase,USD
1054,E100182,2025-02-26,184000.0,188500,2.41,Merit Increase,USD
1055,E100182,2026-04-26,188500.0,194500,3.06,Market Adjustment,USD
1056,E100183,2019-03-10,141500.0,145000,2.63,Market Adjustment,USD
1057,E100183,2020-06-10,145000.0,148500,2.58,Market Adjustment,USD
1058,E100183,2021-08-10,148500.0,153000,3.01,Market Adjustment,USD
1059,E100183,2022-06-10,153000.0,161000,5.23,Market Adjustment,USD
1060,E100184,2018-10-15,39000.0,39500,1.55,Market Adjustment,USD
1061,E100184,2019-08-15,39500.0,42000,5.81,Merit Increase,USD
1062,E100184,2020-09-15,42000.0,43500,3.34,Market Adjustment,USD
1063,E100184,2021-09-15,43500.0,44500,2.33,Market Adjustment,USD
1064,E100184,2022-11-15,44500.0,47000,5.63,Merit Increase,USD
1065,E100184,2024-01-15,47000.0,49000,4.42,Merit Increase,USD
1066,E100184,2025-01-15,49000.0,51000,4.45,Market Adjustment,USD
1067,E100184,2026-05-15,51000.0,52500,3.1,Market Adjustment,USD
1068,E100185,2014-12-23,155000.0,181000,16.85,Promotion,USD
1069,E100185,2016-01-23,181000.0,189500,4.77,Merit Increase,USD
1070,E100185,2017-01-23,189500.0,197000,3.99,Market Adjustment,USD
1071,E100185,2018-01-23,197000.0,207500,5.26,Merit Increase,USD
1072,E100185,2019-05-23,207500.0,211000,1.69,Merit Increase,USD
1073,E100185,2020-05-23,211000.0,216500,2.69,Market Adjustment,USD
1074,E100185,2021-05-23,216500.0,223500,3.14,Merit Increase,USD
1075,E100185,2022-04-23,223500.0,232500,3.92,Market Adjustment,USD
1076,E100185,2023-02-23,232500.0,243500,4.82,Market Adjustment,USD
1077,E100185,2024-03-23,243500.0,248000,1.91,Merit Increase,USD
1078,E100185,2025-01-23,248000.0,259500,4.67,Merit Increase,USD
1079,E100185,2025-12-23,259500.0,274500,5.82,Market Adjustment,USD
1080,E100186,2020-01-04,74000.0,76000,2.92,Merit Increase,USD
1081,E100186,2021-01-04,76000.0,79500,4.5,Market Adjustment,USD
1082,E100187,2017-10-27,113000.0,116000,2.49,Market Adjustment,USD
1083,E100187,2018-09-27,116000.0,119000,2.43,Merit Increase,USD
1084,E100187,2019-09-27,119000.0,120000,0.73,Market Adjustment,USD
1085,E100187,2020-11-27,120000.0,124500,3.6,Merit Increase,USD
1086,E100187,2021-11-27,124500.0,131000,5.21,Market Adjustment,USD
1087,E100187,2023-01-27,131000.0,136000,3.69,Merit Increase,USD
1088,E100188,2015-07-06,128500.0,134000,4.39,Merit Increase,USD
1089,E100188,2016-09-06,134000.0,134000,0.0,Merit Increase,USD
1090,E100188,2018-01-06,134000.0,139500,4.0,Merit Increase,USD
1091,E100188,2019-03-06,139500.0,159500,14.25,Promotion,USD
1092,E100188,2020-03-06,159500.0,164000,2.88,Market Adjustment,USD
1093,E100188,2021-04-06,164000.0,176500,7.64,Market Adjustment,USD
1094,E100188,2022-04-06,176500.0,181000,2.54,Merit Increase,USD
1095,E100189,2018-02-23,129000.0,133500,3.34,Merit Increase,USD
1096,E100189,2019-01-23,133500.0,139500,4.44,Market Adjustment,USD
1097,E100189,2020-02-23,139500.0,142000,1.85,Merit Increase,USD
1098,E100189,2021-04-23,142000.0,145000,2.27,Market Adjustment,USD
1099,E100189,2022-04-23,145000.0,149000,2.86,Merit Increase,USD
1100,E100189,2023-06-23,149000.0,153000,2.81,Merit Increase,USD
1101,E100189,2024-03-23,153000.0,164500,7.65,Promotion,USD
1102,E100189,2025-04-23,164500.0,168500,2.51,Merit Increase,USD
1103,E100190,2017-03-18,30000.0,31500,4.37,Merit Increase,USD
1104,E100190,2018-05-18,31500.0,32500,3.76,Market Adjustment,USD
1105,E100190,2019-06-18,32500.0,33500,3.3,Merit Increase,USD
1106,E100190,2020-07-18,33500.0,34500,2.77,Merit Increase,USD
1107,E100190,2021-08-18,34500.0,35500,3.07,Market Adjustment,USD
1108,E100190,2022-08-18,35500.0,36500,2.5,Market Adjustment,USD
1109,E100190,2023-08-18,36500.0,42000,15.53,Promotion,USD
1110,E100190,2024-08-18,42000.0,44000,4.91,Market Adjustment,USD
1111,E100190,2025-10-18,44000.0,49000,11.74,Promotion,USD
1112,E100191,2020-09-19,62500.0,64000,2.63,Market Adjustment,USD
1113,E100191,2022-01-19,64000.0,67500,5.09,Market Adjustment,USD
1114,E100191,2023-02-19,67500.0,70000,3.6,Market Adjustment,USD
1115,E100191,2024-04-19,70000.0,71500,1.91,Market Adjustment,USD
1116,E100192,2020-02-17,22000.0,22500,3.18,Market Adjustment,USD
1117,E100192,2021-05-17,22500.0,23000,3.08,Merit Increase,USD
1118,E100192,2022-10-17,23000.0,23500,2.85,Market Adjustment,USD
1119,E100192,2023-11-17,23500.0,24000,3.08,Merit Increase,USD
1120,E100192,2024-08-17,24000.0,24500,3.09,Market Adjustment,USD
1121,E100192,2025-07-17,24500.0,27500,11.7,Promotion,USD
1122,E100193,2021-08-16,51000.0,53000,4.06,Market Adjustment,USD
1123,E100193,2022-08-16,53000.0,55500,4.85,Market Adjustment,USD
1124,E100193,2024-01-16,55500.0,58500,5.73,Merit Increase,USD
1125,E100194,2017-04-25,184000.0,191500,3.95,Merit Increase,USD
1126,E100194,2018-07-25,191500.0,195500,1.96,Market Adjustment,USD
1127,E100194,2019-07-25,195500.0,203000,3.77,Market Adjustment,USD
1128,E100194,2020-07-25,203000.0,211000,3.93,Market Adjustment,USD
1129,E100195,2014-06-28,123000.0,126500,2.81,Market Adjustment,USD
1130,E100195,2015-05-28,126500.0,131500,3.96,Market Adjustment,USD
1131,E100195,2016-05-28,131500.0,144000,9.38,Promotion,USD
1132,E100195,2017-03-28,144000.0,162000,12.62,Promotion,USD
1133,E100195,2018-05-28,162000.0,165500,2.09,Market Adjustment,USD
1134,E100195,2019-06-28,165500.0,170000,2.68,Merit Increase,USD
1135,E100195,2020-08-28,170000.0,174500,2.76,Market Adjustment,USD
1136,E100195,2021-08-28,174500.0,181000,3.7,Market Adjustment,USD
1137,E100195,2022-08-28,181000.0,186000,2.77,Merit Increase,USD
1138,E100196,2017-02-22,33000.0,34000,2.94,Market Adjustment,USD
1139,E100196,2018-03-22,34000.0,35000,3.26,Market Adjustment,USD
1140,E100196,2019-04-22,35000.0,37500,7.54,Promotion,USD
1141,E100196,2020-09-22,37500.0,39000,3.53,Market Adjustment,USD
1142,E100196,2021-11-22,39000.0,40500,4.22,Merit Increase,USD
1143,E100196,2022-12-22,40500.0,42000,4.18,Merit Increase,USD
1144,E100196,2024-01-22,42000.0,43500,3.24,Market Adjustment,USD
1145,E100197,2020-11-09,111000.0,112000,1.11,Market Adjustment,USD
1146,E100198,2021-06-26,44000.0,46500,5.95,Market Adjustment,USD
1147,E100198,2022-06-26,46500.0,46500,0.0,Merit Increase,USD
1148,E100198,2023-06-26,46500.0,47000,1.1,Market Adjustment,USD
1149,E100198,2024-05-26,47000.0,51500,9.29,Promotion,USD
1150,E100198,2025-06-26,51500.0,53500,3.88,Merit Increase,USD
1151,E100199,2020-10-08,69500.0,81000,16.82,Promotion,USD
1152,E100200,2018-03-05,103500.0,108500,4.83,Market Adjustment,USD
1153,E100200,2019-02-05,108500.0,110000,1.6,Merit Increase,USD
1154,E100200,2020-03-05,110000.0,113000,2.9,Market Adjustment,USD
1155,E100200,2021-05-05,113000.0,118000,4.6,Market Adjustment,USD
1156,E100200,2022-07-05,118000.0,128000,8.64,Promotion,USD
1157,E100200,2023-06-05,128000.0,132500,3.66,Market Adjustment,USD
1158,E100200,2024-06-05,132500.0,138000,4.18,Merit Increase,USD
1159,E100201,2019-09-04,31500.0,32000,1.47,Merit Increase,USD
1160,E100201,2020-06-04,32000.0,32500,1.56,Market Adjustment,USD
1161,E100201,2021-04-04,32500.0,34000,4.5,Merit Increase,USD
1162,E100202,2020-10-13,26500.0,27500,4.58,Merit Increase,USD
1163,E100203,2019-01-15,71000.0,74500,4.61,Merit Increase,USD
1164,E100203,2020-02-15,74500.0,75500,1.16,Merit Increase,USD
1165,E100203,2020-12-15,75500.0,78000,2.99,Merit Increase,USD
1166,E100203,2022-01-15,78000.0,81500,4.22,Market Adjustment,USD
1167,E100203,2023-01-15,81500.0,82500,0.96,Market Adjustment,USD
1168,E100203,2024-01-15,82500.0,83000,0.74,Merit Increase,USD
1169,E100203,2025-01-15,83000.0,86500,4.34,Merit Increase,USD
1170,E100203,2026-02-15,86500.0,89000,2.75,Market Adjustment,USD
1171,E100204,2021-01-15,161500.0,165500,2.54,Market Adjustment,USD
1172,E100204,2021-10-15,165500.0,170000,2.7,Market Adjustment,USD
1173,E100205,2021-03-19,75500.0,78000,3.09,Merit Increase,USD
1174,E100205,2022-04-19,78000.0,82000,5.11,Promotion,USD
1175,E100205,2023-03-19,82000.0,93500,13.94,Promotion,USD
1176,E100206,2021-06-26,175000.0,181500,3.62,Merit Increase,USD
1177,E100207,2021-10-14,89000.0,101000,13.47,Promotion,USD
1178,E100207,2022-08-14,101000.0,112500,11.43,Promotion,USD
1179,E100207,2023-10-14,112500.0,116500,3.57,Market Adjustment,USD
1180,E100207,2024-10-14,116500.0,120500,3.26,Merit Increase,USD
1181,E100207,2025-12-14,120500.0,125000,3.79,Merit Increase,USD
1182,E100208,2020-09-19,113500.0,117000,3.02,Market Adjustment,USD
1183,E100209,2020-06-14,134000.0,136500,1.81,Market Adjustment,USD
1184,E100209,2021-11-14,136500.0,142000,4.13,Merit Increase,USD
1185,E100209,2022-11-14,142000.0,145500,2.46,Merit Increase,USD
1186,E100210,2021-11-25,35000.0,36000,3.36,Market Adjustment,USD
1187,E100212,2019-09-22,42500.0,44000,3.89,Market Adjustment,USD
1188,E100212,2020-10-22,44000.0,50000,13.71,Promotion,USD
1189,E100212,2022-02-22,50000.0,51500,3.1,Market Adjustment,USD
1190,E100212,2023-04-22,51500.0,52500,1.94,Merit Increase,USD
1191,E100212,2024-01-22,52500.0,53500,2.03,Merit Increase,USD
1192,E100212,2025-01-22,53500.0,57000,6.73,Merit Increase,USD
1193,E100213,2021-06-18,66500.0,68000,2.61,Merit Increase,USD
1194,E100213,2022-07-18,68000.0,70500,3.56,Market Adjustment,USD
1195,E100214,2022-03-31,108000.0,112500,4.17,Merit Increase,USD
1196,E100214,2023-03-31,112500.0,117000,3.94,Merit Increase,USD
1197,E100214,2024-03-31,117000.0,117500,0.6,Market Adjustment,USD
1198,E100214,2025-04-30,117500.0,125500,6.84,Market Adjustment,USD
1199,E100216,2016-09-17,69000.0,71500,3.5,Market Adjustment,USD
1200,E100216,2017-06-17,71500.0,73000,1.92,Merit Increase,USD
1201,E100216,2018-06-17,73000.0,76500,4.89,Merit Increase,USD
1202,E100216,2019-10-17,76500.0,78000,1.89,Merit Increase,USD
1203,E100216,2020-12-17,78000.0,81500,4.31,Promotion,USD
1204,E100216,2021-12-17,81500.0,84500,3.46,Market Adjustment,USD
1205,E100216,2023-04-17,84500.0,86500,2.28,Merit Increase,USD
1206,E100216,2024-04-17,86500.0,98500,13.98,Promotion,USD
1207,E100216,2025-03-17,98500.0,101000,2.71,Market Adjustment,USD
1208,E100216,2026-01-17,101000.0,105500,4.43,Merit Increase,USD
1209,E100218,2020-08-08,133500.0,136500,2.36,Market Adjustment,USD
1210,E100218,2021-06-08,136500.0,140500,3.08,Market Adjustment,USD
1211,E100218,2022-09-08,140500.0,144000,2.45,Merit Increase,USD
1212,E100219,2016-07-16,133000.0,137500,3.4,Market Adjustment,USD
1213,E100219,2017-09-16,137500.0,147000,7.05,Promotion,USD
1214,E100219,2018-10-16,147000.0,155000,5.36,Merit Increase,USD
1215,E100219,2019-08-16,155000.0,173000,11.57,Promotion,USD
1216,E100219,2020-06-16,173000.0,197500,14.29,Promotion,USD
1217,E100219,2021-10-16,197500.0,201000,1.71,Merit Increase,USD
1218,E100219,2022-11-16,201000.0,209000,4.04,Merit Increase,USD
1219,E100219,2023-12-16,209000.0,215500,3.16,Market Adjustment,USD
1220,E100219,2024-11-16,215500.0,218000,1.15,Merit Increase,USD
1221,E100219,2025-11-16,218000.0,228500,4.8,Market Adjustment,USD
1222,E100220,2021-09-30,74000.0,80000,8.03,Promotion,USD
1223,E100221,2019-06-08,77500.0,81500,5.27,Promotion,USD
1224,E100221,2020-03-08,81500.0,82500,1.48,Merit Increase,USD
1225,E100221,2021-04-08,82500.0,83500,1.04,Merit Increase,USD
1226,E100221,2022-05-08,83500.0,85500,2.26,Market Adjustment,USD
1227,E100221,2023-08-08,85500.0,87500,2.6,Market Adjustment,USD
1228,E100221,2024-08-08,87500.0,89500,2.37,Merit Increase,USD
1229,E100221,2025-07-08,89500.0,93000,3.63,Merit Increase,USD
1230,E100221,2026-08-08,93000.0,96000,3.43,Market Adjustment,USD
1231,E100222,2022-01-01,38000.0,38500,1.69,Merit Increase,USD
1232,E100222,2022-11-01,38500.0,39500,2.65,Merit Increase,USD
1233,E100222,2024-01-01,39500.0,40000,1.79,Market Adjustment,USD
1234,E100222,2025-02-01,40000.0,41500,3.29,Promotion,USD
1235,E100222,2026-04-01,41500.0,43500,5.07,Market Adjustment,USD
1236,E100223,2021-03-05,63500.0,65000,2.46,Market Adjustment,USD
1237,E100223,2022-02-05,65000.0,66500,2.23,Market Adjustment,USD
1238,E100224,2018-03-21,100000.0,103500,3.32,Market Adjustment,USD
1239,E100224,2019-05-21,103500.0,112000,8.06,Merit Increase,USD
1240,E100224,2020-09-21,112000.0,124500,10.95,Promotion,USD
1241,E100224,2021-08-21,124500.0,141500,13.5,Promotion,USD
1242,E100224,2022-10-21,141500.0,147500,4.31,Merit Increase,USD
1243,E100224,2024-01-21,147500.0,150500,2.08,Market Adjustment,USD
1244,E100224,2025-02-21,150500.0,167000,10.89,Promotion,USD
1245,E100224,2026-04-21,167000.0,171500,2.81,Market Adjustment,USD
1246,E100225,2019-12-18,64500.0,66500,3.47,Merit Increase,USD
1247,E100225,2021-04-18,66500.0,68500,2.72,Merit Increase,USD
1248,E100225,2022-04-18,68500.0,72000,5.1,Market Adjustment,USD
1249,E100225,2023-05-18,72000.0,72500,0.93,Market Adjustment,USD
1250,E100226,2020-03-24,84000.0,96500,15.1,Promotion,USD
1251,E100226,2021-06-24,96500.0,100000,3.4,Market Adjustment,USD
1252,E100226,2022-08-24,100000.0,103500,3.38,Market Adjustment,USD
1253,E100226,2023-07-24,103500.0,109000,5.14,Merit Increase,USD
1254,E100226,2024-10-24,109000.0,113500,3.9,Merit Increase,USD
1255,E100226,2025-09-24,113500.0,117500,3.46,Merit Increase,USD
1256,E100227,2016-11-20,148500.0,163500,10.08,Promotion,USD
1257,E100227,2017-12-20,163500.0,182500,11.56,Promotion,USD
1258,E100227,2018-12-20,182500.0,189500,3.88,Market Adjustment,USD
1259,E100227,2020-01-20,189500.0,205500,8.55,Promotion,USD
1260,E100227,2020-12-20,205500.0,208500,1.39,Merit Increase,USD
1261,E100227,2021-11-20,208500.0,220500,5.64,Market Adjustment,USD
1262,E100227,2023-01-20,220500.0,239500,8.59,Promotion,USD
1263,E100228,2014-09-22,49000.0,51000,4.59,Merit Increase,USD
1264,E100228,2015-10-22,51000.0,57500,13.05,Promotion,USD
1265,E100228,2016-10-22,57500.0,60500,5.0,Merit Increase,USD
1266,E100228,2017-08-22,60500.0,62000,2.61,Merit Increase,USD
1267,E100228,2018-08-22,62000.0,70500,13.41,Promotion,USD
1268,E100228,2019-07-22,70500.0,72000,2.05,Market Adjustment,USD
1269,E100228,2020-08-22,72000.0,77000,7.16,Market Adjustment,USD
1270,E100228,2021-07-22,77000.0,81000,5.36,Merit Increase,USD
1271,E100228,2022-07-22,81000.0,84000,3.51,Market Adjustment,USD
1272,E100228,2023-06-22,84000.0,87500,4.44,Market Adjustment,USD
1273,E100228,2024-09-22,87500.0,92500,5.76,Market Adjustment,USD
1274,E100228,2025-10-22,92500.0,95000,2.46,Market Adjustment,USD
1275,E100229,2020-06-06,74000.0,75500,2.34,Market Adjustment,USD
1276,E100229,2021-07-06,75500.0,77000,2.05,Merit Increase,USD
1277,E100229,2022-07-06,77000.0,80500,4.44,Merit Increase,USD
1278,E100230,2020-11-25,31000.0,32500,5.28,Market Adjustment,USD
1279,E100230,2021-10-25,32500.0,34000,3.9,Market Adjustment,USD
1280,E100230,2022-07-25,34000.0,34500,1.5,Market Adjustment,USD
1281,E100230,2023-08-25,34500.0,38500,12.06,Promotion,USD
1282,E100230,2024-10-25,38500.0,39500,3.22,Market Adjustment,USD
1283,E100230,2026-02-25,39500.0,41000,4.33,Merit Increase,USD
1284,E100231,2019-03-11,126500.0,131000,3.69,Market Adjustment,USD
1285,E100231,2020-03-11,131000.0,136000,3.83,Merit Increase,USD
1286,E100231,2021-03-11,136000.0,139500,2.6,Merit Increase,USD
1287,E100231,2022-02-11,139500.0,144500,3.41,Market Adjustment,USD
1288,E100231,2023-04-11,144500.0,147000,1.89,Market Adjustment,USD
1289,E100231,2024-04-11,147000.0,155500,5.64,Merit Increase,USD
1290,E100231,2025-01-11,155500.0,162500,4.46,Merit Increase,USD
1291,E100231,2026-01-11,162500.0,166500,2.33,Market Adjustment,USD
1292,E100232,2014-10-09,78000.0,86500,10.61,Promotion,USD
1293,E100232,2015-08-09,86500.0,88500,2.2,Merit Increase,USD
1294,E100232,2016-08-09,88500.0,100500,13.6,Promotion,USD
1295,E100232,2017-07-09,100500.0,104000,3.46,Merit Increase,USD
1296,E100232,2018-06-09,104000.0,114000,9.8,Promotion,USD
1297,E100232,2019-06-09,114000.0,116500,2.1,Merit Increase,USD
1298,E100232,2020-05-09,116500.0,119500,2.72,Market Adjustment,USD
1299,E100232,2021-09-09,119500.0,124000,3.59,Market Adjustment,USD
1300,E100232,2022-08-09,124000.0,130000,4.77,Merit Increase,USD
1301,E100232,2023-10-09,130000.0,133000,2.13,Merit Increase,USD
1302,E100233,2019-09-22,75000.0,78000,4.13,Market Adjustment,USD
1303,E100233,2020-10-22,78000.0,81000,4.01,Market Adjustment,USD
1304,E100233,2021-10-22,81000.0,84500,4.47,Merit Increase,USD
1305,E100233,2022-10-22,84500.0,89500,5.86,Market Adjustment,USD
1306,E100233,2023-07-22,89500.0,91500,2.14,Merit Increase,USD
1307,E100233,2024-08-22,91500.0,94500,3.38,Market Adjustment,USD
1308,E100234,2021-10-29,133000.0,143000,7.36,Promotion,USD
1309,E100234,2022-08-29,143000.0,147500,3.31,Merit Increase,USD
1310,E100235,2021-10-21,35500.0,36000,0.8,Merit Increase,USD
1311,E100235,2022-11-21,36000.0,37500,4.23,Merit Increase,USD
1312,E100235,2023-09-21,37500.0,38500,2.91,Merit Increase,USD
1313,E100235,2024-11-21,38500.0,39000,1.76,Merit Increase,USD
1314,E100235,2025-11-21,39000.0,40000,2.5,Market Adjustment,USD
1315,E100236,2020-06-01,42500.0,43000,0.76,Market Adjustment,USD
1316,E100236,2021-08-01,43000.0,44500,3.01,Merit Increase,USD
1317,E100236,2022-06-01,44500.0,45500,2.76,Merit Increase,USD
1318,E100237,2020-07-20,74500.0,78500,5.7,Market Adjustment,USD
1319,E100237,2021-05-20,78500.0,82500,5.13,Merit Increase,USD
1320,E100237,2022-04-20,82500.0,87000,5.34,Merit Increase,USD
1321,E100237,2023-07-20,87000.0,94000,8.02,Promotion,USD
1322,E100237,2024-08-20,94000.0,97500,3.81,Merit Increase,USD
1323,E100237,2025-10-20,97500.0,99500,1.8,Merit Increase,USD
1324,E100238,2020-06-22,18000.0,19000,5.76,Merit Increase,USD
1325,E100238,2021-07-22,19000.0,19500,2.04,Market Adjustment,USD
1326,E100238,2022-08-22,19500.0,20000,1.98,Merit Increase,USD
1327,E100238,2023-05-22,20000.0,20500,3.26,Merit Increase,USD
1328,E100238,2024-06-22,20500.0,21500,3.79,Merit Increase,USD
1329,E100238,2025-07-22,21500.0,23000,6.18,Merit Increase,USD
1330,E100239,2018-11-19,95000.0,99500,4.91,Merit Increase,USD
1331,E100239,2020-04-19,99500.0,105500,6.14,Market Adjustment,USD
1332,E100239,2021-07-19,105500.0,109000,3.3,Merit Increase,USD
1333,E100239,2022-05-19,109000.0,111000,2.06,Market Adjustment,USD
1334,E100239,2023-07-19,111000.0,115500,3.94,Market Adjustment,USD
1335,E100239,2024-08-19,115500.0,121000,4.87,Market Adjustment,USD
1336,E100239,2025-11-19,121000.0,127500,5.25,Market Adjustment,USD
1337,E100240,2019-03-12,34500.0,35500,2.71,Market Adjustment,USD
1338,E100240,2020-04-12,35500.0,37000,4.04,Market Adjustment,USD
1339,E100240,2021-04-12,37000.0,37500,1.11,Market Adjustment,USD
1340,E100240,2022-05-12,37500.0,39000,3.41,Market Adjustment,USD
1341,E100241,2020-12-02,81500.0,85000,4.33,Market Adjustment,USD
1342,E100241,2022-03-02,85000.0,88500,4.39,Merit Increase,USD
1343,E100241,2023-03-02,88500.0,93500,5.49,Market Adjustment,USD
1344,E100241,2024-07-02,93500.0,96500,3.47,Merit Increase,USD
1345,E100242,2019-09-03,33000.0,38000,14.45,Promotion,USD
1346,E100242,2020-12-03,38000.0,39000,2.55,Market Adjustment,USD
1347,E100242,2022-03-03,39000.0,43500,11.14,Promotion,USD
1348,E100242,2023-04-03,43500.0,45500,5.17,Market Adjustment,USD
1349,E100242,2024-04-03,45500.0,48000,4.99,Market Adjustment,USD
1350,E100242,2025-05-03,48000.0,52500,9.64,Promotion,USD
1351,E100242,2026-07-03,52500.0,55500,5.38,Merit Increase,USD
1352,E100243,2021-09-23,62500.0,69000,10.03,Promotion,USD
1353,E100244,2021-03-27,73500.0,75000,2.19,Market Adjustment,USD
1354,E100244,2021-12-27,75000.0,77000,2.92,Merit Increase,USD
1355,E100244,2023-01-27,77000.0,79500,3.55,Market Adjustment,USD
1356,E100244,2024-02-27,79500.0,85000,7.16,Promotion,USD
1357,E100244,2025-03-27,85000.0,86500,2.01,Merit Increase,USD
1358,E100244,2026-05-27,86500.0,88000,1.79,Merit Increase,USD
1359,E100245,2019-11-11,46500.0,49000,4.93,Market Adjustment,USD
1360,E100245,2020-11-11,49000.0,50000,1.92,Market Adjustment,USD
1361,E100245,2022-02-11,50000.0,50500,0.51,Merit Increase,USD
1362,E100246,2021-05-04,67000.0,72000,7.28,Merit Increase,USD
1363,E100246,2022-07-04,72000.0,75000,4.25,Merit Increase,USD
1364,E100246,2023-06-04,75000.0,77500,3.17,Merit Increase,USD
1365,E100246,2024-07-04,77500.0,82000,5.63,Merit Increase,USD
1366,E100247,2020-11-06,33000.0,34000,3.61,Market Adjustment,USD
1367,E100247,2021-08-06,34000.0,35500,4.71,Market Adjustment,USD
1368,E100248,2020-08-24,125000.0,128500,2.74,Market Adjustment,USD
1369,E100248,2021-12-24,128500.0,131500,2.35,Market Adjustment,USD
1370,E100248,2022-11-24,131500.0,139000,5.64,Market Adjustment,USD
1371,E100248,2023-11-24,139000.0,144000,3.74,Merit Increase,USD
1372,E100248,2025-02-24,144000.0,155000,7.7,Promotion,USD
1373,E100248,2026-01-24,155000.0,159000,2.62,Market Adjustment,USD
1374,E100249,2018-09-08,146500.0,152500,4.06,Market Adjustment,USD
1375,E100249,2019-10-08,152500.0,158000,3.5,Market Adjustment,USD
1376,E100249,2020-11-08,158000.0,162000,2.52,Market Adjustment,USD
1377,E100249,2021-12-08,162000.0,163500,0.97,Market Adjustment,USD
1378,E100249,2023-02-08,163500.0,168000,2.66,Market Adjustment,USD
1379,E100249,2024-01-08,168000.0,171500,2.1,Merit Increase,USD
1380,E100249,2025-02-08,171500.0,176000,2.7,Market Adjustment,USD
1381,E100250,2014-03-28,164000.0,170000,3.71,Merit Increase,USD
1382,E100250,2015-04-28,170000.0,178000,4.7,Market Adjustment,USD
1383,E100250,2016-06-28,178000.0,182000,2.14,Market Adjustment,USD
1384,E100250,2017-07-28,182000.0,188000,3.34,Merit Increase,USD
1385,E100250,2018-05-28,188000.0,194500,3.46,Market Adjustment,USD
1386,E100250,2019-03-28,194500.0,202000,3.85,Merit Increase,USD
1387,E100250,2020-06-28,202000.0,212000,5.0,Merit Increase,USD
1388,E100250,2021-07-28,212000.0,220000,3.89,Market Adjustment,USD
1389,E100251,2022-04-08,39000.0,40000,3.18,Merit Increase,USD
1390,E100251,2023-02-08,40000.0,42000,4.64,Merit Increase,USD
1391,E100251,2024-03-08,42000.0,43000,1.84,Merit Increase,USD
1392,E100251,2025-03-08,43000.0,48000,11.51,Promotion,USD
1393,E100251,2026-02-08,48000.0,50500,4.88,Market Adjustment,USD
1394,E100252,2020-04-11,62500.0,64500,2.87,Merit Increase,USD
1395,E100252,2021-05-11,64500.0,73000,12.9,Promotion,USD
1396,E100252,2022-06-11,73000.0,73500,0.73,Merit Increase,USD
1397,E100253,2020-03-08,21000.0,22000,4.39,Market Adjustment,USD
1398,E100253,2021-03-08,22000.0,23000,3.54,Market Adjustment,USD
1399,E100254,2017-05-23,165000.0,167500,1.49,Merit Increase,USD
1400,E100254,2018-06-23,167500.0,171000,2.01,Merit Increase,USD
1401,E100254,2019-06-23,171000.0,189500,10.88,Promotion,USD
1402,E100254,2020-03-23,189500.0,202500,6.82,Promotion,USD
1403,E100254,2020-12-23,202500.0,211000,4.14,Merit Increase,USD
1404,E100255,2020-03-24,120500.0,124500,3.23,Merit Increase,USD
1405,E100255,2021-04-24,124500.0,129500,3.91,Merit Increase,USD
1406,E100255,2022-09-24,129500.0,134500,3.73,Merit Increase,USD
1407,E100255,2023-08-24,134500.0,140500,4.62,Market Adjustment,USD
1408,E100255,2024-12-24,140500.0,142500,1.55,Merit Increase,USD
1409,E100255,2026-02-24,142500.0,147500,3.54,Market Adjustment,USD
1410,E100256,2021-05-27,17500.0,18500,5.89,Market Adjustment,USD
1411,E100256,2022-07-27,18500.0,21000,12.28,Promotion,USD
1412,E100257,2019-06-08,60500.0,63500,5.17,Merit Increase,USD
1413,E100257,2020-04-08,63500.0,65500,3.53,Market Adjustment,USD
1414,E100257,2021-07-08,65500.0,68500,4.81,Market Adjustment,USD
1415,E100257,2022-09-08,68500.0,71000,3.57,Merit Increase,USD
1416,E100258,2016-11-04,68000.0,71000,4.33,Merit Increase,USD
1417,E100258,2017-12-04,71000.0,72500,1.91,Merit Increase,USD
1418,E100258,2018-11-04,72500.0,73500,1.32,Merit Increase,USD
1419,E100258,2019-11-04,73500.0,77000,4.72,Merit Increase,USD
1420,E100258,2020-12-04,77000.0,79500,3.45,Market Adjustment,USD
1421,E100259,2021-05-18,111500.0,116500,4.34,Merit Increase,USD
1422,E100259,2022-05-18,116500.0,118000,1.25,Merit Increase,USD
1423,E100259,2023-04-18,118000.0,121000,2.33,Merit Increase,USD
1424,E100259,2024-02-18,121000.0,125000,3.27,Merit Increase,USD
1425,E100259,2025-01-18,125000.0,144500,15.49,Promotion,USD
1426,E100259,2026-01-18,144500.0,147500,2.24,Market Adjustment,USD
1427,E100260,2021-04-07,93500.0,98000,4.82,Merit Increase,USD
1428,E100260,2022-06-07,98000.0,98500,0.5,Market Adjustment,USD
1429,E100260,2023-11-07,98500.0,102000,3.62,Merit Increase,USD
1430,E100261,2020-06-25,98000.0,106000,8.05,Promotion,USD
1431,E100261,2021-06-25,106000.0,110500,4.06,Merit Increase,USD
1432,E100261,2022-07-25,110500.0,116500,5.25,Merit Increase,USD
1433,E100262,2021-03-12,142000.0,148000,4.27,Merit Increase,USD
1434,E100262,2022-04-12,148000.0,150000,1.48,Market Adjustment,USD
1435,E100262,2023-03-12,150000.0,156500,4.46,Merit Increase,USD
1436,E100262,2023-12-12,156500.0,157500,0.66,Merit Increase,USD
1437,E100262,2025-01-12,157500.0,164500,4.34,Merit Increase,USD
1438,E100262,2025-12-12,164500.0,168500,2.38,Market Adjustment,USD
1439,E100264,2021-01-18,66000.0,67000,1.66,Market Adjustment,USD
1440,E100264,2022-04-18,67000.0,68000,1.57,Merit Increase,USD
1441,E100264,2023-06-18,68000.0,71500,5.3,Market Adjustment,USD
1442,E100264,2024-06-18,71500.0,73500,2.62,Market Adjustment,USD
1443,E100264,2025-03-18,73500.0,76000,3.59,Merit Increase,USD
1444,E100265,2020-02-14,38500.0,38500,0.46,Market Adjustment,USD
1445,E100265,2020-11-14,38500.0,40000,3.7,Merit Increase,USD
1446,E100265,2022-01-14,40000.0,41000,3.07,Market Adjustment,USD
1447,E100266,2019-04-27,143000.0,152500,6.77,Market Adjustment,USD
1448,E100266,2020-02-27,152500.0,156000,2.43,Merit Increase,USD
1449,E100267,2022-01-01,53000.0,60500,13.85,Promotion,USD
1450,E100267,2022-11-01,60500.0,65500,8.14,Promotion,USD
1451,E100267,2024-01-01,65500.0,66500,1.34,Merit Increase,USD
1452,E100267,2024-11-01,66500.0,68500,3.33,Market Adjustment,USD
1453,E100267,2026-02-01,68500.0,77000,12.1,Promotion,USD
1454,E100268,2019-09-11,46500.0,47000,0.89,Market Adjustment,USD
1455,E100268,2020-08-11,47000.0,49000,4.16,Merit Increase,USD
1456,E100268,2021-09-11,49000.0,51000,4.42,Merit Increase,USD
1457,E100269,2021-01-26,25500.0,25500,0.0,Market Adjustment,USD
1458,E100269,2022-02-26,25500.0,26000,2.77,Market Adjustment,USD
1459,E100269,2023-02-26,26000.0,27000,2.94,Market Adjustment,USD
1460,E100269,2024-03-26,27000.0,27500,1.3,Market Adjustment,USD
1461,E100270,2019-11-28,73000.0,83000,13.76,Promotion,USD
1462,E100270,2020-11-28,83000.0,86500,4.26,Market Adjustment,USD
1463,E100270,2021-12-28,86500.0,90000,4.1,Market Adjustment,USD
1464,E100271,2020-05-02,94500.0,99000,4.5,Merit Increase,USD
1465,E100271,2021-06-02,99000.0,100000,1.12,Market Adjustment,USD
1466,E100271,2022-07-02,100000.0,103500,3.28,Merit Increase,USD
1467,E100271,2023-08-02,103500.0,107000,3.54,Market Adjustment,USD
1468,E100271,2024-08-02,107000.0,113000,5.83,Merit Increase,USD
1469,E100272,2018-06-20,86000.0,87500,1.82,Merit Increase,USD
1470,E100272,2019-07-20,87500.0,89500,2.22,Market Adjustment,USD
1471,E100272,2020-04-20,89500.0,92000,2.89,Market Adjustment,USD
1472,E100272,2021-04-20,92000.0,96500,5.04,Market Adjustment,USD
1473,E100272,2022-06-20,96500.0,101000,4.5,Market Adjustment,USD
1474,E100273,2020-12-14,21500.0,22500,4.33,Market Adjustment,USD
1475,E100274,2014-08-01,68000.0,76500,12.53,Promotion,USD
1476,E100274,2015-08-01,76500.0,84500,10.15,Promotion,USD
1477,E100274,2016-05-01,84500.0,87000,2.99,Market Adjustment,USD
1478,E100274,2017-04-01,87000.0,90000,3.65,Merit Increase,USD
1479,E100274,2018-03-01,90000.0,100500,11.41,Promotion,USD
1480,E100274,2018-12-01,100500.0,102500,2.05,Merit Increase,USD
1481,E100274,2019-11-01,102500.0,104500,1.93,Market Adjustment,USD
1482,E100274,2021-06-01,104500.0,105000,0.46,Merit Increase,USD
1483,E100274,2022-08-01,105000.0,110000,4.99,Market Adjustment,USD
1484,E100274,2023-08-01,110000.0,114500,4.0,Market Adjustment,USD
1485,E100274,2024-10-01,114500.0,118500,3.7,Market Adjustment,USD
1486,E100274,2025-07-01,118500.0,123500,4.11,Merit Increase,USD
1487,E100276,2017-11-25,70000.0,72500,3.24,Merit Increase,USD
1488,E100276,2018-11-25,72500.0,75000,3.35,Market Adjustment,USD
1489,E100276,2019-08-25,75000.0,79000,5.15,Merit Increase,USD
1490,E100276,2020-10-25,79000.0,88500,12.13,Promotion,USD
1491,E100276,2021-10-25,88500.0,91500,3.18,Merit Increase,USD
1492,E100276,2022-10-25,91500.0,97500,6.83,Promotion,USD
1493,E100276,2023-12-25,97500.0,101000,3.54,Market Adjustment,USD
1494,E100277,2019-12-13,18000.0,18500,1.99,Market Adjustment,USD
1495,E100277,2020-11-13,18500.0,21500,14.94,Promotion,USD
1496,E100277,2022-01-13,21500.0,22000,2.93,Market Adjustment,USD
1497,E100277,2023-03-13,22000.0,22500,2.19,Market Adjustment,USD
1498,E100277,2024-06-13,22500.0,23000,1.46,Market Adjustment,USD
1499,E100278,2020-12-22,87000.0,90000,3.52,Merit Increase,USD
1500,E100278,2022-02-22,90000.0,94500,5.0,Market Adjustment,USD
1501,E100278,2023-02-22,94500.0,95000,0.51,Market Adjustment,USD
1502,E100278,2023-11-22,95000.0,98000,2.93,Market Adjustment,USD
1503,E100278,2024-12-22,98000.0,102000,4.06,Market Adjustment,USD
1504,E100278,2026-01-22,102000.0,116000,13.67,Promotion,USD
1505,E100279,2021-05-15,40500.0,42000,4.04,Market Adjustment,USD
1506,E100279,2022-04-15,42000.0,43500,3.58,Merit Increase,USD
1507,E100281,2021-09-30,64000.0,66500,3.75,Market Adjustment,USD
1508,E100281,2022-10-30,66500.0,69000,3.98,Merit Increase,USD
1509,E100281,2023-10-30,69000.0,71500,3.52,Merit Increase,USD
1510,E100281,2025-03-30,71500.0,74000,3.58,Merit Increase,USD
1511,E100281,2026-06-30,74000.0,78000,5.64,Market Adjustment,USD
1512,E100282,2019-07-11,114500.0,118000,3.27,Market Adjustment,USD
1513,E100282,2020-12-11,118000.0,125500,6.32,Merit Increase,USD
1514,E100282,2021-10-11,125500.0,128000,1.99,Market Adjustment,USD
1515,E100282,2023-01-11,128000.0,131500,2.72,Merit Increase,USD
1516,E100283,2021-08-19,33500.0,34000,1.89,Market Adjustment,USD
1517,E100284,2021-04-12,71000.0,73500,3.31,Market Adjustment,USD
1518,E100284,2022-02-12,73500.0,75000,1.83,Market Adjustment,USD
1519,E100285,2021-11-26,66500.0,70500,5.76,Market Adjustment,USD
1520,E100285,2023-01-26,70500.0,74000,4.69,Merit Increase,USD
1521,E100285,2024-01-26,74000.0,76500,3.1,Merit Increase,USD
1522,E100285,2025-02-26,76500.0,76500,0.0,Merit Increase,USD
1523,E100285,2026-02-26,76500.0,77000,0.77,Merit Increase,USD
1524,E100286,2019-09-30,115000.0,127000,10.64,Promotion,USD
1525,E100286,2020-08-30,127000.0,134000,5.64,Merit Increase,USD
1526,E100286,2022-01-30,134000.0,140500,4.88,Market Adjustment,USD
1527,E100286,2023-03-30,140500.0,156000,10.87,Promotion,USD
1528,E100286,2024-02-29,156000.0,157000,0.61,Merit Increase,USD
1529,E100286,2025-03-29,157000.0,162000,3.05,Market Adjustment,USD
1530,E100286,2026-04-29,162000.0,166000,2.43,Market Adjustment,USD
1531,E100287,2021-03-17,43000.0,45500,5.8,Merit Increase,USD
1532,E100287,2022-07-17,45500.0,46000,1.14,Merit Increase,USD
1533,E100287,2023-06-17,46000.0,46500,0.88,Merit Increase,USD
1534,E100288,2018-04-12,63500.0,70500,10.65,Promotion,USD
1535,E100288,2019-03-12,70500.0,73000,3.87,Market Adjustment,USD
1536,E100288,2020-05-12,73000.0,76500,4.54,Merit Increase,USD
1537,E100288,2021-08-12,76500.0,79000,2.98,Market Adjustment,USD
1538,E100289,2021-02-26,79500.0,81500,2.66,Merit Increase,USD
1539,E100289,2022-02-26,81500.0,83500,2.68,Market Adjustment,USD
1540,E100289,2023-06-26,83500.0,87000,4.38,Market Adjustment,USD
1541,E100289,2024-04-26,87000.0,90000,3.5,Market Adjustment,USD
1542,E100289,2025-05-26,90000.0,91500,1.82,Market Adjustment,USD
1543,E100289,2026-06-26,91500.0,94500,3.27,Merit Increase,USD
1544,E100290,2021-03-17,126500.0,133500,5.55,Market Adjustment,USD
1545,E100291,2020-12-18,38000.0,39500,4.49,Market Adjustment,USD
1546,E100291,2021-11-18,39500.0,41000,4.25,Merit Increase,USD
1547,E100292,2021-07-04,45500.0,47000,3.76,Market Adjustment,USD
1548,E100292,2022-07-04,47000.0,49500,5.49,Merit Increase,USD
1549,E100292,2023-09-04,49500.0,51000,2.54,Market Adjustment,USD
1550,E100292,2024-09-04,51000.0,54000,5.45,Merit Increase,USD
1551,E100292,2025-12-04,54000.0,55500,3.23,Merit Increase,USD
1552,E100293,2021-04-10,40000.0,40500,1.85,Market Adjustment,USD
1553,E100293,2022-06-10,40500.0,42500,4.54,Promotion,USD
1554,E100295,2019-04-09,34000.0,34500,2.05,Market Adjustment,USD
1555,E100295,2020-01-09,34500.0,35000,1.96,Market Adjustment,USD
1556,E100295,2021-02-09,35000.0,37000,6.11,Merit Increase,USD
1557,E100295,2022-04-09,37000.0,38000,2.93,Merit Increase,USD
1558,E100295,2023-06-09,38000.0,39500,4.43,Merit Increase,USD
1559,E100295,2024-09-09,39500.0,41500,4.76,Merit Increase,USD
1560,E100295,2025-10-09,41500.0,42000,1.24,Market Adjustment,USD
1561,E100296,2021-09-23,45000.0,46000,2.17,Market Adjustment,USD
1562,E100296,2022-06-23,46000.0,47000,1.78,Market Adjustment,USD
1563,E100296,2023-07-23,47000.0,48500,2.92,Merit Increase,USD
1564,E100296,2024-09-23,48500.0,56000,15.86,Promotion,USD
1565,E100296,2025-06-23,56000.0,57000,1.97,Market Adjustment,USD
1566,E100296,2026-07-23,57000.0,60500,5.72,Market Adjustment,USD
1567,E100297,2021-09-09,70500.0,72000,1.86,Market Adjustment,USD
1568,E100297,2022-09-09,72000.0,74500,3.71,Market Adjustment,USD
1569,E100297,2023-09-09,74500.0,79000,5.96,Merit Increase,USD
1570,E100298,2021-06-01,46500.0,48000,3.11,Market Adjustment,USD
1571,E100299,2019-06-04,35000.0,36000,3.52,Market Adjustment,USD
1572,E100299,2020-05-04,36000.0,37500,4.4,Merit Increase,USD
1573,E100299,2021-04-04,37500.0,38500,2.54,Merit Increase,USD
1574,E100299,2022-05-04,38500.0,40000,3.71,Merit Increase,USD
1575,E100299,2023-06-04,40000.0,40500,0.78,Market Adjustment,USD
1576,E100299,2024-07-04,40500.0,40500,0.49,Market Adjustment,USD
1577,E100299,2025-10-04,40500.0,41500,2.67,Merit Increase,USD
1578,E100300,2021-07-31,133500.0,139000,3.96,Market Adjustment,USD
1579,E100300,2022-05-31,139000.0,147500,6.28,Market Adjustment,USD
1580,E100300,2023-04-30,147500.0,167500,13.63,Promotion,USD
1581,E100300,2024-02-29,167500.0,172500,2.91,Merit Increase,USD
1582,E100300,2025-01-29,172500.0,177000,2.6,Merit Increase,USD
1583,E100300,2026-02-28,177000.0,184500,4.2,Market Adjustment,USD
1584,E100301,2018-06-17,63500.0,66000,3.69,Merit Increase,USD
1585,E100301,2019-05-17,66000.0,70000,5.7,Market Adjustment,USD
1586,E100301,2020-04-17,70000.0,72000,2.79,Market Adjustment,USD
1587,E100301,2021-05-17,72000.0,73500,1.97,Market Adjustment,USD
1588,E100301,2022-07-17,73500.0,84000,14.34,Promotion,USD
1589,E100301,2023-06-17,84000.0,86000,2.48,Merit Increase,USD
1590,E100301,2024-09-17,86000.0,89000,3.72,Market Adjustment,USD
1591,E100301,2025-09-17,89000.0,91000,2.36,Market Adjustment,USD
1592,E100302,2018-03-19,159500.0,166500,4.46,Market Adjustment,USD
1593,E100302,2019-03-19,166500.0,170000,2.13,Merit Increase,USD
1594,E100302,2020-02-19,170000.0,173000,1.82,Merit Increase,USD
1595,E100302,2021-02-19,173000.0,185000,6.88,Merit Increase,USD
1596,E100302,2022-07-19,185000.0,192500,3.99,Merit Increase,USD
1597,E100302,2023-04-19,192500.0,202000,4.89,Merit Increase,USD
1598,E100303,2021-02-16,42500.0,44000,3.61,Merit Increase,USD
1599,E100303,2022-02-16,44000.0,45000,2.0,Merit Increase,USD
1600,E100303,2023-04-16,45000.0,46500,3.22,Merit Increase,USD
1601,E100303,2024-04-16,46500.0,51000,9.49,Promotion,USD
1602,E100303,2025-09-16,51000.0,52500,2.88,Market Adjustment,USD
1603,E100304,2018-07-03,96000.0,96000,0.17,Market Adjustment,USD
1604,E100304,2019-12-03,96000.0,96500,0.72,Market Adjustment,USD
1605,E100304,2020-11-03,96500.0,99000,2.74,Market Adjustment,USD
1606,E100305,2020-12-28,33500.0,34500,2.34,Market Adjustment,USD
1607,E100305,2022-03-28,34500.0,36000,4.39,Market Adjustment,USD
1608,E100305,2023-02-28,36000.0,37000,2.25,Market Adjustment,USD
1609,E100305,2024-01-28,37000.0,38000,2.14,Merit Increase,USD
1610,E100305,2024-11-28,38000.0,40000,4.9,Merit Increase,USD
1611,E100305,2025-11-28,40000.0,41500,4.09,Market Adjustment,USD
1612,E100306,2022-02-07,183500.0,192500,4.84,Market Adjustment,USD
1613,E100307,2020-04-15,125000.0,128000,2.44,Merit Increase,USD
1614,E100307,2021-04-15,128000.0,133500,4.48,Market Adjustment,USD
1615,E100307,2022-06-15,133500.0,136500,2.18,Merit Increase,USD
1616,E100307,2023-06-15,136500.0,141500,3.53,Market Adjustment,USD
1617,E100307,2024-11-15,141500.0,148000,4.49,Merit Increase,USD
1618,E100308,2020-02-07,101500.0,104000,2.37,Market Adjustment,USD
1619,E100308,2021-02-07,104000.0,108500,4.32,Merit Increase,USD
1620,E100308,2022-05-07,108500.0,110000,1.37,Market Adjustment,USD
1621,E100308,2023-09-07,110000.0,125000,13.66,Promotion,USD
1622,E100309,2021-08-21,32500.0,35500,9.78,Promotion,USD
1623,E100309,2022-08-21,35500.0,37000,4.52,Market Adjustment,USD
1624,E100309,2023-08-21,37000.0,38500,3.85,Market Adjustment,USD
1625,E100309,2024-07-21,38500.0,40500,4.66,Merit Increase,USD
1626,E100310,2021-04-21,74500.0,76000,2.26,Market Adjustment,USD
1627,E100311,2021-04-17,128000.0,133500,4.13,Market Adjustment,USD
1628,E100311,2022-03-17,133500.0,148000,10.87,Promotion,USD
1629,E100311,2023-06-17,148000.0,163500,10.64,Promotion,USD
1630,E100311,2024-06-17,163500.0,169000,3.42,Market Adjustment,USD
1631,E100311,2025-07-17,169000.0,185000,9.6,Promotion,USD
1632,E100312,2020-11-04,54000.0,55500,2.69,Merit Increase,USD
1633,E100312,2021-11-04,55500.0,58500,5.21,Market Adjustment,USD
1634,E100312,2022-10-04,58500.0,61000,4.13,Merit Increase,USD
1635,E100312,2023-11-04,61000.0,62000,1.89,Merit Increase,USD
1636,E100312,2024-09-04,62000.0,64000,3.02,Merit Increase,USD
1637,E100312,2025-11-04,64000.0,65000,1.29,Market Adjustment,USD
1638,E100313,2017-05-08,55500.0,56500,1.9,Market Adjustment,USD
1639,E100313,2018-08-08,56500.0,60500,7.48,Merit Increase,USD
1640,E100313,2019-07-08,60500.0,64000,5.71,Merit Increase,USD
1641,E100313,2020-08-08,64000.0,69500,8.62,Promotion,USD
1642,E100313,2021-12-08,69500.0,72500,4.11,Merit Increase,USD
1643,E100313,2023-03-08,72500.0,77500,7.02,Merit Increase,USD
1644,E100313,2024-03-08,77500.0,81000,4.33,Merit Increase,USD
1645,E100313,2025-01-08,81000.0,83500,2.8,Merit Increase,USD
1646,E100313,2026-01-08,83500.0,86500,3.82,Market Adjustment,USD
1647,E100314,2018-09-22,137500.0,143500,4.45,Market Adjustment,USD
1648,E100314,2019-11-22,143500.0,153000,6.57,Market Adjustment,USD
1649,E100314,2021-03-22,153000.0,158000,3.27,Merit Increase,USD
1650,E100314,2022-02-22,158000.0,178500,12.87,Promotion,USD
1651,E100314,2023-06-22,178500.0,184500,3.28,Merit Increase,USD
1652,E100314,2024-08-22,184500.0,214000,16.12,Promotion,USD
1653,E100314,2025-10-22,214000.0,216500,1.11,Market Adjustment,USD
1654,E100315,2021-07-06,130500.0,135500,3.66,Market Adjustment,USD
1655,E100315,2022-08-06,135500.0,141500,4.35,Merit Increase,USD
1656,E100315,2023-11-06,141500.0,145000,2.33,Market Adjustment,USD
1657,E100315,2024-11-06,145000.0,148000,1.99,Market Adjustment,USD
1658,E100315,2025-08-06,148000.0,154000,4.12,Merit Increase,USD
1659,E100316,2015-01-26,137000.0,140500,2.59,Merit Increase,USD
1660,E100316,2015-11-26,140500.0,147500,5.08,Market Adjustment,USD
1661,E100316,2017-01-26,147500.0,152500,3.25,Merit Increase,USD
1662,E100316,2018-01-26,152500.0,159000,4.4,Market Adjustment,USD
1663,E100316,2019-05-26,159000.0,165500,4.1,Market Adjustment,USD
1664,E100316,2020-06-26,165500.0,170000,2.81,Market Adjustment,USD
1665,E100316,2021-06-26,170000.0,170000,0.0,Merit Increase,USD
1666,E100316,2022-05-26,170000.0,173000,1.9,Market Adjustment,USD
1667,E100316,2023-03-26,173000.0,178000,2.93,Market Adjustment,USD
1668,E100317,2020-11-30,128000.0,147000,14.78,Promotion,USD
1669,E100317,2022-01-30,147000.0,152500,3.81,Merit Increase,USD
1670,E100317,2023-03-30,152500.0,154000,0.92,Market Adjustment,USD
1671,E100317,2023-12-30,154000.0,176500,14.65,Promotion,USD
1672,E100317,2025-05-30,176500.0,183000,3.58,Merit Increase,USD
1673,E100318,2021-01-23,189000.0,193500,2.44,Merit Increase,USD
1674,E100318,2022-03-23,193500.0,194000,0.27,Merit Increase,USD
1675,E100318,2023-02-23,194000.0,198500,2.26,Merit Increase,USD
1676,E100318,2023-12-23,198500.0,204000,2.75,Market Adjustment,USD
1677,E100318,2025-01-23,204000.0,215000,5.47,Merit Increase,USD
1678,E100318,2026-04-23,215000.0,217500,1.11,Merit Increase,USD
1679,E100319,2020-01-13,149500.0,155000,3.56,Market Adjustment,USD
1680,E100319,2021-04-13,155000.0,168000,8.24,Promotion,USD
1681,E100319,2022-06-13,168000.0,169000,0.6,Merit Increase,USD
1682,E100319,2023-06-13,169000.0,178500,5.55,Market Adjustment,USD
1683,E100319,2024-06-13,178500.0,183500,2.88,Market Adjustment,USD
1684,E100319,2025-05-13,183500.0,189500,3.2,Market Adjustment,USD
1685,E100319,2026-03-13,189500.0,200500,5.87,Market Adjustment,USD
1686,E100320,2019-06-11,31500.0,33000,4.77,Merit Increase,USD
1687,E100320,2020-05-11,33000.0,33500,1.32,Market Adjustment,USD
1688,E100320,2021-04-11,33500.0,34500,2.91,Market Adjustment,USD
1689,E100320,2022-06-11,34500.0,35500,3.28,Market Adjustment,USD
1690,E100320,2023-07-11,35500.0,36000,1.39,Market Adjustment,USD
1691,E100320,2024-07-11,36000.0,38000,5.65,Merit Increase,USD
1692,E100320,2025-10-11,38000.0,41500,9.49,Promotion,USD
1693,E100321,2021-04-16,180500.0,188000,4.26,Market Adjustment,USD
1694,E100321,2022-04-16,188000.0,192000,2.05,Market Adjustment,USD
1695,E100321,2023-02-16,192000.0,200000,4.29,Market Adjustment,USD
1696,E100321,2023-11-16,200000.0,210000,5.1,Market Adjustment,USD
1697,E100321,2024-11-16,210000.0,215500,2.54,Merit Increase,USD
1698,E100321,2026-01-16,215500.0,215500,0.0,Market Adjustment,USD
1699,E100322,2021-10-25,33500.0,34000,1.44,Merit Increase,USD
1700,E100322,2022-10-25,34000.0,35500,4.18,Merit Increase,USD
1701,E100322,2023-07-25,35500.0,37000,3.87,Market Adjustment,USD
1702,E100322,2025-01-25,37000.0,38500,3.99,Merit Increase,USD
1703,E100322,2026-02-25,38500.0,41500,7.39,Promotion,USD
1704,E100323,2016-09-30,67500.0,70000,3.45,Merit Increase,USD
1705,E100323,2017-11-30,70000.0,70000,0.0,Market Adjustment,USD
1706,E100323,2018-08-30,70000.0,71000,1.28,Market Adjustment,USD
1707,E100323,2019-11-30,71000.0,73000,2.55,Market Adjustment,USD
1708,E100323,2021-01-30,73000.0,76500,4.6,Merit Increase,USD
1709,E100323,2021-10-30,76500.0,78500,2.92,Merit Increase,USD
1710,E100323,2022-10-30,78500.0,82000,4.27,Merit Increase,USD
1711,E100324,2015-11-21,45000.0,47500,5.25,Market Adjustment,USD
1712,E100324,2017-02-21,47500.0,50500,6.66,Promotion,USD
1713,E100324,2018-02-21,50500.0,56000,11.1,Promotion,USD
1714,E100324,2019-03-21,56000.0,58500,4.33,Merit Increase,USD
1715,E100324,2020-04-21,58500.0,61000,4.39,Market Adjustment,USD
1716,E100324,2021-06-21,61000.0,63000,3.08,Merit Increase,USD
1717,E100324,2022-06-21,63000.0,72500,15.18,Promotion,USD
1718,E100324,2023-06-21,72500.0,76000,4.61,Market Adjustment,USD
1719,E100324,2024-05-21,76000.0,79000,4.0,Market Adjustment,USD
1720,E100324,2025-06-21,79000.0,82500,4.47,Market Adjustment,USD
1721,E100325,2013-12-19,143500.0,149000,3.72,Market Adjustment,USD
1722,E100325,2015-02-19,149000.0,155500,4.5,Merit Increase,USD
1723,E100325,2016-02-19,155500.0,162000,4.08,Merit Increase,USD
1724,E100325,2017-02-19,162000.0,169500,4.61,Merit Increase,USD
1725,E100325,2018-02-19,169500.0,175500,3.4,Merit Increase,USD
1726,E100325,2019-03-19,175500.0,180500,2.75,Merit Increase,USD
1727,E100325,2020-02-19,180500.0,183000,1.51,Market Adjustment,USD
1728,E100325,2021-02-19,183000.0,187500,2.4,Merit Increase,USD
1729,E100325,2022-02-19,187500.0,215000,14.71,Promotion,USD
1730,E100325,2023-02-19,215000.0,226500,5.39,Merit Increase,USD
1731,E100326,2021-01-15,71000.0,72500,1.97,Market Adjustment,USD
1732,E100326,2022-01-15,72500.0,74500,2.9,Market Adjustment,USD
1733,E100326,2023-04-15,74500.0,79500,6.45,Merit Increase,USD
1734,E100327,2021-09-24,68500.0,71000,3.58,Merit Increase,USD
1735,E100327,2022-09-24,71000.0,73000,2.62,Merit Increase,USD
1736,E100328,2020-07-14,49000.0,52000,6.26,Merit Increase,USD
1737,E100328,2021-08-14,52000.0,54500,4.74,Market Adjustment,USD
1738,E100329,2020-04-15,34500.0,36500,5.55,Merit Increase,USD
1739,E100329,2021-04-15,36500.0,38500,4.94,Market Adjustment,USD
1740,E100329,2022-08-15,38500.0,39500,2.42,Market Adjustment,USD
1741,E100329,2023-08-15,39500.0,40500,2.88,Merit Increase,USD
1742,E100329,2025-01-15,40500.0,41500,1.9,Merit Increase,USD
1743,E100329,2026-02-15,41500.0,43500,4.24,Merit Increase,USD
1744,E100330,2020-06-11,67000.0,68500,2.27,Merit Increase,USD
1745,E100331,2020-08-03,60500.0,70000,15.33,Promotion,USD
1746,E100331,2021-07-03,70000.0,72000,2.7,Merit Increase,USD
1747,E100332,2019-09-15,51000.0,51000,0.0,Market Adjustment,USD
1748,E100332,2020-08-15,51000.0,52500,2.74,Market Adjustment,USD
1749,E100332,2021-06-15,52500.0,55000,4.94,Market Adjustment,USD
1750,E100333,2016-06-30,158000.0,165500,4.65,Promotion,USD
1751,E100333,2017-07-30,165500.0,175000,5.85,Market Adjustment,USD
1752,E100333,2018-06-30,175000.0,181000,3.54,Merit Increase,USD
1753,E100333,2019-09-30,181000.0,190000,5.0,Merit Increase,USD
1754,E100333,2020-10-30,190000.0,196000,3.23,Merit Increase,USD
1755,E100333,2021-10-30,196000.0,199000,1.41,Merit Increase,USD
1756,E100333,2022-08-30,199000.0,206000,3.55,Market Adjustment,USD
1757,E100334,2022-01-31,70500.0,74000,4.67,Market Adjustment,USD
1758,E100334,2023-01-31,74000.0,77000,4.27,Merit Increase,USD
1759,E100334,2023-10-31,77000.0,80000,3.63,Merit Increase,USD
1760,E100334,2024-12-31,80000.0,90500,13.08,Promotion,USD
1761,E100334,2025-12-31,90500.0,94500,4.35,Merit Increase,USD
1762,E100335,2018-08-17,28500.0,29000,2.09,Merit Increase,USD
1763,E100335,2019-06-17,29000.0,30500,5.4,Merit Increase,USD
1764,E100335,2020-06-17,30500.0,32000,4.16,Market Adjustment,USD
1765,E100335,2021-05-17,32000.0,32500,1.81,Merit Increase,USD
1766,E100335,2022-04-17,32500.0,34000,4.14,Market Adjustment,USD
1767,E100335,2023-01-17,34000.0,38000,11.62,Promotion,USD
1768,E100335,2024-03-17,38000.0,39000,2.18,Merit Increase,USD
1769,E100335,2025-04-17,39000.0,40500,3.75,Market Adjustment,USD
1770,E100336,2021-06-29,18500.0,20500,10.96,Promotion,USD
1771,E100336,2022-05-29,20500.0,21000,2.98,Market Adjustment,USD
1772,E100336,2023-05-29,21000.0,22000,3.93,Market Adjustment,USD
1773,E100336,2024-09-29,22000.0,24000,8.1,Promotion,USD
1774,E100336,2025-12-29,24000.0,24500,2.15,Market Adjustment,USD
1775,E100337,2020-03-02,72000.0,75000,4.16,Merit Increase,USD
1776,E100337,2020-12-02,75000.0,79000,5.13,Merit Increase,USD
1777,E100337,2022-01-02,79000.0,81000,2.67,Market Adjustment,USD
1778,E100337,2023-01-02,81000.0,84500,4.14,Merit Increase,USD
1779,E100337,2024-03-02,84500.0,88000,4.32,Merit Increase,USD
1780,E100337,2025-02-02,88000.0,91000,3.48,Merit Increase,USD
1781,E100337,2026-01-02,91000.0,103000,13.3,Promotion,USD
1782,E100338,2020-07-22,47000.0,48500,2.73,Market Adjustment,USD
1783,E100338,2021-08-22,48500.0,50000,3.21,Merit Increase,USD
1784,E100338,2022-06-22,50000.0,52500,5.14,Merit Increase,USD
1785,E100338,2023-08-22,52500.0,56500,7.19,Promotion,USD
1786,E100338,2024-07-22,56500.0,58000,2.61,Merit Increase,USD
1787,E100338,2025-10-22,58000.0,61000,4.8,Merit Increase,USD
1788,E100339,2021-02-28,21000.0,22000,4.18,Market Adjustment,USD
1789,E100339,2022-03-28,22000.0,22500,2.98,Merit Increase,USD
1790,E100339,2023-06-28,22500.0,23000,3.2,Merit Increase,USD
1791,E100339,2024-09-28,23000.0,23500,2.95,Market Adjustment,USD
1792,E100340,2021-07-16,80500.0,83000,3.38,Market Adjustment,USD
1793,E100341,2018-01-22,49000.0,50000,2.14,Merit Increase,USD
1794,E100341,2019-04-22,50000.0,56500,13.23,Promotion,USD
1795,E100341,2020-08-22,56500.0,57000,1.07,Market Adjustment,USD
1796,E100341,2021-12-22,57000.0,58500,2.32,Merit Increase,USD
1797,E100341,2022-10-22,58500.0,61000,3.88,Merit Increase,USD
1798,E100341,2023-07-22,61000.0,64000,5.12,Market Adjustment,USD
1799,E100341,2024-08-22,64000.0,65500,2.44,Market Adjustment,USD
1800,E100341,2025-11-22,65500.0,67500,3.3,Market Adjustment,USD
1801,E100342,2018-01-09,68500.0,74500,9.11,Promotion,USD
1802,E100342,2018-11-09,74500.0,77000,3.3,Market Adjustment,USD
1803,E100342,2019-09-09,77000.0,84500,9.71,Promotion,USD
1804,E100342,2020-07-09,84500.0,87000,3.03,Market Adjustment,USD
1805,E100342,2021-06-09,87000.0,89500,2.99,Market Adjustment,USD
1806,E100342,2022-09-09,89500.0,91500,2.39,Merit Increase,USD
1807,E100342,2023-10-09,91500.0,92000,0.79,Merit Increase,USD
1808,E100342,2024-10-09,92000.0,94000,2.26,Merit Increase,USD
1809,E100342,2025-11-09,94000.0,103000,9.34,Promotion,USD
1810,E100343,2019-04-23,100000.0,105000,5.19,Market Adjustment,USD
1811,E100343,2020-01-23,105000.0,108500,3.56,Merit Increase,USD
1812,E100343,2021-02-23,108500.0,111000,2.1,Merit Increase,USD
1813,E100343,2022-03-23,111000.0,125000,12.45,Promotion,USD
1814,E100343,2023-06-23,125000.0,129000,3.07,Market Adjustment,USD
1815,E100343,2024-06-23,129000.0,132500,2.6,Merit Increase,USD
1816,E100343,2025-07-23,132500.0,135500,2.1,Merit Increase,USD
1817,E100344,2021-04-20,68000.0,70500,3.4,Merit Increase,USD
1818,E100344,2022-02-20,70500.0,78000,10.86,Promotion,USD
1819,E100344,2023-04-20,78000.0,81000,3.78,Merit Increase,USD
1820,E100344,2024-03-20,81000.0,84500,4.57,Market Adjustment,USD
1821,E100344,2024-12-20,84500.0,87500,3.4,Merit Increase,USD
1822,E100344,2025-11-20,87500.0,91000,4.24,Market Adjustment,USD
1823,E100345,2021-05-19,79500.0,81500,2.54,Merit Increase,USD
1824,E100345,2022-07-19,81500.0,83500,2.31,Merit Increase,USD
1825,E100345,2023-07-19,83500.0,86500,3.61,Market Adjustment,USD
1826,E100345,2024-07-19,86500.0,89500,3.43,Merit Increase,USD
1827,E100345,2025-08-19,89500.0,92500,3.5,Market Adjustment,USD
1828,E100346,2021-03-24,71500.0,73000,2.31,Market Adjustment,USD
1829,E100346,2022-03-24,73000.0,77000,5.17,Market Adjustment,USD
1830,E100346,2023-05-24,77000.0,88000,14.11,Promotion,USD
1831,E100346,2024-05-24,88000.0,92500,5.36,Market Adjustment,USD
1832,E100346,2025-04-24,92500.0,97000,4.87,Market Adjustment,USD
1833,E100346,2026-05-24,97000.0,100500,3.81,Market Adjustment,USD
1834,E100347,2021-01-22,46000.0,50500,10.13,Promotion,USD
1835,E100347,2022-01-22,50500.0,51500,1.82,Market Adjustment,USD
1836,E100348,2020-09-02,59500.0,62000,4.36,Market Adjustment,USD
1837,E100348,2021-09-02,62000.0,65000,4.67,Merit Increase,USD
1838,E100348,2022-07-02,65000.0,69000,6.19,Promotion,USD
1839,E100348,2023-09-02,69000.0,78500,13.56,Promotion,USD
1840,E100348,2024-10-02,78500.0,80000,2.17,Market Adjustment,USD
1841,E100349,2018-05-21,82500.0,88500,7.58,Promotion,USD
1842,E100349,2019-06-21,88500.0,92000,3.71,Merit Increase,USD
1843,E100349,2020-07-21,92000.0,93500,1.43,Merit Increase,USD
1844,E100349,2021-09-21,93500.0,96000,2.69,Market Adjustment,USD
1845,E100349,2022-08-21,96000.0,100000,4.18,Merit Increase,USD
1846,E100349,2023-08-21,100000.0,101500,1.35,Merit Increase,USD
1847,E100349,2024-12-21,101500.0,105500,3.84,Market Adjustment,USD
1848,E100349,2025-12-21,105500.0,109000,3.45,Market Adjustment,USD
1849,E100350,2014-05-23,83500.0,88000,5.21,Merit Increase,USD
1850,E100350,2015-09-23,88000.0,90500,3.07,Market Adjustment,USD
1851,E100350,2016-11-23,90500.0,94500,4.44,Market Adjustment,USD
1852,E100350,2018-01-23,94500.0,99500,5.41,Market Adjustment,USD
1853,E100350,2019-03-23,99500.0,103500,4.13,Merit Increase,USD
1854,E100350,2020-02-23,103500.0,107500,3.95,Merit Increase,USD
1855,E100350,2020-12-23,107500.0,112000,4.19,Market Adjustment,USD
1856,E100350,2022-01-23,112000.0,113500,1.35,Merit Increase,USD
1857,E100350,2023-01-23,113500.0,116000,2.39,Merit Increase,USD
1858,E100350,2024-03-23,116000.0,119500,3.06,Merit Increase,USD
1859,E100350,2025-01-23,119500.0,124500,4.17,Market Adjustment,USD
1860,E100351,2021-09-02,112500.0,114500,1.85,Merit Increase,USD
1861,E100351,2022-11-02,114500.0,118500,3.33,Market Adjustment,USD
1862,E100351,2023-11-02,118500.0,120500,1.61,Market Adjustment,USD
1863,E100351,2024-09-02,120500.0,132000,9.65,Merit Increase,USD
1864,E100351,2025-07-02,132000.0,132500,0.34,Merit Increase,USD
1865,E100351,2026-07-02,132500.0,137000,3.21,Market Adjustment,USD
1866,E100352,2019-10-29,60500.0,62500,3.32,Merit Increase,USD
1867,E100352,2020-11-29,62500.0,63500,1.4,Merit Increase,USD
1868,E100352,2021-11-29,63500.0,65500,3.5,Merit Increase,USD
1869,E100353,2018-04-26,119500.0,122000,1.96,Merit Increase,USD
1870,E100353,2019-08-26,122000.0,127000,3.99,Promotion,USD
1871,E100353,2020-11-26,127000.0,129500,1.79,Market Adjustment,USD
1872,E100353,2021-12-26,129500.0,144000,11.23,Promotion,USD
1873,E100354,2020-12-08,65500.0,67500,2.9,Merit Increase,USD
1874,E100354,2022-01-08,67500.0,71000,5.42,Merit Increase,USD
1875,E100354,2023-04-08,71000.0,72500,2.35,Merit Increase,USD
1876,E100354,2024-05-08,72500.0,76000,5.03,Market Adjustment,USD
1877,E100354,2025-05-08,76000.0,79500,4.4,Merit Increase,USD
1878,E100355,2021-06-13,123500.0,128500,4.22,Market Adjustment,USD
1879,E100355,2022-04-13,128500.0,132000,2.56,Merit Increase,USD
1880,E100355,2023-04-13,132000.0,137500,4.16,Merit Increase,USD
1881,E100355,2024-09-13,137500.0,141000,2.6,Market Adjustment,USD
1882,E100356,2021-09-29,69500.0,71500,2.84,Market Adjustment,USD
1883,E100356,2022-12-29,71500.0,81500,13.87,Promotion,USD
1884,E100356,2023-12-29,81500.0,89000,9.18,Promotion,USD
1885,E100356,2025-01-29,89000.0,91000,2.52,Market Adjustment,USD
1886,E100356,2026-01-29,91000.0,93500,2.9,Market Adjustment,USD
1887,E100357,2021-09-04,73500.0,74500,1.05,Merit Increase,USD
1888,E100357,2023-01-04,74500.0,78000,4.73,Merit Increase,USD
1889,E100357,2024-01-04,78000.0,80000,2.39,Market Adjustment,USD
1890,E100357,2025-04-04,80000.0,83500,4.2,Market Adjustment,USD
1891,E100357,2026-03-04,83500.0,87000,4.26,Market Adjustment,USD
1892,E100358,2020-11-23,21500.0,22500,4.79,Merit Increase,USD
1893,E100358,2022-01-23,22500.0,23500,4.78,Merit Increase,USD
1894,E100359,2017-05-22,85000.0,100500,18.05,Promotion,USD
1895,E100359,2018-08-22,100500.0,103500,3.13,Merit Increase,USD
1896,E100359,2019-05-22,103500.0,109000,5.31,Merit Increase,USD
1897,E100359,2020-03-22,109000.0,113000,3.73,Market Adjustment,USD
1898,E100359,2021-05-22,113000.0,115000,1.89,Merit Increase,USD
1899,E100359,2022-04-22,115000.0,117000,1.9,Market Adjustment,USD
1900,E100359,2023-09-22,117000.0,122500,4.6,Market Adjustment,USD
1901,E100359,2024-08-22,122500.0,124000,1.19,Merit Increase,USD
1902,E100359,2025-07-22,124000.0,127000,2.56,Market Adjustment,USD
1903,E100360,2018-05-05,34500.0,37000,6.77,Promotion,USD
1904,E100360,2019-08-05,37000.0,37500,0.79,Merit Increase,USD
1905,E100360,2020-08-05,37500.0,38500,2.46,Market Adjustment,USD
1906,E100360,2021-10-05,38500.0,40500,5.66,Market Adjustment,USD
1907,E100360,2022-12-05,40500.0,42000,4.16,Market Adjustment,USD
1908,E100360,2023-12-05,42000.0,44500,5.51,Merit Increase,USD
1909,E100360,2024-10-05,44500.0,46500,4.17,Merit Increase,USD
1910,E100360,2026-01-05,46500.0,49000,4.87,Merit Increase,USD
1911,E100361,2018-01-29,87500.0,91500,4.84,Market Adjustment,USD
1912,E100361,2019-01-29,91500.0,96500,5.64,Market Adjustment,USD
1913,E100361,2020-06-29,96500.0,97000,0.73,Market Adjustment,USD
1914,E100361,2021-06-29,97000.0,99000,1.83,Merit Increase,USD
1915,E100361,2022-05-29,99000.0,102500,3.69,Merit Increase,USD
1916,E100361,2023-06-29,102500.0,113500,10.5,Promotion,USD
1917,E100361,2024-08-29,113500.0,116000,2.4,Market Adjustment,USD
1918,E100361,2025-08-29,116000.0,121000,4.47,Market Adjustment,USD
1919,E100362,2020-09-24,70500.0,75500,6.85,Merit Increase,USD
1920,E100362,2021-11-24,75500.0,78500,3.74,Market Adjustment,USD
1921,E100362,2023-01-24,78500.0,88000,12.25,Promotion,USD
1922,E100362,2023-10-24,88000.0,91500,3.73,Market Adjustment,USD
1923,E100363,2014-02-10,61500.0,64000,4.11,Merit Increase,USD
1924,E100363,2015-04-10,64000.0,65500,2.02,Market Adjustment,USD
1925,E100363,2016-03-10,65500.0,67500,2.79,Merit Increase,USD
1926,E100363,2017-06-10,67500.0,69500,2.95,Merit Increase,USD
1927,E100363,2018-08-10,69500.0,72000,3.42,Merit Increase,USD
1928,E100363,2019-08-10,72000.0,80000,11.4,Promotion,USD
1929,E100363,2020-10-10,80000.0,83500,4.51,Market Adjustment,USD
1930,E100363,2021-08-10,83500.0,87000,4.0,Merit Increase,USD
1931,E100365,2019-11-15,112000.0,119000,6.11,Merit Increase,USD
1932,E100365,2020-12-15,119000.0,123000,3.41,Market Adjustment,USD
1933,E100365,2022-01-15,123000.0,129500,5.43,Market Adjustment,USD
1934,E100365,2023-01-15,129500.0,132000,1.78,Merit Increase,USD
1935,E100365,2024-02-15,132000.0,138500,4.89,Merit Increase,USD
1936,E100365,2025-03-15,138500.0,144500,4.16,Market Adjustment,USD
1937,E100365,2026-03-15,144500.0,149000,3.15,Market Adjustment,USD
1938,E100366,2019-10-29,24500.0,25500,3.64,Market Adjustment,USD
1939,E100366,2020-09-29,25500.0,26500,3.45,Merit Increase,USD
1940,E100366,2021-10-29,26500.0,27500,4.26,Merit Increase,USD
1941,E100366,2022-11-29,27500.0,29000,5.59,Merit Increase,USD
1942,E100366,2023-12-29,29000.0,29500,1.91,Market Adjustment,USD
1943,E100367,2021-05-18,72000.0,73500,2.06,Market Adjustment,USD
1944,E100367,2022-07-18,73500.0,75500,2.66,Market Adjustment,USD
1945,E100367,2023-09-18,75500.0,76500,1.61,Merit Increase,USD
1946,E100367,2024-09-18,76500.0,79500,4.15,Market Adjustment,USD
1947,E100367,2025-07-18,79500.0,89500,12.57,Promotion,USD
1948,E100368,2021-06-10,80500.0,84000,4.09,Merit Increase,USD
1949,E100368,2022-05-10,84000.0,90500,7.79,Merit Increase,USD
1950,E100368,2023-06-10,90500.0,94000,4.0,Merit Increase,USD
1951,E100368,2024-06-10,94000.0,102500,9.02,Promotion,USD
1952,E100368,2025-08-10,102500.0,102500,0.0,Merit Increase,USD
1953,E100368,2026-05-10,102500.0,106500,3.98,Market Adjustment,USD
1954,E100369,2019-02-07,34000.0,35000,2.72,Merit Increase,USD
1955,E100369,2019-11-07,35000.0,36000,3.4,Market Adjustment,USD
1956,E100369,2020-11-07,36000.0,39000,7.75,Promotion,USD
1957,E100370,2021-09-20,35500.0,38500,8.04,Promotion,USD
1958,E100370,2022-06-20,38500.0,40000,4.03,Market Adjustment,USD
1959,E100370,2023-05-20,40000.0,41000,2.06,Market Adjustment,USD
1960,E100370,2024-05-20,41000.0,45500,11.14,Promotion,USD
1961,E100370,2025-07-20,45500.0,48000,5.09,Market Adjustment,USD
1962,E100370,2026-07-20,48000.0,50000,4.38,Market Adjustment,USD
1963,E100371,2019-08-18,42500.0,43500,2.23,Market Adjustment,USD
1964,E100371,2020-10-18,43500.0,44500,2.26,Merit Increase,USD
1965,E100371,2021-09-18,44500.0,46000,2.82,Merit Increase,USD
1966,E100371,2022-06-18,46000.0,48500,4.98,Merit Increase,USD
1967,E100372,2018-02-26,50000.0,51000,2.05,Market Adjustment,USD
1968,E100372,2019-04-26,51000.0,53000,3.9,Market Adjustment,USD
1969,E100372,2020-06-26,53000.0,55000,3.75,Market Adjustment,USD
1970,E100372,2021-07-26,55000.0,61500,12.0,Promotion,USD
1971,E100372,2022-09-26,61500.0,62500,1.78,Market Adjustment,USD
1972,E100373,2021-08-25,142000.0,148000,4.4,Market Adjustment,USD
1973,E100373,2022-09-25,148000.0,155000,4.58,Merit Increase,USD
1974,E100373,2023-06-25,155000.0,159500,2.85,Market Adjustment,USD
1975,E100373,2024-03-25,159500.0,170000,6.43,Merit Increase,USD
1976,E100373,2025-04-25,170000.0,174000,2.27,Merit Increase,USD
1977,E100374,2020-10-11,41500.0,48500,16.93,Promotion,USD
1978,E100374,2021-10-11,48500.0,50500,3.78,Merit Increase,USD
1979,E100374,2022-09-11,50500.0,54000,6.66,Market Adjustment,USD
1980,E100375,2018-06-05,18000.0,19000,4.78,Market Adjustment,USD
1981,E100375,2019-07-05,19000.0,20500,8.67,Promotion,USD
1982,E100375,2020-06-05,20500.0,20500,0.45,Market Adjustment,USD
1983,E100375,2021-08-05,20500.0,21000,1.46,Merit Increase,USD
1984,E100375,2022-09-05,21000.0,21500,1.87,Merit Increase,USD
1985,E100375,2023-07-05,21500.0,24000,11.15,Promotion,USD
1986,E100375,2024-10-05,24000.0,24500,2.35,Market Adjustment,USD
1987,E100375,2025-10-05,24500.0,25500,3.65,Market Adjustment,USD
1988,E100376,2017-12-16,87000.0,90000,3.52,Merit Increase,USD
1989,E100376,2018-09-16,90000.0,95000,5.46,Market Adjustment,USD
1990,E100376,2019-10-16,95000.0,98000,3.18,Merit Increase,USD
1991,E100376,2020-09-16,98000.0,101000,2.95,Market Adjustment,USD
1992,E100376,2021-11-16,101000.0,102500,1.5,Merit Increase,USD
1993,E100377,2018-10-13,65000.0,69000,6.18,Promotion,USD
1994,E100377,2019-09-13,69000.0,71000,3.09,Merit Increase,USD
1995,E100377,2020-06-13,71000.0,73000,3.14,Merit Increase,USD
1996,E100377,2021-04-13,73000.0,77000,5.27,Merit Increase,USD
1997,E100377,2022-03-13,77000.0,87000,13.22,Promotion,USD
1998,E100378,2021-10-26,71000.0,79500,12.06,Promotion,USD
1999,E100379,2021-06-06,33000.0,34000,2.97,Merit Increase,USD
2000,E100379,2022-07-06,34000.0,35500,4.23,Merit Increase,USD
2001,E100380,2019-11-10,42500.0,46000,8.33,Promotion,USD
2002,E100380,2020-09-10,46000.0,47500,3.46,Merit Increase,USD
2003,E100380,2021-12-10,47500.0,49500,4.23,Market Adjustment,USD
2004,E100381,2021-04-28,58000.0,60000,3.47,Market Adjustment,USD
2005,E100381,2022-06-28,60000.0,62500,4.36,Market Adjustment,USD
2006,E100381,2023-09-28,62500.0,64500,3.29,Market Adjustment,USD
2007,E100381,2024-06-28,64500.0,65500,1.51,Market Adjustment,USD
2008,E100382,2021-06-18,74000.0,77500,4.58,Market Adjustment,USD
2009,E100382,2022-09-18,77500.0,80500,3.55,Merit Increase,USD
2010,E100382,2023-07-18,80500.0,84000,4.34,Market Adjustment,USD
2011,E100382,2024-08-18,84000.0,87500,4.45,Market Adjustment,USD
2012,E100382,2025-07-18,87500.0,94500,7.97,Market Adjustment,USD
2013,E100383,2021-02-28,43000.0,48500,13.14,Promotion,USD
2014,E100383,2022-04-28,48500.0,50000,3.51,Merit Increase,USD
2015,E100383,2023-06-28,50000.0,52500,4.86,Merit Increase,USD
2016,E100383,2024-07-28,52500.0,54500,3.84,Merit Increase,USD
2017,E100383,2025-09-28,54500.0,56500,3.53,Market Adjustment,USD
2018,E100384,2021-03-13,44500.0,46000,3.04,Market Adjustment,USD
2019,E100384,2022-02-13,46000.0,48000,4.66,Merit Increase,USD
2020,E100384,2023-03-13,48000.0,49500,2.61,Merit Increase,USD
2021,E100384,2024-03-13,49500.0,51500,4.47,Merit Increase,USD
2022,E100384,2025-03-13,51500.0,54500,5.67,Merit Increase,USD
2023,E100384,2026-02-13,54500.0,56000,2.75,Market Adjustment,USD
2024,E100385,2020-02-03,51500.0,52500,2.31,Market Adjustment,USD
2025,E100385,2021-01-03,52500.0,54000,2.87,Market Adjustment,USD
2026,E100386,2020-03-03,94000.0,97500,3.77,Market Adjustment,USD
2027,E100386,2021-02-03,97500.0,102500,5.06,Merit Increase,USD
2028,E100386,2022-02-03,102500.0,107000,4.39,Merit Increase,USD
2029,E100386,2023-02-03,107000.0,112000,4.87,Merit Increase,USD
2030,E100387,2019-07-25,43500.0,46000,5.8,Merit Increase,USD
2031,E100387,2020-05-25,46000.0,48000,4.63,Market Adjustment,USD
2032,E100387,2021-06-25,48000.0,48500,1.36,Merit Increase,USD
2033,E100387,2022-07-25,48500.0,50500,4.01,Merit Increase,USD
2034,E100387,2023-07-25,50500.0,53000,5.21,Market Adjustment,USD
2035,E100387,2024-10-25,53000.0,60000,13.44,Promotion,USD
2036,E100387,2026-01-25,60000.0,61500,2.28,Market Adjustment,USD
2037,E100388,2019-01-14,79000.0,81000,2.73,Merit Increase,USD
2038,E100388,2020-01-14,81000.0,83500,3.3,Merit Increase,USD
2039,E100388,2021-01-14,83500.0,85000,1.87,Merit Increase,USD
2040,E100388,2022-03-14,85000.0,92000,8.37,Promotion,USD
2041,E100388,2023-07-14,92000.0,96500,4.71,Market Adjustment,USD
2042,E100388,2024-05-14,96500.0,100000,3.47,Merit Increase,USD
2043,E100388,2025-03-14,100000.0,105500,5.41,Merit Increase,USD
2044,E100388,2026-04-14,105500.0,109000,3.45,Merit Increase,USD
2045,E100389,2021-10-02,57500.0,59000,2.51,Market Adjustment,USD
2046,E100389,2022-10-02,59000.0,62000,5.38,Market Adjustment,USD
2047,E100389,2023-09-02,62000.0,65500,5.59,Merit Increase,USD
2048,E100389,2024-09-02,65500.0,68000,3.77,Market Adjustment,USD
2049,E100389,2026-01-02,68000.0,71000,4.35,Market Adjustment,USD
2050,E100390,2020-08-28,74500.0,78000,5.0,Merit Increase,USD
2051,E100390,2021-07-28,78000.0,81500,4.25,Merit Increase,USD
2052,E100391,2020-10-03,52000.0,54000,3.87,Merit Increase,USD
2053,E100391,2021-09-03,54000.0,56000,3.67,Merit Increase,USD
2054,E100391,2022-11-03,56000.0,57000,2.1,Market Adjustment,USD
2055,E100391,2023-11-03,57000.0,62500,9.72,Promotion,USD
2056,E100392,2018-09-21,105500.0,109500,3.83,Market Adjustment,USD
2057,E100392,2019-11-21,109500.0,114500,4.64,Merit Increase,USD
2058,E100392,2020-10-21,114500.0,118000,3.12,Merit Increase,USD
2059,E100393,2021-05-14,45000.0,47500,5.05,Market Adjustment,USD
2060,E100393,2022-10-14,47500.0,49000,3.4,Market Adjustment,USD
2061,E100393,2023-12-14,49000.0,51500,4.93,Merit Increase,USD
2062,E100393,2024-10-14,51500.0,53500,4.1,Merit Increase,USD
2063,E100393,2026-02-14,53500.0,54000,1.13,Market Adjustment,USD
2064,E100394,2020-10-07,29500.0,30500,3.35,Market Adjustment,USD
2065,E100394,2021-10-07,30500.0,31000,1.83,Merit Increase,USD
2066,E100394,2022-11-07,31000.0,31500,2.38,Market Adjustment,USD
2067,E100394,2023-10-07,31500.0,31500,0.67,Merit Increase,USD
2068,E100395,2018-07-22,112500.0,116500,3.62,Merit Increase,USD
2069,E100395,2019-09-22,116500.0,119000,2.17,Market Adjustment,USD
2070,E100395,2020-06-22,119000.0,122000,2.51,Merit Increase,USD
2071,E100395,2021-03-22,122000.0,125000,2.45,Market Adjustment,USD
2072,E100395,2022-06-22,125000.0,129000,3.35,Market Adjustment,USD
2073,E100395,2023-09-22,129000.0,145500,12.71,Promotion,USD
2074,E100395,2024-12-22,145500.0,160500,10.27,Promotion,USD
2075,E100395,2025-10-22,160500.0,163500,1.98,Merit Increase,USD
2076,E100396,2019-03-01,52000.0,52500,1.44,Market Adjustment,USD
2077,E100396,2020-05-01,52500.0,53000,1.16,Market Adjustment,USD
2078,E100396,2021-06-01,53000.0,54500,3.11,Market Adjustment,USD
2079,E100396,2022-08-01,54500.0,56000,3.1,Merit Increase,USD
2080,E100396,2023-10-01,56000.0,56500,1.2,Merit Increase,USD
2081,E100396,2024-11-01,56500.0,58000,2.83,Merit Increase,USD
2082,E100396,2025-12-01,58000.0,60000,3.04,Market Adjustment,USD
2083,E100397,2020-04-18,44000.0,46500,5.36,Merit Increase,USD
2084,E100397,2021-03-18,46500.0,48500,3.8,Merit Increase,USD
2085,E100397,2022-02-18,48500.0,49000,0.55,Merit Increase,USD
2086,E100397,2023-03-18,49000.0,53500,9.34,Merit Increase,USD
2087,E100397,2024-01-18,53500.0,61000,13.88,Promotion,USD
2088,E100397,2024-10-18,61000.0,63000,3.42,Merit Increase,USD
2089,E100398,2015-11-30,149000.0,153000,2.67,Merit Increase,USD
2090,E100398,2016-10-30,153000.0,156000,1.8,Market Adjustment,USD
2091,E100398,2017-07-30,156000.0,161000,3.06,Merit Increase,USD
2092,E100398,2018-06-30,161000.0,165500,2.87,Market Adjustment,USD
2093,E100398,2019-06-30,165500.0,169000,2.24,Merit Increase,USD
2094,E100398,2020-07-30,169000.0,186500,10.35,Promotion,USD
2095,E100398,2021-09-30,186500.0,199500,7.07,Market Adjustment,USD
2096,E100398,2022-10-30,199500.0,210000,5.16,Market Adjustment,USD
2097,E100398,2023-11-30,210000.0,219000,4.2,Market Adjustment,USD
2098,E100400,2020-06-24,81000.0,85500,5.63,Merit Increase,USD
2099,E100400,2021-08-24,85500.0,89000,3.88,Market Adjustment,USD
2100,E100400,2022-06-24,89000.0,92000,3.24,Merit Increase,USD
2101,E100401,2020-05-28,96500.0,107500,11.23,Promotion,USD
2102,E100401,2021-08-28,107500.0,120000,11.52,Promotion,USD
2103,E100402,2019-07-22,101000.0,103000,2.21,Merit Increase,USD
2104,E100402,2020-08-22,103000.0,104500,1.67,Market Adjustment,USD
2105,E100402,2021-09-22,104500.0,108000,3.56,Merit Increase,USD
2106,E100402,2022-06-22,108000.0,109000,0.81,Merit Increase,USD
2107,E100402,2023-07-22,109000.0,111000,1.78,Market Adjustment,USD
2108,E100402,2024-07-22,111000.0,116000,4.45,Merit Increase,USD
2109,E100402,2025-07-22,116000.0,119500,2.87,Market Adjustment,USD
2110,E100402,2026-04-22,119500.0,126500,5.75,Merit Increase,USD
2111,E100403,2020-01-20,40500.0,41500,2.15,Market Adjustment,USD
2112,E100403,2020-12-20,41500.0,42500,2.03,Market Adjustment,USD
2113,E100403,2021-12-20,42500.0,48500,14.35,Promotion,USD
2114,E100403,2023-03-20,48500.0,51000,5.01,Merit Increase,USD
2115,E100403,2024-01-20,51000.0,52000,1.95,Merit Increase,USD
2116,E100404,2021-08-22,36000.0,37000,2.85,Market Adjustment,USD
2117,E100404,2022-10-22,37000.0,41500,12.51,Promotion,USD
2118,E100404,2023-07-22,41500.0,41500,0.11,Merit Increase,USD
2119,E100405,2021-05-28,53000.0,55500,5.14,Market Adjustment,USD
2120,E100406,2021-11-26,34500.0,35000,1.65,Merit Increase,USD
2121,E100406,2022-10-26,35000.0,35000,0.0,Merit Increase,USD
2122,E100406,2024-01-26,35000.0,39000,11.58,Promotion,USD
2123,E100406,2025-01-26,39000.0,41500,6.25,Market Adjustment,USD
2124,E100407,2021-08-05,43000.0,44000,2.46,Market Adjustment,USD
2125,E100407,2023-01-05,44000.0,45500,3.07,Market Adjustment,USD
2126,E100407,2024-02-05,45500.0,48000,5.93,Market Adjustment,USD
2127,E100408,2021-09-29,68000.0,70000,3.03,Market Adjustment,USD
2128,E100408,2022-09-29,70000.0,72500,3.74,Merit Increase,USD
2129,E100408,2023-10-29,72500.0,74000,2.14,Market Adjustment,USD
2130,E100408,2025-02-28,74000.0,77000,4.17,Merit Increase,USD
2131,E100408,2026-04-28,77000.0,81500,5.56,Market Adjustment,USD
2132,E100410,2020-04-06,51000.0,52500,3.16,Market Adjustment,USD
2133,E100410,2021-04-06,52500.0,53000,0.63,Market Adjustment,USD
2134,E100410,2022-03-06,53000.0,54000,1.86,Market Adjustment,USD
2135,E100410,2022-12-06,54000.0,60000,11.47,Promotion,USD
2136,E100410,2024-01-06,60000.0,61500,2.21,Market Adjustment,USD
2137,E100410,2025-01-06,61500.0,64000,4.35,Market Adjustment,USD
2138,E100410,2026-01-06,64000.0,66000,3.3,Merit Increase,USD
2139,E100411,2017-08-10,99000.0,102500,3.47,Merit Increase,USD
2140,E100411,2018-08-10,102500.0,112500,9.58,Promotion,USD
2141,E100411,2019-07-10,112500.0,117500,4.4,Merit Increase,USD
2142,E100411,2020-09-10,117500.0,121500,3.49,Merit Increase,USD
2143,E100411,2021-11-10,121500.0,126000,3.52,Merit Increase,USD
2144,E100411,2022-12-10,126000.0,129500,2.65,Market Adjustment,USD
2145,E100412,2018-07-01,113500.0,118000,4.08,Market Adjustment,USD
2146,E100412,2019-08-01,118000.0,122500,3.63,Merit Increase,USD
2147,E100412,2020-09-01,122500.0,123000,0.42,Merit Increase,USD
2148,E100412,2021-10-01,123000.0,134000,8.86,Promotion,USD
2149,E100412,2022-10-01,134000.0,137500,2.52,Merit Increase,USD
2150,E100412,2023-12-01,137500.0,140500,2.31,Merit Increase,USD
2151,E100412,2024-12-01,140500.0,144000,2.53,Market Adjustment,USD
2152,E100412,2025-11-01,144000.0,147500,2.4,Market Adjustment,USD
2153,E100413,2014-11-16,56000.0,58000,3.79,Merit Increase,USD
2154,E100413,2015-10-16,58000.0,60000,3.69,Market Adjustment,USD
2155,E100413,2016-12-16,60000.0,62000,3.29,Market Adjustment,USD
2156,E100413,2017-10-16,62000.0,62500,0.86,Market Adjustment,USD
2157,E100413,2018-12-16,62500.0,66000,5.81,Market Adjustment,USD
2158,E100413,2020-03-16,66000.0,68500,3.95,Merit Increase,USD
2159,E100413,2021-04-16,68500.0,75500,10.35,Promotion,USD
2160,E100413,2022-04-16,75500.0,77500,2.41,Market Adjustment,USD
2161,E100413,2023-03-16,77500.0,78000,0.69,Merit Increase,USD
2162,E100413,2024-05-16,78000.0,81500,4.33,Market Adjustment,USD
2163,E100413,2025-05-16,81500.0,86000,5.38,Merit Increase,USD
2164,E100414,2019-12-13,44000.0,46000,4.35,Market Adjustment,USD
2165,E100414,2020-12-13,46000.0,48500,5.92,Merit Increase,USD
2166,E100414,2021-11-13,48500.0,51000,5.09,Merit Increase,USD
2167,E100414,2023-01-13,51000.0,53500,5.23,Market Adjustment,USD
2168,E100414,2023-12-13,53500.0,55000,2.92,Market Adjustment,USD
2169,E100414,2025-02-13,55000.0,58000,5.2,Market Adjustment,USD
2170,E100414,2026-03-13,58000.0,58500,0.65,Market Adjustment,USD
2171,E100415,2018-12-02,104000.0,107000,2.68,Market Adjustment,USD
2172,E100415,2020-02-02,107000.0,111500,4.24,Market Adjustment,USD
2173,E100415,2021-01-02,111500.0,126500,13.66,Promotion,USD
2174,E100416,2020-08-23,53000.0,55500,4.85,Merit Increase,USD
2175,E100416,2022-01-23,55500.0,58000,4.09,Promotion,USD
2176,E100416,2023-02-23,58000.0,60500,3.9,Market Adjustment,USD
2177,E100416,2023-12-23,60500.0,63500,5.04,Market Adjustment,USD
2178,E100416,2024-10-23,63500.0,70500,11.25,Promotion,USD
2179,E100417,2021-05-31,63500.0,66000,4.06,Merit Increase,USD
2180,E100417,2022-04-30,66000.0,69500,5.42,Merit Increase,USD
2181,E100417,2023-05-30,69500.0,73000,4.79,Merit Increase,USD
2182,E100417,2024-07-30,73000.0,83500,14.57,Promotion,USD
2183,E100417,2025-07-30,83500.0,86500,3.32,Merit Increase,USD
2184,E100417,2026-06-30,86500.0,89500,3.71,Merit Increase,USD
2185,E100418,2020-05-10,127000.0,137500,8.25,Promotion,USD
2186,E100418,2021-05-10,137500.0,143500,4.32,Market Adjustment,USD
2187,E100419,2021-02-25,33500.0,34500,2.6,Market Adjustment,USD
2188,E100419,2022-02-25,34500.0,35500,3.25,Market Adjustment,USD
2189,E100420,2020-07-26,42500.0,47000,10.58,Promotion,USD
2190,E100421,2015-12-24,48500.0,51500,5.75,Market Adjustment,USD
2191,E100421,2017-01-24,51500.0,53000,3.07,Merit Increase,USD
2192,E100421,2018-04-24,53000.0,55000,4.06,Market Adjustment,USD
2193,E100421,2019-05-24,55000.0,61000,11.01,Promotion,USD
2194,E100421,2020-08-24,61000.0,64500,5.92,Merit Increase,USD
2195,E100421,2021-10-24,64500.0,71500,11.1,Promotion,USD
2196,E100421,2023-01-24,71500.0,73500,3.11,Merit Increase,USD
2197,E100421,2023-12-24,73500.0,77000,4.71,Merit Increase,USD
2198,E100421,2025-03-24,77000.0,79500,3.5,Market Adjustment,USD
2199,E100421,2026-07-24,79500.0,80500,1.32,Market Adjustment,USD
2200,E100422,2021-03-04,94000.0,102000,8.38,Promotion,USD
2201,E100422,2022-03-04,102000.0,108000,6.08,Market Adjustment,USD
2202,E100422,2023-06-04,108000.0,124500,15.19,Promotion,USD
2203,E100422,2024-07-04,124500.0,128500,3.07,Market Adjustment,USD
2204,E100422,2025-08-04,128500.0,130500,1.38,Market Adjustment,USD
2205,E100423,2020-03-24,75000.0,77500,3.31,Merit Increase,USD
2206,E100423,2021-03-24,77500.0,81000,4.77,Market Adjustment,USD
2207,E100423,2022-04-24,81000.0,84500,4.26,Merit Increase,USD
2208,E100423,2023-01-24,84500.0,87000,3.25,Merit Increase,USD
2209,E100423,2023-12-24,87000.0,90000,3.72,Merit Increase,USD
2210,E100423,2024-12-24,90000.0,93500,3.83,Merit Increase,USD
2211,E100423,2025-10-24,93500.0,97000,3.65,Market Adjustment,USD
2212,E100424,2021-08-17,37500.0,43000,15.05,Promotion,USD
2213,E100424,2022-05-17,43000.0,44500,3.07,Merit Increase,USD
2214,E100424,2023-05-17,44500.0,46000,3.73,Market Adjustment,USD
2215,E100424,2024-08-17,46000.0,47500,3.43,Merit Increase,USD
2216,E100425,2020-09-17,39000.0,40500,4.06,Market Adjustment,USD
2217,E100425,2021-11-17,40500.0,42500,5.02,Market Adjustment,USD
2218,E100425,2022-11-17,42500.0,43000,1.73,Market Adjustment,USD
2219,E100425,2023-12-17,43000.0,44500,2.98,Merit Increase,USD
2220,E100425,2025-01-17,44500.0,47000,5.63,Market Adjustment,USD
2221,E100425,2026-02-17,47000.0,50000,6.26,Market Adjustment,USD
2222,E100426,2020-12-27,30500.0,32500,7.22,Promotion,USD
2223,E100426,2022-01-27,32500.0,33000,2.13,Market Adjustment,USD
2224,E100427,2020-07-16,39500.0,41000,3.28,Merit Increase,USD
2225,E100427,2021-08-16,41000.0,46000,11.7,Promotion,USD
2226,E100427,2022-08-16,46000.0,49000,6.7,Market Adjustment,USD
2227,E100428,2019-09-05,118500.0,125000,5.38,Market Adjustment,USD
2228,E100428,2020-07-05,125000.0,129500,3.58,Merit Increase,USD
2229,E100428,2021-08-05,129500.0,134500,3.76,Market Adjustment,USD
2230,E100429,2018-08-09,127500.0,128000,0.36,Market Adjustment,USD
2231,E100429,2019-08-09,128000.0,131500,2.87,Merit Increase,USD
2232,E100429,2020-07-09,131500.0,138000,4.82,Merit Increase,USD
2233,E100429,2021-10-09,138000.0,145000,5.21,Market Adjustment,USD
2234,E100429,2022-12-09,145000.0,147500,1.7,Market Adjustment,USD
2235,E100429,2024-01-09,147500.0,155000,5.16,Merit Increase,USD
2236,E100429,2024-10-09,155000.0,164000,5.94,Merit Increase,USD
2237,E100429,2025-08-09,164000.0,177500,8.33,Promotion,USD
2238,E100430,2022-01-10,30000.0,32500,8.2,Promotion,USD
2239,E100430,2022-12-10,32500.0,34000,5.38,Market Adjustment,USD
2240,E100430,2024-01-10,34000.0,35000,3.13,Market Adjustment,USD
2241,E100430,2025-02-10,35000.0,37500,6.78,Merit Increase,USD
2242,E100430,2026-04-10,37500.0,42000,12.07,Promotion,USD
2243,E100431,2020-09-02,75000.0,78500,4.87,Merit Increase,USD
2244,E100431,2021-08-02,78500.0,81000,3.4,Merit Increase,USD
2245,E100431,2022-08-02,81000.0,82500,2.11,Market Adjustment,USD
2246,E100431,2023-06-02,82500.0,87000,5.59,Merit Increase,USD
2247,E100431,2024-08-02,87000.0,92500,6.15,Merit Increase,USD
2248,E100431,2025-10-02,92500.0,103500,11.96,Promotion,USD
2249,E100432,2018-05-14,143500.0,146000,1.59,Merit Increase,USD
2250,E100432,2019-06-14,146000.0,153000,4.89,Market Adjustment,USD
2251,E100432,2020-06-14,153000.0,172000,12.32,Promotion,USD
2252,E100433,2020-11-08,89500.0,93000,4.13,Market Adjustment,USD
2253,E100433,2022-02-08,93000.0,96000,3.02,Market Adjustment,USD
2254,E100433,2022-12-08,96000.0,100500,4.59,Merit Increase,USD
2255,E100434,2020-11-27,43500.0,45000,3.75,Merit Increase,USD
2256,E100434,2021-09-27,45000.0,46500,3.13,Market Adjustment,USD
2257,E100434,2022-11-27,46500.0,48000,3.5,Merit Increase,USD
2258,E100435,2020-08-23,81500.0,84500,3.91,Merit Increase,USD
2259,E100435,2021-10-23,84500.0,96500,14.08,Promotion,USD
2260,E100435,2022-09-23,96500.0,102000,5.94,Market Adjustment,USD
2261,E100435,2023-10-23,102000.0,103000,1.04,Market Adjustment,USD
2262,E100436,2021-05-10,76500.0,79500,4.11,Market Adjustment,USD
2263,E100436,2022-06-10,79500.0,84500,6.43,Promotion,USD
2264,E100437,2019-12-04,111000.0,112000,0.77,Market Adjustment,USD
2265,E100437,2021-03-04,112000.0,117000,4.42,Merit Increase,USD
2266,E100437,2022-03-04,117000.0,121000,3.57,Market Adjustment,USD
2267,E100437,2023-03-04,121000.0,128500,6.24,Promotion,USD
2268,E100439,2021-01-21,68000.0,71500,4.87,Merit Increase,USD
2269,E100439,2022-04-21,71500.0,71500,0.0,Market Adjustment,USD
2270,E100439,2023-04-21,71500.0,73000,1.77,Market Adjustment,USD
2271,E100439,2024-04-21,73000.0,73500,0.72,Merit Increase,USD
2272,E100439,2025-06-21,73500.0,77000,4.49,Merit Increase,USD
2273,E100440,2017-07-31,18500.0,19500,4.52,Merit Increase,USD
2274,E100440,2018-09-30,19500.0,20500,6.08,Market Adjustment,USD
2275,E100440,2019-07-30,20500.0,23500,13.69,Promotion,USD
2276,E100440,2020-08-30,23500.0,24000,1.07,Merit Increase,USD
2277,E100440,2021-09-30,24000.0,25000,4.61,Market Adjustment,USD
2278,E100440,2022-06-30,25000.0,26000,3.39,Market Adjustment,USD
2279,E100440,2023-07-30,26000.0,27000,3.57,Merit Increase,USD
2280,E100440,2024-09-30,27000.0,27500,2.6,Merit Increase,USD
2281,E100440,2025-07-30,27500.0,28500,4.23,Merit Increase,USD
2282,E100441,2020-07-21,51000.0,54500,7.09,Market Adjustment,USD
2283,E100441,2021-07-21,54500.0,60000,10.5,Promotion,USD
2284,E100442,2021-02-12,34000.0,34500,1.13,Merit Increase,USD
2285,E100443,2020-10-06,37000.0,39000,5.1,Merit Increase,USD
2286,E100443,2021-10-06,39000.0,40000,2.64,Market Adjustment,USD
2287,E100445,2021-08-06,91000.0,94500,3.9,Merit Increase,USD
2288,E100445,2022-10-06,94500.0,99000,4.61,Market Adjustment,USD
2289,E100445,2023-07-06,99000.0,103500,4.34,Market Adjustment,USD
2290,E100445,2024-08-06,103500.0,104500,0.8,Merit Increase,USD
2291,E100445,2025-11-06,104500.0,108500,3.8,Merit Increase,USD
2292,E100446,2021-07-15,68000.0,70000,3.18,Market Adjustment,USD
2293,E100446,2023-01-15,70000.0,71500,2.19,Market Adjustment,USD
2294,E100446,2023-12-15,71500.0,74000,3.77,Merit Increase,USD
2295,E100446,2025-05-15,74000.0,76500,3.15,Market Adjustment,USD
2296,E100446,2026-05-15,76500.0,79500,3.77,Market Adjustment,USD
2297,E100447,2020-04-06,36500.0,38500,4.94,Market Adjustment,USD
2298,E100448,2021-09-01,88000.0,92500,5.0,Market Adjustment,USD
2299,E100448,2022-07-01,92500.0,95500,2.98,Merit Increase,USD
2300,E100448,2023-04-01,95500.0,98000,2.75,Market Adjustment,USD
2301,E100448,2024-04-01,98000.0,101000,3.0,Market Adjustment,USD
2302,E100448,2025-04-01,101000.0,105000,3.92,Merit Increase,USD
2303,E100448,2026-02-01,105000.0,109500,4.09,Market Adjustment,USD
2304,E100449,2021-10-28,55500.0,57500,3.41,Market Adjustment,USD
2305,E100449,2022-09-28,57500.0,58500,1.53,Merit Increase,USD
2306,E100450,2018-04-19,63500.0,67000,5.69,Market Adjustment,USD
2307,E100450,2019-08-19,67000.0,69000,2.77,Market Adjustment,USD
2308,E100450,2020-05-19,69000.0,72500,4.83,Merit Increase,USD
2309,E100451,2021-01-06,86000.0,90500,5.29,Market Adjustment,USD
2310,E100451,2022-02-06,90500.0,95000,4.77,Merit Increase,USD
2311,E100452,2021-11-16,64000.0,67000,4.53,Merit Increase,USD
2312,E100453,2022-02-28,55000.0,61500,11.47,Promotion,USD
2313,E100453,2023-05-28,61500.0,62500,1.58,Market Adjustment,USD
2314,E100453,2024-05-28,62500.0,64500,3.37,Market Adjustment,USD
2315,E100453,2025-06-28,64500.0,65500,1.58,Merit Increase,USD
2316,E100453,2026-05-28,65500.0,68000,3.56,Market Adjustment,USD
2317,E100454,2021-04-11,16500.0,17000,2.95,Merit Increase,USD
2318,E100454,2022-02-11,17000.0,17500,4.4,Market Adjustment,USD
2319,E100454,2023-03-11,17500.0,18500,4.85,Merit Increase,USD
2320,E100454,2024-04-11,18500.0,20000,7.78,Promotion,USD
2321,E100454,2025-01-11,20000.0,21000,5.21,Market Adjustment,USD
2322,E100454,2026-01-11,21000.0,21000,0.15,Market Adjustment,USD
2323,E100455,2020-03-01,76500.0,81000,5.83,Market Adjustment,USD
2324,E100455,2021-04-01,81000.0,84500,4.5,Market Adjustment,USD
2325,E100455,2022-03-01,84500.0,95500,13.13,Promotion,USD
2326,E100455,2023-07-01,95500.0,100000,4.74,Merit Increase,USD
2327,E100456,2020-07-17,52500.0,55000,5.22,Market Adjustment,USD
2328,E100457,2017-12-07,33500.0,35000,5.06,Promotion,USD
2329,E100457,2018-09-07,35000.0,36500,3.63,Merit Increase,USD
2330,E100457,2019-08-07,36500.0,38000,3.81,Merit Increase,USD
2331,E100457,2020-10-07,38000.0,39000,2.65,Market Adjustment,USD
2332,E100457,2021-11-07,39000.0,40500,3.32,Merit Increase,USD
2333,E100457,2023-05-07,40500.0,41500,2.71,Market Adjustment,USD
2334,E100457,2024-04-07,41500.0,42500,2.82,Market Adjustment,USD
2335,E100458,2019-07-16,26500.0,27500,4.61,Market Adjustment,USD
2336,E100458,2020-08-16,27500.0,28500,3.59,Merit Increase,USD
2337,E100458,2021-12-16,28500.0,28500,0.79,Merit Increase,USD
2338,E100458,2023-01-16,28500.0,30000,4.55,Merit Increase,USD
2339,E100458,2024-02-16,30000.0,30500,1.3,Market Adjustment,USD
2340,E100459,2021-04-30,46500.0,46500,0.0,Market Adjustment,USD
2341,E100459,2022-03-30,46500.0,50000,7.31,Promotion,USD
2342,E100459,2023-04-30,50000.0,51500,3.26,Market Adjustment,USD
2343,E100460,2021-05-30,44000.0,45500,3.9,Merit Increase,USD
2344,E100461,2019-01-11,88500.0,93000,5.14,Market Adjustment,USD
2345,E100461,2020-03-11,93000.0,95500,2.54,Market Adjustment,USD
2346,E100461,2021-02-11,95500.0,108500,13.79,Promotion,USD
2347,E100461,2021-11-11,108500.0,110000,1.56,Merit Increase,USD
2348,E100462,2020-05-02,46000.0,47000,2.59,Merit Increase,USD
2349,E100462,2021-05-02,47000.0,48500,3.17,Merit Increase,USD
2350,E100462,2022-05-02,48500.0,50000,2.86,Market Adjustment,USD
2351,E100462,2023-04-02,50000.0,52000,3.78,Merit Increase,USD
2352,E100462,2024-06-02,52000.0,58000,11.47,Promotion,USD
2353,E100462,2025-06-02,58000.0,59500,2.59,Merit Increase,USD
2354,E100462,2026-04-02,59500.0,60500,1.55,Merit Increase,USD
2355,E100463,2021-09-24,59000.0,64500,9.25,Promotion,USD
2356,E100464,2017-08-16,118000.0,122000,3.39,Market Adjustment,USD
2357,E100464,2018-08-16,122000.0,141000,15.72,Promotion,USD
2358,E100464,2019-08-16,141000.0,147500,4.76,Merit Increase,USD
2359,E100464,2020-06-16,147500.0,155500,5.53,Market Adjustment,USD
2360,E100464,2021-08-16,155500.0,159500,2.62,Market Adjustment,USD
2361,E100464,2022-07-16,159500.0,168000,5.29,Market Adjustment,USD
2362,E100464,2023-09-16,168000.0,173500,3.15,Market Adjustment,USD
2363,E100464,2024-08-16,173500.0,198000,14.23,Promotion,USD
2364,E100464,2025-08-16,198000.0,206000,4.0,Market Adjustment,USD
2365,E100465,2021-03-18,62000.0,66000,6.36,Merit Increase,USD
2366,E100465,2022-03-18,66000.0,69500,5.66,Merit Increase,USD
2367,E100466,2019-10-13,50000.0,52000,4.37,Merit Increase,USD
2368,E100466,2020-09-13,52000.0,54000,3.46,Market Adjustment,USD
2369,E100466,2021-06-13,54000.0,54000,0.45,Market Adjustment,USD
2370,E100466,2022-07-13,54000.0,55500,2.77,Merit Increase,USD
2371,E100466,2023-07-13,55500.0,64500,16.0,Promotion,USD
2372,E100466,2024-08-13,64500.0,69000,6.72,Merit Increase,USD
2373,E100466,2025-09-13,69000.0,73000,5.74,Merit Increase,USD
2374,E100467,2021-06-09,79500.0,82000,3.24,Market Adjustment,USD
2375,E100467,2022-06-09,82000.0,86000,5.11,Market Adjustment,USD
2376,E100467,2023-07-09,86000.0,88000,2.12,Market Adjustment,USD
2377,E100467,2024-05-09,88000.0,89500,1.62,Market Adjustment,USD
2378,E100467,2025-04-09,89500.0,91500,2.08,Merit Increase,USD
2379,E100468,2016-08-17,65000.0,69000,6.41,Promotion,USD
2380,E100468,2017-09-17,69000.0,74000,6.92,Market Adjustment,USD
2381,E100468,2018-10-17,74000.0,76500,3.64,Market Adjustment,USD
2382,E100468,2019-11-17,76500.0,77500,1.28,Merit Increase,USD
2383,E100468,2020-12-17,77500.0,80500,4.0,Merit Increase,USD
2384,E100469,2020-04-18,54000.0,63000,16.68,Promotion,USD
2385,E100469,2021-05-18,63000.0,64000,1.67,Market Adjustment,USD
2386,E100469,2022-03-18,64000.0,65500,2.33,Market Adjustment,USD
2387,E100469,2023-07-18,65500.0,67500,3.31,Market Adjustment,USD
2388,E100469,2024-07-18,67500.0,69500,2.71,Market Adjustment,USD
2389,E100469,2025-10-18,69500.0,73000,5.12,Market Adjustment,USD
2390,E100469,2026-07-18,73000.0,75500,3.35,Merit Increase,USD
2391,E100470,2021-04-26,42500.0,43500,2.63,Merit Increase,USD
2392,E100470,2022-04-26,43500.0,47000,7.98,Promotion,USD
2393,E100470,2023-05-26,47000.0,49000,3.91,Merit Increase,USD
2394,E100470,2024-07-26,49000.0,50500,2.8,Merit Increase,USD
2395,E100470,2025-04-26,50500.0,55000,8.86,Promotion,USD
2396,E100470,2026-02-26,55000.0,57000,3.25,Merit Increase,USD
2397,E100471,2022-03-25,35500.0,36500,2.14,Market Adjustment,USD
2398,E100471,2023-04-25,36500.0,38000,3.76,Market Adjustment,USD
2399,E100471,2024-07-25,38000.0,39500,3.83,Market Adjustment,USD
2400,E100471,2025-07-25,39500.0,41000,3.44,Market Adjustment,USD
2401,E100472,2021-12-03,108000.0,114500,6.05,Market Adjustment,USD
2402,E100472,2023-04-03,114500.0,124500,8.71,Promotion,USD
2403,E100472,2024-01-03,124500.0,126500,1.63,Market Adjustment,USD
2404,E100472,2025-02-03,126500.0,133000,5.19,Market Adjustment,USD
2405,E100472,2026-02-03,133000.0,135500,2.06,Merit Increase,USD
2406,E100473,2019-03-19,87000.0,89500,2.77,Merit Increase,USD
2407,E100473,2019-12-19,89500.0,92500,3.46,Market Adjustment,USD
2408,E100473,2021-01-19,92500.0,97000,4.83,Market Adjustment,USD
2409,E100473,2021-11-19,97000.0,102000,5.24,Market Adjustment,USD
2410,E100473,2023-02-19,102000.0,105500,3.64,Merit Increase,USD
2411,E100473,2024-04-19,105500.0,110500,4.72,Merit Increase,USD
2412,E100473,2025-03-19,110500.0,112000,1.42,Merit Increase,USD
2413,E100473,2026-02-19,112000.0,113000,0.86,Market Adjustment,USD
2414,E100474,2020-09-30,55000.0,56000,2.21,Merit Increase,USD
2415,E100474,2021-09-30,56000.0,57500,3.12,Merit Increase,USD
2416,E100474,2023-02-28,57500.0,63000,9.64,Promotion,USD
2417,E100474,2024-05-28,63000.0,65000,3.55,Merit Increase,USD
2418,E100474,2025-02-28,65000.0,67000,2.75,Merit Increase,USD
2419,E100474,2026-04-28,67000.0,69000,2.76,Market Adjustment,USD
2420,E100475,2020-06-13,66000.0,69000,4.28,Merit Increase,USD
2421,E100475,2021-05-13,69000.0,78000,13.13,Promotion,USD
2422,E100476,2021-09-04,69500.0,72000,3.36,Merit Increase,USD
2423,E100476,2022-08-04,72000.0,75000,4.31,Merit Increase,USD
2424,E100476,2023-10-04,75000.0,77000,2.7,Merit Increase,USD
2425,E100476,2024-07-04,77000.0,79000,2.81,Market Adjustment,USD
2426,E100476,2025-05-04,79000.0,81500,3.1,Market Adjustment,USD
2427,E100476,2026-07-04,81500.0,82000,0.49,Market Adjustment,USD
2428,E100477,2019-12-23,47500.0,48500,2.11,Market Adjustment,USD
2429,E100477,2021-01-23,48500.0,51000,5.25,Market Adjustment,USD
2430,E100477,2022-02-23,51000.0,54500,6.59,Market Adjustment,USD
2431,E100477,2023-03-23,54500.0,62000,14.01,Promotion,USD
2432,E100477,2024-08-23,62000.0,64500,4.26,Market Adjustment,USD
2433,E100477,2025-12-23,64500.0,67000,4.18,Merit Increase,USD
2434,E100478,2021-10-04,42500.0,44000,3.59,Merit Increase,USD
2435,E100479,2018-09-10,161000.0,165000,2.34,Merit Increase,USD
2436,E100479,2020-02-10,165000.0,182500,10.68,Promotion,USD
2437,E100479,2021-02-10,182500.0,191500,4.87,Market Adjustment,USD
2438,E100479,2022-05-10,191500.0,197000,2.95,Merit Increase,USD
2439,E100479,2023-02-10,197000.0,201000,2.11,Merit Increase,USD
2440,E100479,2024-01-10,201000.0,204500,1.74,Market Adjustment,USD
2441,E100479,2024-12-10,204500.0,211500,3.51,Merit Increase,USD
2442,E100479,2025-11-10,211500.0,246000,16.3,Promotion,USD
2443,E100480,2018-03-26,142000.0,149500,5.26,Merit Increase,USD
2444,E100480,2019-10-26,149500.0,164500,10.01,Promotion,USD
2445,E100480,2020-11-26,164500.0,173500,5.46,Market Adjustment,USD
2446,E100480,2021-11-26,173500.0,184500,6.31,Market Adjustment,USD
2447,E100480,2022-08-26,184500.0,190500,3.32,Market Adjustment,USD
2448,E100480,2023-07-26,190500.0,205000,7.61,Promotion,USD
2449,E100480,2024-06-26,205000.0,214000,4.27,Market Adjustment,USD
2450,E100480,2025-08-26,214000.0,224000,4.56,Merit Increase,USD
2451,E100480,2026-06-26,224000.0,233500,4.33,Merit Increase,USD
2452,E100481,2014-01-03,31000.0,32000,3.17,Merit Increase,USD
2453,E100481,2015-05-03,32000.0,33000,3.09,Market Adjustment,USD
2454,E100481,2016-07-03,33000.0,37500,14.1,Promotion,USD
2455,E100481,2017-09-03,37500.0,38500,2.81,Market Adjustment,USD
2456,E100481,2018-09-03,38500.0,40000,3.91,Market Adjustment,USD
2457,E100481,2019-08-03,40000.0,41000,2.22,Market Adjustment,USD
2458,E100481,2020-09-03,41000.0,42000,2.29,Market Adjustment,USD
2459,E100482,2019-01-08,50500.0,52000,2.67,Market Adjustment,USD
2460,E100482,2020-01-08,52000.0,57000,9.71,Promotion,USD
2461,E100482,2021-06-08,57000.0,60500,6.15,Market Adjustment,USD
2462,E100482,2022-06-08,60500.0,62000,2.81,Market Adjustment,USD
2463,E100482,2023-06-08,62000.0,69500,11.72,Promotion,USD
2464,E100482,2024-06-08,69500.0,72000,3.52,Market Adjustment,USD
2465,E100482,2025-08-08,72000.0,78000,8.4,Promotion,USD
2466,E100482,2026-07-08,78000.0,79000,1.34,Merit Increase,USD
2467,E100483,2020-02-29,184000.0,204500,11.13,Promotion,USD
2468,E100483,2021-05-29,204500.0,221500,8.38,Promotion,USD
2469,E100483,2022-02-28,221500.0,229500,3.64,Market Adjustment,USD
2470,E100483,2023-02-28,229500.0,240500,4.78,Merit Increase,USD
2471,E100483,2024-03-28,240500.0,253500,5.42,Market Adjustment,USD
2472,E100483,2025-03-28,253500.0,260500,2.73,Merit Increase,USD
2473,E100483,2026-05-28,260500.0,271500,4.22,Market Adjustment,USD
2474,E100484,2019-10-15,51000.0,53000,4.16,Merit Increase,USD
2475,E100484,2020-10-15,53000.0,55500,5.18,Merit Increase,USD
2476,E100484,2022-01-15,55500.0,57000,2.63,Merit Increase,USD
2477,E100484,2023-02-15,57000.0,59000,3.61,Market Adjustment,USD
2478,E100485,2018-06-27,137500.0,138500,0.85,Market Adjustment,USD
2479,E100485,2019-09-27,138500.0,145000,4.68,Market Adjustment,USD
2480,E100485,2020-06-27,145000.0,149500,3.22,Market Adjustment,USD
2481,E100485,2021-07-27,149500.0,156500,4.78,Merit Increase,USD
2482,E100485,2022-07-27,156500.0,161500,3.13,Merit Increase,USD
2483,E100485,2023-08-27,161500.0,165500,2.48,Merit Increase,USD
2484,E100486,2018-03-24,127000.0,141500,11.58,Promotion,USD
2485,E100486,2019-06-24,141500.0,146500,3.46,Merit Increase,USD
2486,E100486,2020-09-24,146500.0,148000,1.09,Market Adjustment,USD
2487,E100486,2021-12-24,148000.0,155500,5.05,Merit Increase,USD
2488,E100486,2022-09-24,155500.0,160000,3.01,Market Adjustment,USD
2489,E100486,2023-10-24,160000.0,167500,4.72,Merit Increase,USD
2490,E100486,2025-01-24,167500.0,178500,6.51,Promotion,USD
2491,E100486,2026-02-24,178500.0,182000,2.09,Merit Increase,USD
2492,E100487,2021-09-14,56500.0,58000,2.31,Market Adjustment,USD
2493,E100488,2020-07-18,27000.0,28500,5.0,Merit Increase,USD
2494,E100488,2021-04-18,28500.0,30000,5.36,Merit Increase,USD
2495,E100488,2022-07-18,30000.0,31500,4.39,Merit Increase,USD
2496,E100489,2021-01-10,45500.0,47500,4.46,Merit Increase,USD
2497,E100489,2022-04-10,47500.0,49000,3.65,Market Adjustment,USD
2498,E100489,2023-03-10,49000.0,52000,5.69,Merit Increase,USD
2499,E100489,2024-02-10,52000.0,59500,14.39,Promotion,USD
2500,E100489,2025-04-10,59500.0,61500,3.24,Market Adjustment,USD
2501,E100490,2017-02-28,47000.0,49000,4.38,Market Adjustment,USD
2502,E100490,2018-04-28,49000.0,51000,3.95,Merit Increase,USD
2503,E100490,2019-04-28,51000.0,53500,4.64,Market Adjustment,USD
2504,E100490,2020-05-28,53500.0,54000,0.77,Market Adjustment,USD
2505,E100490,2021-04-28,54000.0,57000,5.23,Market Adjustment,USD
2506,E100490,2022-06-28,57000.0,58000,1.94,Market Adjustment,USD
2507,E100490,2023-05-28,58000.0,59500,2.58,Market Adjustment,USD
2508,E100490,2024-08-28,59500.0,60000,1.19,Market Adjustment,USD
2509,E100490,2025-07-28,60000.0,62000,3.62,Merit Increase,USD
2510,E100490,2026-05-28,62000.0,64000,3.62,Merit Increase,USD
2511,E100491,2016-03-01,129500.0,133000,2.72,Merit Increase,USD
2512,E100491,2017-03-01,133000.0,136500,2.65,Merit Increase,USD
2513,E100491,2018-04-01,136500.0,144000,5.37,Merit Increase,USD
2514,E100491,2019-06-01,144000.0,152500,5.77,Merit Increase,USD
2515,E100491,2020-06-01,152500.0,157500,3.39,Merit Increase,USD
2516,E100491,2021-07-01,157500.0,159500,1.2,Market Adjustment,USD
2517,E100492,2020-02-07,50000.0,51500,3.43,Market Adjustment,USD
2518,E100492,2021-03-07,51500.0,52500,2.34,Merit Increase,USD
2519,E100492,2022-02-07,52500.0,54500,4.09,Market Adjustment,USD
2520,E100492,2023-03-07,54500.0,58500,6.93,Merit Increase,USD
2521,E100492,2024-04-07,58500.0,61000,4.3,Market Adjustment,USD
2522,E100492,2025-09-07,61000.0,63500,4.02,Merit Increase,USD
2523,E100493,2014-04-12,155000.0,159500,2.92,Market Adjustment,USD
2524,E100493,2015-05-12,159500.0,163500,2.36,Merit Increase,USD
2525,E100493,2016-06-12,163500.0,171000,4.58,Merit Increase,USD
2526,E100493,2017-08-12,171000.0,176500,3.34,Merit Increase,USD
2527,E100493,2018-05-12,176500.0,183000,3.63,Market Adjustment,USD
2528,E100493,2019-05-12,183000.0,187500,2.35,Merit Increase,USD
2529,E100493,2020-05-12,187500.0,193000,2.98,Market Adjustment,USD
2530,E100493,2021-05-12,193000.0,198500,2.81,Market Adjustment,USD
2531,E100493,2022-08-12,198500.0,206000,3.9,Market Adjustment,USD
2532,E100493,2023-09-12,206000.0,231000,12.25,Promotion,USD
2533,E100494,2014-06-22,62500.0,67500,8.38,Merit Increase,USD
2534,E100494,2015-05-22,67500.0,69000,2.49,Market Adjustment,USD
2535,E100494,2016-04-22,69000.0,77000,11.9,Promotion,USD
2536,E100494,2017-04-22,77000.0,79000,2.73,Market Adjustment,USD
2537,E100494,2018-06-22,79000.0,82000,4.08,Merit Increase,USD
2538,E100494,2019-09-22,82000.0,85000,3.72,Market Adjustment,USD
2539,E100494,2020-09-22,85000.0,93000,9.7,Promotion,USD
2540,E100495,2019-10-21,56500.0,59500,5.13,Merit Increase,USD
2541,E100495,2020-12-21,59500.0,66500,11.67,Promotion,USD
2542,E100495,2021-12-21,66500.0,70500,5.96,Market Adjustment,USD
2543,E100495,2022-11-21,70500.0,72000,2.22,Market Adjustment,USD
2544,E100495,2023-11-21,72000.0,75500,4.74,Market Adjustment,USD
2545,E100495,2025-02-21,75500.0,79500,5.09,Merit Increase,USD
2546,E100495,2025-12-21,79500.0,82000,3.41,Market Adjustment,USD
2547,E100496,2018-09-27,48000.0,49500,3.06,Merit Increase,USD
2548,E100496,2019-11-27,49500.0,54500,9.63,Promotion,USD
2549,E100496,2020-10-27,54500.0,57500,5.46,Market Adjustment,USD
2550,E100496,2021-10-27,57500.0,60500,4.83,Merit Increase,USD
2551,E100496,2022-08-27,60500.0,62000,2.07,Market Adjustment,USD
2552,E100496,2023-06-27,62000.0,63500,2.34,Merit Increase,USD
2553,E100496,2024-05-27,63500.0,65000,2.35,Market Adjustment,USD
2554,E100496,2025-05-27,65000.0,66500,2.0,Merit Increase,USD
2555,E100496,2026-04-27,66500.0,69000,3.83,Merit Increase,USD
2556,E100497,2021-06-04,58000.0,60500,4.08,Merit Increase,USD
2557,E100497,2022-06-04,60500.0,61000,0.53,Market Adjustment,USD
2558,E100497,2023-06-04,61000.0,62000,1.97,Merit Increase,USD
2559,E100497,2024-09-04,62000.0,65500,5.86,Market Adjustment,USD
2560,E100497,2025-08-04,65500.0,68000,3.47,Merit Increase,USD
2561,E100497,2026-06-04,68000.0,77000,13.48,Promotion,USD
2562,E100498,2020-03-29,61000.0,63500,3.98,Merit Increase,USD
2563,E100498,2021-03-29,63500.0,66000,4.24,Merit Increase,USD
2564,E100498,2022-03-29,66000.0,68000,2.94,Market Adjustment,USD
2565,E100498,2023-06-29,68000.0,71000,4.67,Market Adjustment,USD
2566,E100498,2024-05-29,71000.0,75500,6.21,Merit Increase,USD
2567,E100498,2025-04-29,75500.0,80500,6.4,Merit Increase,USD
2568,E100499,2015-01-09,85000.0,88500,4.18,Merit Increase,USD
2569,E100499,2016-02-09,88500.0,92000,3.77,Market Adjustment,USD
2570,E100499,2017-05-09,92000.0,96000,4.16,Merit Increase,USD
2571,E100499,2018-07-09,96000.0,98500,2.59,Market Adjustment,USD
2572,E100499,2019-09-09,98500.0,101500,2.84,Market Adjustment,USD
2573,E100499,2020-12-09,101500.0,107000,5.66,Merit Increase,USD
2574,E100499,2022-01-09,107000.0,111500,4.29,Market Adjustment,USD
2575,E100499,2023-02-09,111500.0,115500,3.39,Market Adjustment,USD
2576,E100499,2024-02-09,115500.0,117500,1.8,Merit Increase,USD
2577,E100499,2025-01-09,117500.0,122000,3.64,Merit Increase,USD
2578,E100500,2021-01-06,69000.0,72500,5.21,Merit Increase,USD
2579,E100500,2021-10-06,72500.0,76500,5.54,Market Adjustment,USD
2580,E100500,2022-12-06,76500.0,80500,5.06,Market Adjustment,USD
2581,E100500,2023-09-06,80500.0,83000,2.91,Market Adjustment,USD
2582,E100500,2024-07-06,83000.0,87000,4.57,Merit Increase,USD
2583,E100500,2025-09-06,87000.0,91500,4.9,Merit Increase,USD
2584,E100501,2020-11-17,63000.0,65000,3.5,Merit Increase,USD
2585,E100501,2022-02-17,65000.0,68000,4.53,Merit Increase,USD
2586,E100501,2023-01-17,68000.0,70500,3.93,Market Adjustment,USD
2587,E100501,2023-11-17,70500.0,74000,5.29,Market Adjustment,USD
2588,E100501,2025-01-17,74000.0,77500,4.56,Market Adjustment,USD
2589,E100501,2026-03-17,77500.0,86500,11.66,Promotion,USD
2590,E100502,2019-03-16,28000.0,28500,2.4,Market Adjustment,USD
2591,E100502,2020-02-16,28500.0,30000,4.63,Merit Increase,USD
2592,E100502,2021-01-16,30000.0,31000,3.75,Merit Increase,USD
2593,E100502,2022-03-16,31000.0,32500,4.54,Merit Increase,USD
2594,E100502,2023-06-16,32500.0,33500,2.67,Market Adjustment,USD
2595,E100502,2024-06-16,33500.0,35000,4.03,Market Adjustment,USD
2596,E100502,2025-04-16,35000.0,36000,2.3,Merit Increase,USD
2597,E100502,2026-03-16,36000.0,36000,0.35,Merit Increase,USD
2598,E100503,2021-02-24,101000.0,105000,3.74,Market Adjustment,USD
2599,E100503,2022-02-24,105000.0,107500,2.21,Market Adjustment,USD
2600,E100503,2023-02-24,107500.0,110500,2.74,Merit Increase,USD
2601,E100503,2023-11-24,110500.0,113000,2.2,Market Adjustment,USD
2602,E100503,2024-12-24,113000.0,117000,3.49,Merit Increase,USD
2603,E100503,2026-01-24,117000.0,122000,4.42,Merit Increase,USD
2604,E100504,2020-12-30,147000.0,151500,2.89,Merit Increase,USD
2605,E100504,2021-11-30,151500.0,157000,3.59,Market Adjustment,USD
2606,E100504,2022-09-30,157000.0,164000,4.56,Market Adjustment,USD
2607,E100504,2023-08-30,164000.0,173000,5.6,Market Adjustment,USD
2608,E100504,2024-08-30,173000.0,198000,14.42,Promotion,USD
2609,E100504,2025-06-30,198000.0,210000,5.97,Merit Increase,USD
2610,E100505,2018-09-11,67500.0,68500,1.54,Merit Increase,USD
2611,E100505,2019-10-11,68500.0,75500,10.58,Promotion,USD
2612,E100505,2020-07-11,75500.0,78500,3.72,Merit Increase,USD
2613,E100505,2021-09-11,78500.0,80000,2.21,Merit Increase,USD
2614,E100505,2022-09-11,80000.0,82500,3.17,Market Adjustment,USD
2615,E100505,2024-01-11,82500.0,85500,3.8,Merit Increase,USD
2616,E100506,2019-03-28,150000.0,151500,0.93,Merit Increase,USD
2617,E100506,2020-03-28,151500.0,157000,3.68,Merit Increase,USD
2618,E100506,2021-01-28,157000.0,159000,1.37,Merit Increase,USD
2619,E100506,2022-02-28,159000.0,167000,4.97,Merit Increase,USD
2620,E100506,2023-02-28,167000.0,174000,4.26,Merit Increase,USD
2621,E100506,2024-02-28,174000.0,187000,7.4,Market Adjustment,USD
2622,E100506,2025-02-28,187000.0,197500,5.56,Merit Increase,USD
2623,E100506,2026-04-28,197500.0,203000,2.69,Merit Increase,USD
2624,E100507,2021-06-11,148500.0,151500,1.97,Market Adjustment,USD
2625,E100507,2022-07-11,151500.0,156000,2.86,Merit Increase,USD
2626,E100507,2023-07-11,156000.0,161500,3.39,Merit Increase,USD
2627,E100508,2019-09-22,68500.0,72000,5.33,Merit Increase,USD
2628,E100508,2020-09-22,72000.0,75000,3.83,Market Adjustment,USD
2629,E100508,2021-09-22,75000.0,77000,2.89,Market Adjustment,USD
2630,E100508,2022-10-22,77000.0,81500,5.61,Merit Increase,USD
2631,E100508,2023-07-22,81500.0,83000,1.86,Market Adjustment,USD
2632,E100508,2024-07-22,83000.0,85000,2.32,Market Adjustment,USD
2633,E100508,2025-12-22,85000.0,87500,2.98,Merit Increase,USD
2634,E100509,2021-05-07,73000.0,73000,0.0,Merit Increase,USD
2635,E100509,2022-05-07,73000.0,74500,1.74,Merit Increase,USD
2636,E100509,2023-06-07,74500.0,77000,3.05,Merit Increase,USD
2637,E100510,2020-02-09,100000.0,103000,2.86,Market Adjustment,USD
2638,E100510,2021-05-09,103000.0,107500,4.34,Market Adjustment,USD
2639,E100510,2022-09-09,107500.0,112500,4.58,Merit Increase,USD
2640,E100510,2023-10-09,112500.0,117500,4.4,Market Adjustment,USD
2641,E100510,2024-12-09,117500.0,118500,0.8,Merit Increase,USD
2642,E100511,2020-01-09,79000.0,79500,0.63,Merit Increase,USD
2643,E100511,2020-11-09,79500.0,82500,3.88,Market Adjustment,USD
2644,E100511,2021-09-09,82500.0,86000,4.26,Market Adjustment,USD
2645,E100511,2023-01-09,86000.0,88500,3.04,Market Adjustment,USD
2646,E100511,2024-02-09,88500.0,90500,2.45,Merit Increase,USD
2647,E100511,2024-12-09,90500.0,100000,10.42,Promotion,USD
2648,E100511,2025-11-09,100000.0,103000,2.81,Market Adjustment,USD
2649,E100512,2017-12-16,149500.0,154500,3.32,Merit Increase,USD
2650,E100512,2018-09-16,154500.0,161000,4.26,Merit Increase,USD
2651,E100512,2019-06-16,161000.0,165000,2.61,Market Adjustment,USD
2652,E100512,2020-09-16,165000.0,172500,4.57,Merit Increase,USD
2653,E100512,2021-09-16,172500.0,184000,6.79,Market Adjustment,USD
2654,E100513,2018-04-15,174500.0,179000,2.56,Market Adjustment,USD
2655,E100513,2019-01-15,179000.0,200000,11.68,Promotion,USD
2656,E100513,2020-02-15,200000.0,208000,4.12,Merit Increase,USD
2657,E100513,2020-12-15,208000.0,224500,7.97,Merit Increase,USD
2658,E100513,2021-10-15,224500.0,232500,3.65,Market Adjustment,USD
2659,E100513,2022-11-15,232500.0,243500,4.73,Market Adjustment,USD
2660,E100513,2023-10-15,243500.0,254000,4.28,Market Adjustment,USD
2661,E100513,2025-02-15,254000.0,261000,2.81,Market Adjustment,USD
2662,E100513,2026-01-15,261000.0,266000,1.99,Merit Increase,USD
2663,E100514,2021-11-12,60500.0,63000,4.54,Market Adjustment,USD
2664,E100514,2022-11-12,63000.0,65000,3.14,Merit Increase,USD
2665,E100514,2023-10-12,65000.0,69500,6.73,Market Adjustment,USD
2666,E100514,2024-11-12,69500.0,70500,1.77,Merit Increase,USD
2667,E100514,2025-12-12,70500.0,71000,0.96,Market Adjustment,USD
2668,E100515,2016-09-30,118500.0,123500,4.28,Market Adjustment,USD
2669,E100515,2017-11-30,123500.0,130000,5.45,Market Adjustment,USD
2670,E100515,2018-11-30,130000.0,136500,4.84,Merit Increase,USD
2671,E100515,2020-01-30,136500.0,155000,13.53,Promotion,USD
2672,E100515,2020-11-30,155000.0,161000,3.89,Market Adjustment,USD
2673,E100515,2021-11-30,161000.0,170000,5.46,Market Adjustment,USD
2674,E100516,2019-10-01,69500.0,71500,3.03,Market Adjustment,USD
2675,E100516,2020-10-01,71500.0,74000,3.74,Market Adjustment,USD
2676,E100516,2021-11-01,74000.0,76500,3.2,Market Adjustment,USD
2677,E100516,2022-11-01,76500.0,78000,2.07,Merit Increase,USD
2678,E100517,2021-04-26,95500.0,99000,3.86,Market Adjustment,USD
2679,E100517,2022-05-26,99000.0,110500,11.82,Promotion,USD
2680,E100517,2023-05-26,110500.0,115500,4.39,Market Adjustment,USD
2681,E100517,2024-08-26,115500.0,120500,4.51,Market Adjustment,USD
2682,E100517,2025-09-26,120500.0,126000,4.47,Market Adjustment,USD
2683,E100518,2019-07-24,184000.0,195500,6.37,Merit Increase,USD
2684,E100518,2020-11-24,195500.0,201000,2.78,Market Adjustment,USD
2685,E100518,2022-02-24,201000.0,209500,4.2,Market Adjustment,USD
2686,E100518,2023-03-24,209500.0,221500,5.76,Merit Increase,USD
2687,E100518,2024-04-24,221500.0,230000,3.88,Market Adjustment,USD
2688,E100518,2025-05-24,230000.0,247000,7.3,Promotion,USD
2689,E100518,2026-06-24,247000.0,250500,1.42,Merit Increase,USD
2690,E100519,2021-12-07,85000.0,89500,5.26,Merit Increase,USD
2691,E100519,2023-02-07,89500.0,96000,7.36,Market Adjustment,USD
2692,E100519,2023-12-07,96000.0,99500,3.47,Market Adjustment,USD
2693,E100519,2025-03-07,99500.0,104500,5.21,Merit Increase,USD
2694,E100519,2026-02-07,104500.0,110000,5.28,Market Adjustment,USD
2695,E100520,2021-06-18,80000.0,83500,4.12,Market Adjustment,USD
2696,E100520,2022-07-18,83500.0,88000,5.38,Market Adjustment,USD
2697,E100520,2023-09-18,88000.0,90500,2.84,Market Adjustment,USD
2698,E100520,2024-12-18,90500.0,94500,4.33,Market Adjustment,USD
2699,E100520,2026-02-18,94500.0,99000,4.7,Market Adjustment,USD
2700,E100521,2021-04-19,114000.0,118500,4.01,Market Adjustment,USD
2701,E100521,2022-06-19,118500.0,137000,15.47,Promotion,USD
2702,E100521,2023-06-19,137000.0,144000,5.06,Merit Increase,USD
2703,E100522,2021-09-12,57500.0,59500,3.49,Market Adjustment,USD
2704,E100523,2019-12-20,188500.0,192000,1.81,Merit Increase,USD
2705,E100523,2021-02-20,192000.0,198500,3.28,Market Adjustment,USD
2706,E100523,2021-11-20,198500.0,222500,12.2,Promotion,USD
2707,E100523,2023-02-20,222500.0,234000,5.1,Market Adjustment,USD
2708,E100525,2020-08-24,172500.0,177500,2.86,Market Adjustment,USD
2709,E100525,2021-08-24,177500.0,210500,18.71,Promotion,USD
2710,E100525,2022-11-24,210500.0,217500,3.23,Market Adjustment,USD
2711,E100525,2024-01-24,217500.0,230500,5.89,Merit Increase,USD
2712,E100525,2025-02-24,230500.0,235000,1.86,Market Adjustment,USD
2713,E100525,2026-03-24,235000.0,242500,3.16,Merit Increase,USD
2714,E100526,2020-10-11,135500.0,138000,1.85,Merit Increase,USD
2715,E100526,2021-09-11,138000.0,156500,13.29,Promotion,USD
2716,E100526,2022-11-11,156500.0,167000,6.7,Market Adjustment,USD
2717,E100526,2023-11-11,167000.0,171000,2.33,Merit Increase,USD
2718,E100526,2025-01-11,171000.0,173000,1.29,Market Adjustment,USD
2719,E100526,2025-10-11,173000.0,181500,4.78,Market Adjustment,USD
2720,E100527,2016-12-11,75500.0,79000,4.47,Merit Increase,USD
2721,E100527,2018-01-11,79000.0,81500,3.11,Market Adjustment,USD
2722,E100527,2018-11-11,81500.0,83500,2.7,Merit Increase,USD
2723,E100527,2019-11-11,83500.0,86000,2.9,Merit Increase,USD
2724,E100527,2021-01-11,86000.0,89500,4.0,Merit Increase,USD
2725,E100527,2022-01-11,89500.0,93000,3.71,Merit Increase,USD
2726,E100527,2023-05-11,93000.0,104500,12.12,Promotion,USD
2727,E100527,2024-08-11,104500.0,107500,2.66,Merit Increase,USD
2728,E100528,2021-08-30,64500.0,67000,4.1,Market Adjustment,USD
2729,E100528,2022-09-30,67000.0,70000,4.33,Merit Increase,USD
2730,E100528,2023-06-30,70000.0,71500,2.17,Merit Increase,USD
2731,E100528,2024-07-30,71500.0,83500,16.61,Promotion,USD
2732,E100528,2025-06-30,83500.0,89000,6.85,Market Adjustment,USD
2733,E100528,2026-04-30,89000.0,92500,3.87,Market Adjustment,USD
2734,E100529,2021-08-08,68000.0,77500,13.7,Promotion,USD
2735,E100529,2022-08-08,77500.0,78500,1.24,Market Adjustment,USD
2736,E100529,2023-05-08,78500.0,80000,1.91,Market Adjustment,USD
2737,E100529,2024-07-08,80000.0,82500,3.2,Market Adjustment,USD
2738,E100529,2025-10-08,82500.0,85000,3.28,Merit Increase,USD
2739,E100530,2021-01-01,171000.0,189000,10.44,Promotion,USD
2740,E100530,2022-05-01,189000.0,197500,4.52,Merit Increase,USD
2741,E100530,2023-04-01,197500.0,201000,1.69,Market Adjustment,USD
2742,E100530,2024-02-01,201000.0,208000,3.56,Market Adjustment,USD
2743,E100530,2024-11-01,208000.0,242000,16.31,Promotion,USD
2744,E100530,2026-04-01,242000.0,244500,1.1,Market Adjustment,USD
2745,E100532,2016-02-13,176500.0,185000,4.92,Market Adjustment,USD
2746,E100532,2017-02-13,185000.0,192500,3.95,Market Adjustment,USD
2747,E100532,2018-01-13,192500.0,214000,11.13,Promotion,USD
2748,E100532,2019-03-13,214000.0,221000,3.22,Market Adjustment,USD
2749,E100532,2020-06-13,221000.0,226500,2.47,Merit Increase,USD
2750,E100532,2021-06-13,226500.0,227500,0.4,Merit Increase,USD
2751,E100532,2022-11-13,227500.0,239000,5.03,Promotion,USD
2752,E100532,2024-02-13,239000.0,249000,4.14,Market Adjustment,USD
2753,E100533,2019-09-19,105000.0,108000,2.81,Market Adjustment,USD
2754,E100533,2020-09-19,108000.0,111000,2.71,Market Adjustment,USD
2755,E100533,2021-06-19,111000.0,116000,4.37,Merit Increase,USD
2756,E100533,2022-08-19,116000.0,119500,2.98,Merit Increase,USD
2757,E100533,2023-08-19,119500.0,124500,4.37,Merit Increase,USD
2758,E100533,2024-06-19,124500.0,132000,6.15,Promotion,USD
2759,E100534,2021-10-02,34000.0,35000,2.86,Market Adjustment,USD
2760,E100534,2022-12-02,35000.0,36000,2.91,Market Adjustment,USD
2761,E100534,2024-01-02,36000.0,38000,6.16,Market Adjustment,USD
2762,E100534,2025-06-02,38000.0,40000,4.8,Market Adjustment,USD
2763,E100534,2026-03-02,40000.0,42000,4.45,Merit Increase,USD
2764,E100535,2014-09-07,143000.0,156000,9.0,Promotion,USD
2765,E100535,2015-09-07,156000.0,164500,5.34,Merit Increase,USD
2766,E100535,2016-08-07,164500.0,168000,2.07,Market Adjustment,USD
2767,E100535,2017-07-07,168000.0,174000,3.59,Merit Increase,USD
2768,E100535,2018-07-07,174000.0,176000,1.08,Market Adjustment,USD
2769,E100535,2019-07-07,176000.0,187000,6.35,Merit Increase,USD
2770,E100535,2020-08-07,187000.0,211000,12.84,Promotion,USD
2771,E100535,2021-06-07,211000.0,220500,4.5,Market Adjustment,USD
2772,E100535,2022-10-07,220500.0,229500,3.98,Market Adjustment,USD
2773,E100535,2023-08-07,229500.0,239500,4.46,Market Adjustment,USD
2774,E100535,2024-10-07,239500.0,245500,2.45,Merit Increase,USD
2775,E100535,2026-01-07,245500.0,256000,4.18,Merit Increase,USD
2776,E100536,2021-09-19,82500.0,85000,3.0,Market Adjustment,USD
2777,E100536,2022-09-19,85000.0,88000,3.49,Merit Increase,USD
2778,E100536,2023-11-19,88000.0,92000,4.74,Market Adjustment,USD
2779,E100536,2025-03-19,92000.0,103000,12.02,Promotion,USD
2780,E100536,2026-06-19,103000.0,108000,4.9,Market Adjustment,USD
2781,E100537,2022-03-04,75500.0,78000,2.99,Market Adjustment,USD
2782,E100537,2023-03-04,78000.0,78500,0.35,Market Adjustment,USD
2783,E100537,2024-06-04,78500.0,82500,5.04,Merit Increase,USD
2784,E100537,2025-07-04,82500.0,86500,4.69,Merit Increase,USD
2785,E100538,2021-02-07,116500.0,121500,4.15,Market Adjustment,USD
2786,E100538,2022-02-07,121500.0,125500,3.35,Merit Increase,USD
2787,E100538,2023-01-07,125500.0,127500,1.39,Market Adjustment,USD
2788,E100538,2023-11-07,127500.0,132000,3.39,Merit Increase,USD
2789,E100538,2024-09-07,132000.0,134500,2.08,Merit Increase,USD
2790,E100539,2018-07-03,45000.0,47500,5.2,Merit Increase,USD
2791,E100539,2019-04-03,47500.0,49000,3.57,Merit Increase,USD
2792,E100539,2020-03-03,49000.0,50500,3.43,Merit Increase,USD
2793,E100539,2021-02-03,50500.0,56000,10.44,Promotion,USD
2794,E100539,2021-11-03,56000.0,58500,4.12,Market Adjustment,USD
2795,E100539,2022-12-03,58500.0,65000,11.46,Promotion,USD
2796,E100539,2024-02-03,65000.0,66000,1.39,Market Adjustment,USD
2797,E100539,2024-12-03,66000.0,70000,5.99,Market Adjustment,USD
2798,E100540,2021-02-28,30500.0,31500,3.23,Merit Increase,USD
2799,E100540,2022-05-28,31500.0,33500,6.62,Merit Increase,USD
2800,E100540,2023-09-28,33500.0,34500,2.82,Market Adjustment,USD
2801,E100540,2024-09-28,34500.0,36500,5.55,Promotion,USD
2802,E100540,2025-10-28,36500.0,38000,3.81,Merit Increase,USD
2803,E100541,2020-08-09,142500.0,145500,2.11,Market Adjustment,USD
2804,E100541,2021-08-09,145500.0,152500,4.81,Market Adjustment,USD
2805,E100541,2022-08-09,152500.0,163000,7.04,Market Adjustment,USD
2806,E100541,2023-06-09,163000.0,167500,2.76,Market Adjustment,USD
2807,E100541,2024-04-09,167500.0,173000,3.19,Merit Increase,USD
2808,E100541,2025-05-09,173000.0,179500,3.77,Market Adjustment,USD
2809,E100541,2026-04-09,179500.0,189000,5.33,Market Adjustment,USD
2810,E100542,2021-05-02,154500.0,167000,8.13,Market Adjustment,USD
2811,E100542,2022-03-02,167000.0,185500,11.12,Promotion,USD
2812,E100542,2023-04-02,185500.0,189000,1.81,Market Adjustment,USD
2813,E100542,2024-05-02,189000.0,195500,3.32,Merit Increase,USD
2814,E100543,2017-07-25,104500.0,109500,4.7,Merit Increase,USD
2815,E100543,2018-09-25,109500.0,111500,2.01,Merit Increase,USD
2816,E100543,2019-09-25,111500.0,114000,2.27,Merit Increase,USD
2817,E100543,2021-01-25,114000.0,130000,13.87,Promotion,USD
2818,E100544,2016-09-15,164000.0,169500,3.33,Market Adjustment,USD
2819,E100544,2017-10-15,169500.0,173500,2.38,Merit Increase,USD
2820,E100544,2018-09-15,173500.0,196000,12.85,Promotion,USD
2821,E100544,2019-07-15,196000.0,201000,2.45,Merit Increase,USD
2822,E100544,2020-07-15,201000.0,203500,1.24,Merit Increase,USD
2823,E100544,2021-10-15,203500.0,212500,4.49,Market Adjustment,USD
2824,E100544,2022-11-15,212500.0,218500,2.92,Market Adjustment,USD
2825,E100544,2024-02-15,218500.0,227500,4.11,Market Adjustment,USD
2826,E100544,2025-04-15,227500.0,239000,5.07,Merit Increase,USD
2827,E100544,2026-04-15,239000.0,244000,2.17,Merit Increase,USD
2828,E100545,2016-09-02,115000.0,115000,0.0,Merit Increase,USD
2829,E100545,2017-07-02,115000.0,118000,2.46,Market Adjustment,USD
2830,E100545,2018-06-02,118000.0,123000,4.39,Merit Increase,USD
2831,E100545,2019-04-02,123000.0,124000,0.96,Market Adjustment,USD
2832,E100545,2020-01-02,124000.0,129500,4.29,Merit Increase,USD
2833,E100545,2020-12-02,129500.0,133000,2.57,Merit Increase,USD
2834,E100545,2022-04-02,133000.0,149500,12.31,Promotion,USD
2835,E100545,2023-03-02,149500.0,159500,6.84,Promotion,USD
2836,E100545,2024-07-02,159500.0,165500,3.86,Merit Increase,USD
2837,E100545,2025-07-02,165500.0,172000,3.79,Market Adjustment,USD
2838,E100545,2026-07-02,172000.0,179500,4.26,Market Adjustment,USD
2839,E100546,2018-09-10,126500.0,129000,1.92,Merit Increase,USD
2840,E100546,2019-09-10,129000.0,139500,8.13,Promotion,USD
2841,E100546,2020-08-10,139500.0,143000,2.67,Market Adjustment,USD
2842,E100546,2021-09-10,143000.0,147000,2.93,Market Adjustment,USD
2843,E100546,2022-07-10,147000.0,153000,4.12,Market Adjustment,USD
2844,E100546,2023-12-10,153000.0,157500,2.96,Merit Increase,USD
2845,E100546,2025-03-10,157500.0,159500,1.18,Merit Increase,USD
2846,E100546,2026-02-10,159500.0,168000,5.44,Market Adjustment,USD
2847,E100547,2014-01-14,107500.0,112500,4.75,Merit Increase,USD
2848,E100547,2014-11-14,112500.0,116500,3.6,Market Adjustment,USD
2849,E100547,2016-01-14,116500.0,130500,12.09,Promotion,USD
2850,E100547,2017-07-14,130500.0,142500,9.31,Promotion,USD
2851,E100547,2018-09-14,142500.0,149500,4.82,Market Adjustment,USD
2852,E100547,2019-09-14,149500.0,152500,2.1,Merit Increase,USD
2853,E100547,2020-12-14,152500.0,156500,2.74,Market Adjustment,USD
2854,E100547,2022-02-14,156500.0,163000,4.14,Market Adjustment,USD
2855,E100547,2023-03-14,163000.0,172000,5.52,Market Adjustment,USD
2856,E100547,2024-04-14,172000.0,194000,12.88,Promotion,USD
2857,E100547,2025-05-14,194000.0,201000,3.61,Market Adjustment,USD
2858,E100547,2026-05-14,201000.0,208000,3.47,Merit Increase,USD
2859,E100548,2017-03-06,70000.0,73000,4.4,Merit Increase,USD
2860,E100548,2018-11-06,73000.0,75000,2.75,Merit Increase,USD
2861,E100548,2019-08-06,75000.0,82500,9.77,Promotion,USD
2862,E100548,2020-08-06,82500.0,86000,4.16,Market Adjustment,USD
2863,E100548,2021-08-06,86000.0,90000,4.6,Market Adjustment,USD
2864,E100548,2022-07-06,90000.0,94000,4.37,Market Adjustment,USD
2865,E100548,2023-05-06,94000.0,104500,10.98,Promotion,USD
2866,E100548,2024-04-06,104500.0,107500,2.96,Merit Increase,USD
2867,E100548,2025-01-06,107500.0,112500,4.78,Market Adjustment,USD
2868,E100549,2020-11-03,63500.0,66000,4.13,Merit Increase,USD
2869,E100549,2021-10-03,66000.0,68000,2.76,Merit Increase,USD
2870,E100549,2022-07-03,68000.0,70000,3.01,Merit Increase,USD
2871,E100549,2023-11-03,70000.0,72500,3.91,Merit Increase,USD
2872,E100549,2024-08-03,72500.0,75500,4.14,Market Adjustment,USD
2873,E100549,2025-11-03,75500.0,77000,1.98,Market Adjustment,USD
2874,E100550,2019-11-11,71500.0,79500,11.36,Promotion,USD
2875,E100550,2020-12-11,79500.0,83000,4.45,Merit Increase,USD
2876,E100550,2021-12-11,83000.0,87500,5.35,Merit Increase,USD
2877,E100550,2022-09-11,87500.0,89000,1.78,Market Adjustment,USD
2878,E100550,2023-12-11,89000.0,91500,2.78,Merit Increase,USD
2879,E100550,2025-02-11,91500.0,94500,3.3,Merit Increase,USD
2880,E100550,2026-04-11,94500.0,98500,4.12,Merit Increase,USD
2881,E100551,2020-07-20,80500.0,83000,2.87,Market Adjustment,USD
2882,E100551,2021-10-20,83000.0,87000,4.52,Merit Increase,USD
2883,E100551,2022-09-20,87000.0,91000,4.81,Market Adjustment,USD
2884,E100551,2023-10-20,91000.0,94500,3.63,Merit Increase,USD
2885,E100551,2024-11-20,94500.0,99000,4.72,Market Adjustment,USD
2886,E100551,2025-12-20,99000.0,102000,3.1,Merit Increase,USD
2887,E100552,2021-08-24,103000.0,108500,5.51,Market Adjustment,USD
2888,E100552,2022-07-24,108500.0,111000,2.23,Market Adjustment,USD
2889,E100552,2023-09-24,111000.0,114500,3.12,Market Adjustment,USD
2890,E100552,2024-06-24,114500.0,118000,3.19,Market Adjustment,USD
2891,E100552,2025-08-24,118000.0,121000,2.46,Merit Increase,USD
2892,E100552,2026-07-24,121000.0,125500,3.79,Market Adjustment,USD
2893,E100553,2020-09-26,81000.0,85000,5.05,Merit Increase,USD
2894,E100553,2021-12-26,85000.0,87000,2.52,Merit Increase,USD
2895,E100554,2020-01-30,46500.0,47500,2.49,Merit Increase,USD
2896,E100554,2021-01-30,47500.0,48500,2.45,Merit Increase,USD
2897,E100554,2021-10-30,48500.0,51000,5.63,Merit Increase,USD
2898,E100554,2022-11-30,51000.0,53500,4.47,Merit Increase,USD
2899,E100554,2023-12-30,53500.0,54000,1.23,Merit Increase,USD
2900,E100554,2025-01-30,54000.0,56500,4.93,Market Adjustment,USD
2901,E100554,2026-03-30,56500.0,59500,5.14,Market Adjustment,USD
2902,E100555,2013-12-08,120500.0,136000,13.04,Promotion,USD
2903,E100555,2015-01-08,136000.0,145000,6.49,Market Adjustment,USD
2904,E100555,2016-05-08,145000.0,165500,14.3,Promotion,USD
2905,E100555,2017-03-08,165500.0,168500,1.84,Market Adjustment,USD
2906,E100555,2018-05-08,168500.0,171500,1.75,Merit Increase,USD
2907,E100555,2019-07-08,171500.0,180000,4.89,Merit Increase,USD
2908,E100555,2020-11-08,180000.0,189500,5.14,Merit Increase,USD
2909,E100555,2021-11-08,189500.0,210000,10.81,Promotion,USD
2910,E100556,2021-11-10,53000.0,53000,0.24,Merit Increase,USD
2911,E100556,2022-11-10,53000.0,55500,4.55,Merit Increase,USD
2912,E100557,2019-12-05,60000.0,61000,1.91,Merit Increase,USD
2913,E100557,2020-10-05,61000.0,63500,4.39,Market Adjustment,USD
2914,E100557,2021-09-05,63500.0,64500,1.74,Market Adjustment,USD
2915,E100557,2022-10-05,64500.0,66500,3.46,Merit Increase,USD
2916,E100557,2024-03-05,66500.0,69000,4.06,Merit Increase,USD
2917,E100557,2025-04-05,69000.0,71000,2.66,Merit Increase,USD
2918,E100557,2026-06-05,71000.0,73500,3.45,Market Adjustment,USD
2919,E100558,2020-06-15,120000.0,123500,3.0,Merit Increase,USD
2920,E100558,2021-06-15,123500.0,132000,6.88,Market Adjustment,USD
2921,E100558,2022-08-15,132000.0,136500,3.22,Market Adjustment,USD
2922,E100558,2023-08-15,136500.0,138500,1.41,Market Adjustment,USD
2923,E100558,2024-05-15,138500.0,145000,4.62,Merit Increase,USD
2924,E100558,2025-07-15,145000.0,151000,4.11,Merit Increase,USD
2925,E100559,2020-09-07,35500.0,37000,4.72,Merit Increase,USD
2926,E100559,2021-09-07,37000.0,37000,0.0,Market Adjustment,USD
2927,E100559,2022-12-07,37000.0,38000,2.05,Merit Increase,USD
2928,E100559,2024-01-07,38000.0,39000,2.45,Merit Increase,USD
2929,E100559,2025-02-07,39000.0,45000,16.01,Promotion,USD
2930,E100559,2026-04-07,45000.0,47000,4.72,Market Adjustment,USD
2931,E100560,2021-02-10,52500.0,54000,3.05,Market Adjustment,USD
2932,E100560,2022-04-10,54000.0,56000,3.54,Market Adjustment,USD
2933,E100560,2023-06-10,56000.0,58000,3.23,Merit Increase,USD
2934,E100560,2024-09-10,58000.0,60500,4.54,Market Adjustment,USD
2935,E100560,2025-10-10,60500.0,63000,4.52,Market Adjustment,USD
2936,E100561,2021-06-23,63000.0,64500,2.45,Merit Increase,USD
2937,E100561,2022-08-23,64500.0,67500,4.53,Merit Increase,USD
2938,E100561,2023-10-23,67500.0,69500,2.8,Market Adjustment,USD
2939,E100561,2024-11-23,69500.0,71500,2.8,Merit Increase,USD
2940,E100561,2025-12-23,71500.0,73000,2.2,Market Adjustment,USD
2941,E100562,2021-07-30,133000.0,141000,6.09,Market Adjustment,USD
2942,E100562,2022-06-30,141000.0,146500,3.8,Market Adjustment,USD
2943,E100562,2023-07-30,146500.0,153000,4.5,Merit Increase,USD
2944,E100562,2024-09-30,153000.0,155500,1.5,Market Adjustment,USD
2945,E100562,2025-12-30,155500.0,163000,4.84,Merit Increase,USD
2946,E100563,2022-02-19,96500.0,98000,1.61,Merit Increase,USD
2947,E100563,2023-03-19,98000.0,101000,3.06,Merit Increase,USD
2948,E100563,2024-03-19,101000.0,104000,2.99,Market Adjustment,USD
2949,E100563,2025-05-19,104000.0,106500,2.17,Merit Increase,USD
2950,E100563,2026-07-19,106500.0,120000,12.61,Promotion,USD
2951,E100564,2021-12-25,52500.0,54000,2.74,Merit Increase,USD
2952,E100564,2022-12-25,54000.0,54500,1.25,Merit Increase,USD
2953,E100564,2023-11-25,54500.0,55500,2.19,Merit Increase,USD
2954,E100564,2024-08-25,55500.0,57500,3.27,Market Adjustment,USD
2955,E100564,2025-08-25,57500.0,60000,3.95,Market Adjustment,USD
2956,E100565,2019-08-21,89000.0,93000,4.25,Market Adjustment,USD
2957,E100565,2020-10-21,93000.0,98000,5.15,Market Adjustment,USD
2958,E100565,2021-12-21,98000.0,102000,4.23,Market Adjustment,USD
2959,E100565,2022-11-21,102000.0,107000,4.71,Market Adjustment,USD
2960,E100565,2023-10-21,107000.0,111500,3.98,Market Adjustment,USD
2961,E100565,2024-12-21,111500.0,116000,4.15,Market Adjustment,USD
2962,E100565,2025-09-21,116000.0,121500,4.71,Market Adjustment,USD
2963,E100566,2018-08-24,132000.0,137000,3.77,Merit Increase,USD
2964,E100566,2019-08-24,137000.0,142000,3.57,Market Adjustment,USD
2965,E100566,2020-11-24,142000.0,147500,3.86,Market Adjustment,USD
2966,E100566,2021-10-24,147500.0,151000,2.5,Market Adjustment,USD
2967,E100566,2022-09-24,151000.0,152000,0.7,Merit Increase,USD
2968,E100566,2023-08-24,152000.0,159000,4.51,Merit Increase,USD
2969,E100566,2024-09-24,159000.0,177500,11.51,Promotion,USD
2970,E100567,2021-10-01,39000.0,40500,4.31,Merit Increase,USD
2971,E100567,2022-12-01,40500.0,42000,3.95,Merit Increase,USD
2972,E100567,2023-10-01,42000.0,46000,9.71,Promotion,USD
2973,E100567,2024-11-01,46000.0,47000,2.5,Market Adjustment,USD
2974,E100567,2025-10-01,47000.0,49000,4.55,Market Adjustment,USD
2975,E100568,2021-10-10,61000.0,62000,1.47,Merit Increase,USD
2976,E100569,2021-07-16,65500.0,71000,8.47,Promotion,USD
2977,E100569,2022-06-16,71000.0,72000,1.65,Merit Increase,USD
2978,E100569,2023-07-16,72000.0,74500,3.15,Market Adjustment,USD
2979,E100569,2024-08-16,74500.0,77500,4.01,Merit Increase,USD
2980,E100569,2025-05-16,77500.0,80500,4.03,Merit Increase,USD
2981,E100569,2026-05-16,80500.0,85000,5.35,Merit Increase,USD
2982,E100570,2021-10-04,45000.0,46500,3.64,Market Adjustment,USD
2983,E100571,2018-11-04,84500.0,88000,4.1,Market Adjustment,USD
2984,E100571,2019-11-04,88000.0,95500,8.4,Promotion,USD
2985,E100571,2021-02-04,95500.0,100000,4.79,Market Adjustment,USD
2986,E100571,2022-03-04,100000.0,103500,3.48,Merit Increase,USD
2987,E100571,2023-01-04,103500.0,109500,5.56,Merit Increase,USD
2988,E100571,2023-11-04,109500.0,115000,4.86,Market Adjustment,USD
2989,E100572,2017-11-10,67000.0,73500,9.51,Promotion,USD
2990,E100572,2018-10-10,73500.0,77500,5.36,Merit Increase,USD
2991,E100572,2019-11-10,77500.0,82500,6.56,Promotion,USD
2992,E100572,2020-09-10,82500.0,86000,4.5,Market Adjustment,USD
2993,E100572,2021-08-10,86000.0,86500,0.85,Market Adjustment,USD
2994,E100572,2022-10-10,86500.0,90000,4.05,Market Adjustment,USD
2995,E100572,2023-09-10,90000.0,92500,2.97,Market Adjustment,USD
2996,E100572,2024-09-10,92500.0,102000,10.42,Promotion,USD
2997,E100572,2025-12-10,102000.0,106500,4.61,Market Adjustment,USD
2998,E100573,2021-05-06,62000.0,63500,2.36,Market Adjustment,USD
2999,E100573,2022-08-06,63500.0,65500,3.48,Market Adjustment,USD
3000,E100573,2023-07-06,65500.0,71000,8.02,Merit Increase,USD
3001,E100573,2024-08-06,71000.0,72500,1.79,Market Adjustment,USD
3002,E100573,2025-10-06,72500.0,76000,4.95,Market Adjustment,USD
3003,E100574,2020-12-01,78500.0,81000,3.11,Merit Increase,USD
3004,E100574,2022-02-01,81000.0,85000,4.69,Market Adjustment,USD
3005,E100574,2023-01-01,85000.0,90000,5.62,Market Adjustment,USD
3006,E100574,2023-10-01,90000.0,92500,2.6,Market Adjustment,USD
3007,E100574,2024-10-01,92500.0,95500,3.04,Merit Increase,USD
3008,E100574,2025-09-01,95500.0,100500,5.4,Merit Increase,USD
3009,E100575,2021-10-20,33500.0,37500,11.99,Promotion,USD
3010,E100575,2022-11-20,37500.0,38500,3.25,Market Adjustment,USD
3011,E100575,2023-08-20,38500.0,40500,4.85,Market Adjustment,USD
3012,E100576,2019-09-09,46000.0,47500,2.8,Merit Increase,USD
3013,E100576,2020-10-09,47500.0,52000,9.5,Promotion,USD
3014,E100576,2021-10-09,52000.0,54500,4.54,Market Adjustment,USD
3015,E100576,2022-11-09,54500.0,55500,2.18,Market Adjustment,USD
3016,E100576,2024-01-09,55500.0,57000,3.05,Market Adjustment,USD
3017,E100576,2025-03-09,57000.0,58500,2.92,Merit Increase,USD
3018,E100576,2026-04-09,58500.0,61000,4.4,Market Adjustment,USD
3019,E100577,2019-05-15,42000.0,44500,6.05,Market Adjustment,USD
3020,E100577,2020-06-15,44500.0,46000,3.8,Merit Increase,USD
3021,E100577,2021-08-15,46000.0,48000,4.75,Market Adjustment,USD
3022,E100577,2022-09-15,48000.0,49000,2.09,Market Adjustment,USD
3023,E100577,2023-08-15,49000.0,50500,2.95,Market Adjustment,USD
3024,E100577,2024-06-15,50500.0,53500,5.58,Merit Increase,USD
3025,E100577,2025-05-15,53500.0,55500,3.42,Market Adjustment,USD
3026,E100577,2026-04-15,55500.0,58000,4.38,Market Adjustment,USD
3027,E100578,2021-04-21,24500.0,25500,4.49,Market Adjustment,USD
3028,E100578,2022-02-21,25500.0,26000,2.9,Merit Increase,USD
3029,E100579,2021-02-21,98000.0,103000,4.85,Merit Increase,USD
3030,E100579,2022-03-21,103000.0,106500,3.27,Market Adjustment,USD
3031,E100580,2020-06-09,129500.0,138000,6.38,Market Adjustment,USD
3032,E100581,2021-11-30,62500.0,65500,4.81,Market Adjustment,USD
3033,E100581,2022-11-30,65500.0,68000,3.59,Market Adjustment,USD
3034,E100581,2023-11-30,68000.0,79500,17.13,Promotion,USD
3035,E100581,2025-01-30,79500.0,82500,3.55,Market Adjustment,USD
3036,E100581,2026-01-30,82500.0,86000,4.28,Merit Increase,USD
3037,E100582,2020-08-20,26500.0,27500,3.2,Merit Increase,USD
3038,E100582,2021-08-20,27500.0,28500,3.18,Merit Increase,USD
3039,E100582,2022-10-20,28500.0,33500,16.82,Promotion,USD
3040,E100583,2021-01-07,88500.0,93000,5.01,Merit Increase,USD
3041,E100583,2022-02-07,93000.0,98000,5.4,Promotion,USD
3042,E100583,2023-05-07,98000.0,99500,1.72,Market Adjustment,USD
3043,E100583,2024-06-07,99500.0,102000,2.3,Merit Increase,USD
3044,E100583,2025-04-07,102000.0,105000,2.83,Merit Increase,USD
3045,E100583,2026-01-07,105000.0,107500,2.46,Merit Increase,USD
3046,E100584,2020-07-09,85000.0,89500,5.38,Promotion,USD
3047,E100584,2021-09-09,89500.0,105500,18.12,Promotion,USD
3048,E100584,2023-01-09,105500.0,108500,2.71,Market Adjustment,USD
3049,E100584,2023-12-09,108500.0,111000,2.15,Market Adjustment,USD
3050,E100584,2025-04-09,111000.0,114000,2.72,Merit Increase,USD
3051,E100584,2026-03-09,114000.0,119500,4.76,Market Adjustment,USD
3052,E100585,2020-06-22,71500.0,73000,1.92,Market Adjustment,USD
3053,E100585,2021-07-22,73000.0,77000,5.69,Merit Increase,USD
3054,E100585,2022-08-22,77000.0,80000,3.94,Market Adjustment,USD
3055,E100585,2023-09-22,80000.0,88000,10.19,Promotion,USD
3056,E100585,2024-10-22,88000.0,100000,13.67,Promotion,USD
3057,E100585,2026-01-22,100000.0,103500,3.42,Market Adjustment,USD
3058,E100586,2018-02-05,107500.0,114000,5.87,Merit Increase,USD
3059,E100586,2019-02-05,114000.0,118000,3.35,Market Adjustment,USD
3060,E100586,2020-03-05,118000.0,122500,3.81,Merit Increase,USD
3061,E100586,2021-01-05,122500.0,128000,4.32,Market Adjustment,USD
3062,E100586,2022-02-05,128000.0,133000,3.74,Merit Increase,USD
3063,E100586,2023-03-05,133000.0,137500,3.42,Market Adjustment,USD
3064,E100586,2024-01-05,137500.0,157000,14.28,Promotion,USD
3065,E100586,2024-11-05,157000.0,160500,2.19,Market Adjustment,USD
3066,E100586,2026-02-05,160500.0,163000,1.47,Merit Increase,USD
3067,E100587,2016-10-05,79500.0,82500,3.61,Merit Increase,USD
3068,E100587,2017-08-05,82500.0,86500,4.63,Market Adjustment,USD
3069,E100587,2018-09-05,86500.0,89500,3.68,Market Adjustment,USD
3070,E100587,2019-06-05,89500.0,103000,14.92,Promotion,USD
3071,E100587,2020-10-05,103000.0,106500,3.46,Merit Increase,USD
3072,E100587,2021-09-05,106500.0,111000,4.3,Market Adjustment,USD
3073,E100587,2022-11-05,111000.0,116000,4.45,Merit Increase,USD
3074,E100587,2023-12-05,116000.0,121000,4.32,Merit Increase,USD
3075,E100587,2025-02-05,121000.0,130000,7.35,Merit Increase,USD
3076,E100587,2026-03-05,130000.0,135000,3.77,Merit Increase,USD
3077,E100588,2019-11-30,77500.0,80500,3.69,Merit Increase,USD
3078,E100588,2020-11-30,80500.0,82000,2.07,Merit Increase,USD
3079,E100588,2021-10-30,82000.0,85500,4.41,Merit Increase,USD
3080,E100588,2022-09-30,85500.0,87500,2.35,Merit Increase,USD
3081,E100588,2023-07-30,87500.0,95000,8.55,Promotion,USD
3082,E100588,2024-07-30,95000.0,98500,3.47,Merit Increase,USD
3083,E100588,2025-08-30,98500.0,101500,2.87,Market Adjustment,USD
3084,E100588,2026-05-30,101500.0,109500,7.64,Promotion,USD
3085,E100589,2021-09-27,26500.0,27500,3.35,Merit Increase,USD
3086,E100590,2019-04-07,69500.0,72000,3.25,Market Adjustment,USD
3087,E100590,2020-04-07,72000.0,74500,3.56,Merit Increase,USD
3088,E100590,2021-05-07,74500.0,76000,1.94,Market Adjustment,USD
3089,E100590,2022-07-07,76000.0,79000,3.65,Market Adjustment,USD
3090,E100590,2023-06-07,79000.0,81500,3.24,Merit Increase,USD
3091,E100590,2024-03-07,81500.0,82500,1.2,Merit Increase,USD
3092,E100590,2025-05-07,82500.0,91000,10.35,Promotion,USD
3093,E100590,2026-08-07,91000.0,94500,3.59,Market Adjustment,USD
3094,E100591,2020-06-27,67500.0,69000,1.99,Market Adjustment,USD
3095,E100592,2021-02-04,110500.0,115000,3.98,Merit Increase,USD
3096,E100592,2022-01-04,115000.0,120500,4.62,Market Adjustment,USD
3097,E100592,2023-02-04,120500.0,127000,5.33,Market Adjustment,USD
3098,E100592,2024-04-04,127000.0,131500,3.42,Merit Increase,USD
3099,E100592,2025-08-04,131500.0,137000,4.08,Market Adjustment,USD
3100,E100592,2026-05-04,137000.0,140500,2.59,Merit Increase,USD
3101,E100593,2021-03-07,23000.0,23500,2.85,Market Adjustment,USD
3102,E100594,2018-07-19,73500.0,77500,5.44,Merit Increase,USD
3103,E100594,2019-10-19,77500.0,79000,1.79,Merit Increase,USD
3104,E100594,2020-08-19,79000.0,83000,5.06,Merit Increase,USD
3105,E100594,2021-11-19,83000.0,85000,2.42,Merit Increase,USD
3106,E100594,2022-11-19,85000.0,88500,4.34,Market Adjustment,USD
3107,E100594,2023-09-19,88500.0,90500,2.14,Merit Increase,USD
3108,E100595,2020-02-27,53500.0,57500,7.87,Merit Increase,USD
3109,E100595,2021-05-27,57500.0,59500,3.04,Merit Increase,USD
3110,E100595,2022-06-27,59500.0,60000,1.1,Merit Increase,USD
3111,E100595,2023-07-27,60000.0,63000,4.61,Merit Increase,USD
3112,E100595,2024-06-27,63000.0,65000,2.83,Merit Increase,USD
3113,E100595,2025-05-27,65000.0,68500,5.58,Merit Increase,USD
3114,E100596,2020-04-29,43000.0,48000,11.4,Promotion,USD
3115,E100596,2021-02-28,48000.0,49000,2.42,Merit Increase,USD
3116,E100596,2022-02-28,49000.0,53500,8.99,Promotion,USD
3117,E100596,2023-04-28,53500.0,54000,1.04,Merit Increase,USD
3118,E100597,2021-10-29,71500.0,72500,1.14,Market Adjustment,USD
3119,E100598,2019-01-21,74000.0,78500,5.92,Promotion,USD
3120,E100598,2020-02-21,78500.0,81000,2.89,Market Adjustment,USD
3121,E100598,2021-02-21,81000.0,84500,4.3,Merit Increase,USD
3122,E100598,2021-11-21,84500.0,89000,5.1,Market Adjustment,USD
3123,E100598,2023-01-21,89000.0,101500,14.26,Promotion,USD
3124,E100598,2023-10-21,101500.0,105000,3.45,Merit Increase,USD
3125,E100598,2024-12-21,105000.0,109500,4.15,Market Adjustment,USD
3126,E100598,2026-02-21,109500.0,114000,4.18,Market Adjustment,USD
3127,E100599,2020-08-09,57000.0,58500,2.78,Merit Increase,USD
3128,E100599,2021-09-09,58500.0,62000,5.83,Market Adjustment,USD
3129,E100599,2022-09-09,62000.0,64000,2.97,Market Adjustment,USD
3130,E100599,2023-07-09,64000.0,65000,1.5,Market Adjustment,USD
3131,E100599,2024-05-09,65000.0,67000,3.45,Merit Increase,USD
3132,E100599,2025-10-09,67000.0,74000,10.08,Promotion,USD
3133,E100600,2021-05-22,67000.0,68500,2.45,Market Adjustment,USD
3134,E100600,2022-08-22,68500.0,70500,2.77,Market Adjustment,USD
3135,E100601,2020-10-04,55000.0,57000,3.63,Merit Increase,USD
3136,E100601,2021-09-04,57000.0,60000,4.92,Market Adjustment,USD
3137,E100601,2022-09-04,60000.0,61500,2.74,Merit Increase,USD
3138,E100601,2024-01-04,61500.0,61500,0.33,Merit Increase,USD
3139,E100602,2021-11-02,22500.0,23000,2.16,Market Adjustment,USD
3140,E100602,2022-10-02,23000.0,25000,7.65,Promotion,USD
3141,E100602,2023-12-02,25000.0,25500,2.54,Merit Increase,USD
3142,E100604,2018-02-28,50500.0,51000,1.2,Market Adjustment,USD
3143,E100604,2019-03-28,51000.0,56000,9.84,Promotion,USD
3144,E100604,2020-02-28,56000.0,58000,3.5,Market Adjustment,USD
3145,E100604,2021-02-28,58000.0,59000,2.13,Market Adjustment,USD
3146,E100604,2022-03-28,59000.0,63500,8.02,Promotion,USD
3147,E100604,2023-05-28,63500.0,65500,3.2,Market Adjustment,USD
3148,E100605,2020-12-10,137000.0,140500,2.61,Merit Increase,USD
3149,E100605,2022-02-10,140500.0,143000,1.92,Market Adjustment,USD
3150,E100605,2023-03-10,143000.0,144000,0.53,Market Adjustment,USD
3151,E100605,2024-01-10,144000.0,147000,2.1,Market Adjustment,USD
3152,E100605,2025-01-10,147000.0,154500,4.99,Market Adjustment,USD
3153,E100605,2026-01-10,154500.0,159000,3.01,Market Adjustment,USD
3154,E100606,2020-01-14,62500.0,65500,5.03,Merit Increase,USD
3155,E100606,2021-02-14,65500.0,67500,3.01,Market Adjustment,USD
3156,E100606,2022-06-14,67500.0,69500,2.68,Promotion,USD
3157,E100606,2023-09-14,69500.0,70500,1.14,Market Adjustment,USD
3158,E100606,2024-10-14,70500.0,80500,13.89,Promotion,USD
3159,E100606,2025-07-14,80500.0,85000,5.35,Market Adjustment,USD
3160,E100606,2026-07-14,85000.0,92500,8.59,Promotion,USD
3161,E100607,2016-08-13,68000.0,80500,18.12,Promotion,USD
3162,E100607,2017-08-13,80500.0,91500,13.54,Promotion,USD
3163,E100607,2018-09-13,91500.0,95000,4.03,Market Adjustment,USD
3164,E100607,2019-09-13,95000.0,97000,2.36,Merit Increase,USD
3165,E100607,2020-10-13,97000.0,99000,2.01,Merit Increase,USD
3166,E100607,2021-07-13,99000.0,102500,3.66,Merit Increase,USD
3167,E100607,2022-06-13,102500.0,113000,10.13,Promotion,USD
3168,E100607,2023-03-13,113000.0,118500,4.93,Market Adjustment,USD
3169,E100607,2023-12-13,118500.0,123500,4.14,Merit Increase,USD
3170,E100607,2025-02-13,123500.0,128000,3.8,Merit Increase,USD
3171,E100607,2026-05-13,128000.0,130000,1.73,Merit Increase,USD
3172,E100608,2018-06-25,120000.0,125500,4.49,Market Adjustment,USD
3173,E100608,2019-10-25,125500.0,129500,3.18,Market Adjustment,USD
3174,E100608,2020-09-25,129500.0,135500,4.69,Merit Increase,USD
3175,E100609,2016-05-05,157500.0,164500,4.54,Merit Increase,USD
3176,E100609,2017-07-05,164500.0,170000,3.45,Merit Increase,USD
3177,E100609,2018-08-05,170000.0,176500,3.75,Market Adjustment,USD
3178,E100609,2019-08-05,176500.0,182000,3.08,Market Adjustment,USD
3179,E100609,2020-06-05,182000.0,198000,8.81,Promotion,USD
3180,E100609,2021-06-05,198000.0,211000,6.66,Merit Increase,USD
3181,E100609,2022-04-05,211000.0,217000,2.76,Market Adjustment,USD
3182,E100609,2023-02-05,217000.0,218000,0.38,Market Adjustment,USD
3183,E100609,2024-05-05,218000.0,227500,4.3,Market Adjustment,USD
3184,E100609,2025-08-05,227500.0,229000,0.68,Market Adjustment,USD
3185,E100611,2021-11-27,63000.0,65500,4.35,Merit Increase,USD
3186,E100611,2022-10-27,65500.0,69000,5.69,Market Adjustment,USD
3187,E100611,2023-09-27,69000.0,72000,4.26,Market Adjustment,USD
3188,E100611,2024-07-27,72000.0,74500,3.36,Market Adjustment,USD
3189,E100611,2025-09-27,74500.0,84500,13.71,Promotion,USD
3190,E100612,2022-02-04,128000.0,132000,3.19,Market Adjustment,USD
3191,E100612,2023-05-04,132000.0,135500,2.66,Merit Increase,USD
3192,E100612,2024-03-04,135500.0,140000,3.2,Market Adjustment,USD
3193,E100612,2024-12-04,140000.0,156500,11.96,Promotion,USD
3194,E100612,2026-01-04,156500.0,163500,4.43,Merit Increase,USD
3195,E100613,2018-11-24,151500.0,157000,3.61,Market Adjustment,USD
3196,E100613,2020-02-24,157000.0,165000,5.04,Market Adjustment,USD
3197,E100613,2021-05-24,165000.0,165000,0.11,Market Adjustment,USD
3198,E100614,2017-10-06,114500.0,122000,6.57,Merit Increase,USD
3199,E100614,2018-09-06,122000.0,125500,3.05,Market Adjustment,USD
3200,E100614,2019-10-06,125500.0,125500,0.0,Merit Increase,USD
3201,E100614,2020-07-06,125500.0,130500,3.97,Merit Increase,USD
3202,E100614,2021-05-06,130500.0,132500,1.49,Market Adjustment,USD
3203,E100614,2022-07-06,132500.0,134000,1.12,Merit Increase,USD
3204,E100615,2020-01-19,66500.0,68000,2.14,Market Adjustment,USD
3205,E100615,2021-02-19,68000.0,69000,1.64,Merit Increase,USD
3206,E100615,2022-06-19,69000.0,76500,10.68,Promotion,USD
3207,E100615,2023-06-19,76500.0,80000,4.45,Merit Increase,USD
3208,E100615,2024-09-19,80000.0,82000,2.71,Merit Increase,USD
3209,E100615,2025-11-19,82000.0,86000,4.63,Merit Increase,USD
3210,E100616,2018-05-18,62500.0,65500,4.63,Market Adjustment,USD
3211,E100616,2019-07-18,65500.0,68000,4.14,Market Adjustment,USD
3212,E100616,2020-04-18,68000.0,78000,14.77,Promotion,USD
3213,E100616,2021-07-18,78000.0,81500,4.49,Merit Increase,USD
3214,E100616,2022-06-18,81500.0,86500,5.97,Market Adjustment,USD
3215,E100616,2023-06-18,86500.0,90000,4.23,Market Adjustment,USD
3216,E100616,2024-04-18,90000.0,99000,10.06,Promotion,USD
3217,E100616,2025-05-18,99000.0,101000,2.18,Market Adjustment,USD
3218,E100616,2026-04-18,101000.0,105500,4.3,Merit Increase,USD
3219,E100617,2017-06-10,104000.0,111000,6.94,Market Adjustment,USD
3220,E100617,2018-05-10,111000.0,113000,1.95,Market Adjustment,USD
3221,E100617,2019-09-10,113000.0,118000,4.53,Market Adjustment,USD
3222,E100617,2020-11-10,118000.0,128000,8.47,Promotion,USD
3223,E100617,2021-12-10,128000.0,152000,18.67,Promotion,USD
3224,E100617,2022-11-10,152000.0,159000,4.6,Market Adjustment,USD
3225,E100617,2023-10-10,159000.0,162000,1.93,Merit Increase,USD
3226,E100617,2024-10-10,162000.0,167500,3.45,Market Adjustment,USD
3227,E100618,2021-01-14,58500.0,62500,6.8,Market Adjustment,USD
3228,E100618,2022-05-14,62500.0,65000,3.76,Merit Increase,USD
3229,E100618,2023-06-14,65000.0,68500,5.68,Merit Increase,USD
3230,E100618,2024-08-14,68500.0,71000,3.9,Market Adjustment,USD
3231,E100618,2026-01-14,71000.0,77000,8.41,Promotion,USD
3232,E100619,2016-02-27,115500.0,120500,4.2,Market Adjustment,USD
3233,E100619,2016-12-27,120500.0,125500,4.21,Market Adjustment,USD
3234,E100619,2017-12-27,125500.0,132000,5.05,Market Adjustment,USD
3235,E100619,2018-12-27,132000.0,144500,9.29,Promotion,USD
3236,E100619,2020-02-27,144500.0,150000,3.67,Merit Increase,USD
3237,E100619,2021-02-27,150000.0,165500,10.41,Promotion,USD
3238,E100619,2022-02-27,165500.0,176500,6.59,Merit Increase,USD
3239,E100619,2023-04-27,176500.0,184500,4.65,Market Adjustment,USD
3240,E100619,2024-06-27,184500.0,191500,3.92,Market Adjustment,USD
3241,E100619,2025-06-27,191500.0,196000,2.46,Market Adjustment,USD
3242,E100619,2026-06-27,196000.0,205000,4.49,Merit Increase,USD
3243,E100620,2021-06-30,53000.0,61500,16.08,Promotion,USD
3244,E100620,2022-03-30,61500.0,65000,5.9,Market Adjustment,USD
3245,E100621,2014-11-01,144500.0,150000,3.72,Merit Increase,USD
3246,E100621,2015-08-01,150000.0,153500,2.47,Merit Increase,USD
3247,E100621,2016-09-01,153500.0,156000,1.67,Merit Increase,USD
3248,E100621,2017-07-01,156000.0,166000,6.28,Market Adjustment,USD
3249,E100621,2018-08-01,166000.0,174500,5.02,Merit Increase,USD
3250,E100621,2019-12-01,174500.0,182500,4.72,Merit Increase,USD
3251,E100621,2020-11-01,182500.0,187500,2.61,Market Adjustment,USD
3252,E100621,2022-01-01,187500.0,196000,4.54,Merit Increase,USD
3253,E100621,2023-02-01,196000.0,205000,4.66,Merit Increase,USD
3254,E100621,2024-02-01,205000.0,212000,3.52,Merit Increase,USD
3255,E100621,2025-02-01,212000.0,230000,8.4,Promotion,USD
3256,E100621,2026-01-01,230000.0,237000,2.95,Merit Increase,USD
3257,E100622,2021-10-27,57000.0,62500,9.74,Promotion,USD
3258,E100622,2022-10-27,62500.0,63000,0.78,Merit Increase,USD
3259,E100622,2023-09-27,63000.0,66000,4.64,Merit Increase,USD
3260,E100623,2021-01-04,109500.0,117500,7.32,Promotion,USD
3261,E100623,2022-01-04,117500.0,121500,3.41,Merit Increase,USD
3262,E100623,2023-02-04,121500.0,127000,4.56,Market Adjustment,USD
3263,E100623,2024-02-04,127000.0,133000,4.59,Merit Increase,USD
3264,E100623,2024-12-04,133000.0,140000,5.3,Market Adjustment,USD
3265,E100623,2026-01-04,140000.0,140500,0.49,Merit Increase,USD
3266,E100624,2017-03-23,52000.0,55500,6.58,Market Adjustment,USD
3267,E100624,2018-03-23,55500.0,58000,4.4,Market Adjustment,USD
3268,E100624,2019-01-23,58000.0,59000,1.58,Market Adjustment,USD
3269,E100624,2020-01-23,59000.0,60500,2.77,Market Adjustment,USD
3270,E100624,2021-02-23,60500.0,63000,4.44,Market Adjustment,USD
3271,E100624,2022-04-23,63000.0,66000,5.03,Merit Increase,USD
3272,E100624,2023-06-23,66000.0,69500,5.19,Market Adjustment,USD
3273,E100624,2024-09-23,69500.0,71500,3.21,Merit Increase,USD
3274,E100624,2025-06-23,71500.0,72500,1.67,Merit Increase,USD
3275,E100625,2020-11-08,30500.0,32500,6.56,Market Adjustment,USD
3276,E100625,2021-08-08,32500.0,34000,4.84,Market Adjustment,USD
3277,E100625,2022-08-08,34000.0,35000,2.29,Merit Increase,USD
3278,E100626,2017-04-07,26000.0,29000,12.02,Promotion,USD
3279,E100626,2018-07-07,29000.0,29500,2.25,Merit Increase,USD
3280,E100626,2019-04-07,29500.0,31000,4.42,Merit Increase,USD
3281,E100626,2020-07-07,31000.0,32000,2.74,Merit Increase,USD
3282,E100626,2021-04-07,32000.0,33000,3.87,Market Adjustment,USD
3283,E100626,2022-04-07,33000.0,33000,0.71,Merit Increase,USD
3284,E100626,2023-06-07,33000.0,34000,2.43,Market Adjustment,USD
3285,E100626,2024-08-07,34000.0,36500,6.95,Market Adjustment,USD
3286,E100626,2025-08-07,36500.0,38000,3.63,Market Adjustment,USD
3287,E100627,2020-08-14,65000.0,66000,1.75,Market Adjustment,USD
3288,E100627,2021-09-14,66000.0,68000,2.65,Merit Increase,USD
3289,E100628,2018-05-19,132500.0,149000,12.37,Promotion,USD
3290,E100628,2019-04-19,149000.0,155000,4.07,Merit Increase,USD
3291,E100628,2020-05-19,155000.0,160500,3.59,Market Adjustment,USD
3292,E100628,2021-03-19,160500.0,164500,2.59,Market Adjustment,USD
3293,E100628,2022-03-19,164500.0,167000,1.52,Merit Increase,USD
3294,E100628,2023-04-19,167000.0,192500,15.31,Promotion,USD
3295,E100629,2020-05-30,62000.0,66500,7.14,Merit Increase,USD
3296,E100629,2021-04-30,66500.0,74500,11.76,Promotion,USD
3297,E100629,2022-03-30,74500.0,83000,11.63,Promotion,USD
3298,E100629,2023-06-30,83000.0,84500,1.89,Merit Increase,USD
3299,E100629,2024-06-30,84500.0,87500,3.75,Market Adjustment,USD
3300,E100629,2025-03-30,87500.0,99500,13.47,Promotion,USD
3301,E100629,2026-02-28,99500.0,110500,11.15,Promotion,USD
3302,E100630,2021-04-22,159000.0,164500,3.48,Market Adjustment,USD
3303,E100630,2022-08-22,164500.0,168000,2.07,Market Adjustment,USD
3304,E100631,2021-11-15,23500.0,24500,4.97,Merit Increase,USD
3305,E100631,2022-11-15,24500.0,25500,3.85,Merit Increase,USD
3306,E100631,2024-03-15,25500.0,27000,4.92,Market Adjustment,USD
3307,E100632,2018-06-29,43500.0,46000,6.25,Market Adjustment,USD
3308,E100632,2019-07-29,46000.0,47000,2.68,Merit Increase,USD
3309,E100632,2020-09-29,47000.0,47000,0.34,Market Adjustment,USD
3310,E100633,2015-03-16,40000.0,41500,4.03,Merit Increase,USD
3311,E100633,2016-05-16,41500.0,43000,3.92,Merit Increase,USD
3312,E100633,2017-07-16,43000.0,45000,4.52,Market Adjustment,USD
3313,E100633,2018-10-16,45000.0,46500,3.01,Merit Increase,USD
3314,E100633,2019-11-16,46500.0,48000,2.81,Merit Increase,USD
3315,E100633,2020-12-16,48000.0,53500,10.94,Promotion,USD
3316,E100633,2021-11-16,53500.0,56000,4.35,Merit Increase,USD
3317,E100633,2022-08-16,56000.0,57000,1.86,Merit Increase,USD
3318,E100633,2023-10-16,57000.0,58500,2.5,Market Adjustment,USD
3319,E100634,2021-07-02,47500.0,47500,0.37,Merit Increase,USD
3320,E100634,2022-08-02,47500.0,50500,6.27,Market Adjustment,USD
3321,E100634,2023-09-02,50500.0,52500,3.51,Market Adjustment,USD
3322,E100634,2024-09-02,52500.0,53500,2.31,Market Adjustment,USD
3323,E100634,2025-06-02,53500.0,55000,2.79,Market Adjustment,USD
3324,E100634,2026-07-02,55000.0,61500,11.46,Promotion,USD
3325,E100635,2021-04-25,60000.0,62500,3.83,Market Adjustment,USD
3326,E100635,2022-05-25,62500.0,64500,3.41,Merit Increase,USD
3327,E100635,2023-04-25,64500.0,67500,4.91,Merit Increase,USD
3328,E100635,2024-04-25,67500.0,75500,11.79,Promotion,USD
3329,E100635,2025-10-25,75500.0,79000,4.87,Market Adjustment,USD
3330,E100636,2016-10-08,141000.0,148500,5.17,Market Adjustment,USD
3331,E100636,2017-07-08,148500.0,153000,2.87,Market Adjustment,USD
3332,E100636,2018-04-08,153000.0,157000,2.77,Merit Increase,USD
3333,E100636,2019-03-08,157000.0,163000,3.72,Market Adjustment,USD
3334,E100636,2020-03-08,163000.0,171000,4.92,Market Adjustment,USD
3335,E100636,2021-05-08,171000.0,179000,4.76,Merit Increase,USD
3336,E100636,2022-03-08,179000.0,185000,3.3,Merit Increase,USD
3337,E100636,2023-05-08,185000.0,191500,3.63,Merit Increase,USD
3338,E100636,2024-04-08,191500.0,196000,2.37,Merit Increase,USD
3339,E100636,2025-08-08,196000.0,204000,4.21,Merit Increase,USD
3340,E100636,2026-05-08,204000.0,207500,1.62,Merit Increase,USD
3341,E100637,2021-03-02,50000.0,51000,1.74,Market Adjustment,USD
3342,E100637,2022-06-02,51000.0,53000,4.3,Merit Increase,USD
3343,E100637,2023-05-02,53000.0,54000,2.31,Market Adjustment,USD
3344,E100637,2024-04-02,54000.0,55000,2.16,Merit Increase,USD
3345,E100637,2025-04-02,55000.0,56000,2.25,Market Adjustment,USD
3346,E100637,2026-04-02,56000.0,57000,1.53,Market Adjustment,USD
3347,E100639,2019-09-25,53000.0,54500,2.43,Market Adjustment,USD
3348,E100639,2020-09-25,54500.0,57000,4.8,Merit Increase,USD
3349,E100639,2021-12-25,57000.0,63000,10.69,Promotion,USD
3350,E100639,2023-01-25,63000.0,65000,3.28,Market Adjustment,USD
3351,E100639,2024-04-25,65000.0,69000,6.0,Market Adjustment,USD
3352,E100639,2025-06-25,69000.0,72000,4.15,Merit Increase,USD
3353,E100639,2026-07-25,72000.0,74500,3.7,Market Adjustment,USD
3354,E100640,2020-07-02,25500.0,26500,3.88,Merit Increase,USD
3355,E100640,2021-06-02,26500.0,28500,6.94,Promotion,USD
3356,E100640,2022-06-02,28500.0,29000,1.09,Market Adjustment,USD
3357,E100640,2023-10-02,29000.0,31500,9.3,Promotion,USD
3358,E100640,2024-10-02,31500.0,33000,5.29,Market Adjustment,USD
3359,E100640,2026-03-02,33000.0,34000,3.21,Market Adjustment,USD
3360,E100641,2022-04-28,24000.0,25000,3.44,Merit Increase,USD
3361,E100641,2023-04-28,25000.0,26000,3.79,Market Adjustment,USD
3362,E100641,2024-05-28,26000.0,30500,17.07,Promotion,USD
3363,E100641,2025-03-28,30500.0,35500,16.8,Promotion,USD
3364,E100641,2026-03-28,35500.0,37000,4.84,Market Adjustment,USD
3365,E100643,2022-03-21,30500.0,31000,2.31,Merit Increase,USD
3366,E100644,2022-04-02,118000.0,123000,4.08,Market Adjustment,USD
3367,E100644,2023-04-02,123000.0,125000,1.42,Merit Increase,USD
3368,E100645,2022-04-16,84500.0,88000,4.39,Market Adjustment,USD
3369,E100645,2023-05-16,88000.0,97000,10.33,Promotion,USD
3370,E100646,2022-03-24,131000.0,136000,3.92,Market Adjustment,USD
3371,E100646,2023-01-24,136000.0,143500,5.5,Promotion,USD
3372,E100646,2024-06-24,143500.0,150500,4.74,Merit Increase,USD
3373,E100646,2025-09-24,150500.0,152000,1.07,Merit Increase,USD
3374,E100647,2022-02-14,80000.0,83000,3.67,Market Adjustment,USD
3375,E100647,2023-04-14,83000.0,92500,11.54,Promotion,USD
3376,E100647,2024-05-14,92500.0,94500,2.18,Merit Increase,USD
3377,E100647,2025-07-14,94500.0,96500,2.16,Merit Increase,USD
3378,E100647,2026-06-14,96500.0,100000,3.66,Market Adjustment,USD
3379,E100648,2022-06-15,33500.0,35500,5.27,Market Adjustment,USD
3380,E100648,2023-06-15,35500.0,39000,10.25,Promotion,USD
3381,E100649,2021-12-01,39500.0,40000,1.29,Merit Increase,USD
3382,E100650,2022-04-14,70000.0,72000,2.96,Market Adjustment,USD
3383,E100650,2023-04-14,72000.0,75500,4.57,Market Adjustment,USD
3384,E100651,2022-07-03,107500.0,112500,4.88,Market Adjustment,USD
3385,E100651,2023-07-03,112500.0,117000,4.07,Market Adjustment,USD
3386,E100652,2022-01-07,48000.0,50500,5.43,Market Adjustment,USD
3387,E100652,2023-01-07,50500.0,53000,4.52,Merit Increase,USD
3388,E100652,2024-03-07,53000.0,55000,3.75,Merit Increase,USD
3389,E100652,2025-06-07,55000.0,60500,9.73,Promotion,USD
3390,E100652,2026-06-07,60500.0,62000,2.34,Market Adjustment,USD
3391,E100653,2022-05-06,111500.0,126500,13.55,Promotion,USD
3392,E100653,2023-03-06,126500.0,131500,4.09,Merit Increase,USD
3393,E100653,2024-06-06,131500.0,138500,5.48,Merit Increase,USD
3394,E100653,2025-06-06,138500.0,141000,1.92,Market Adjustment,USD
3395,E100654,2022-05-24,64500.0,67000,3.5,Merit Increase,USD
3396,E100654,2023-05-24,67000.0,69500,4.01,Market Adjustment,USD
3397,E100654,2024-06-24,69500.0,71500,2.88,Market Adjustment,USD
3398,E100654,2025-06-24,71500.0,72500,1.41,Merit Increase,USD
3399,E100654,2026-07-24,72500.0,75500,4.12,Merit Increase,USD
3400,E100655,2022-04-19,74000.0,76000,2.71,Merit Increase,USD
3401,E100655,2023-07-19,76000.0,81500,7.2,Promotion,USD
3402,E100655,2024-10-19,81500.0,86000,5.41,Market Adjustment,USD
3403,E100655,2025-07-19,86000.0,90000,4.46,Merit Increase,USD
3404,E100656,2022-01-25,32500.0,33500,3.02,Market Adjustment,USD
3405,E100656,2023-01-25,33500.0,34000,2.08,Market Adjustment,USD
3406,E100658,2022-05-24,106000.0,109000,2.61,Merit Increase,USD
3407,E100658,2023-03-24,109000.0,114000,4.76,Market Adjustment,USD
3408,E100658,2024-07-24,114000.0,117500,3.17,Merit Increase,USD
3409,E100658,2025-07-24,117500.0,139500,18.66,Promotion,USD
3410,E100659,2022-07-06,51000.0,52500,2.64,Merit Increase,USD
3411,E100660,2022-08-23,73500.0,76500,4.19,Merit Increase,USD
3412,E100660,2023-09-23,76500.0,79500,4.13,Market Adjustment,USD
3413,E100660,2025-01-23,79500.0,81500,2.4,Market Adjustment,USD
3414,E100660,2026-02-23,81500.0,83500,2.48,Merit Increase,USD
3415,E100661,2022-07-23,69500.0,72500,3.97,Market Adjustment,USD
3416,E100661,2023-11-23,72500.0,74500,2.73,Merit Increase,USD
3417,E100661,2025-01-23,74500.0,78500,5.42,Market Adjustment,USD
3418,E100661,2026-01-23,78500.0,80500,2.8,Market Adjustment,USD
3419,E100662,2022-03-03,39500.0,41500,5.2,Market Adjustment,USD
3420,E100662,2023-04-03,41500.0,42000,0.97,Merit Increase,USD
3421,E100662,2024-04-03,42000.0,44500,5.47,Market Adjustment,USD
3422,E100662,2025-04-03,44500.0,47000,5.85,Merit Increase,USD
3423,E100662,2026-04-03,47000.0,47500,1.33,Merit Increase,USD
3424,E100664,2022-04-02,48500.0,53000,9.23,Promotion,USD
3425,E100664,2023-04-02,53000.0,55000,3.87,Market Adjustment,USD
3426,E100664,2024-03-02,55000.0,58000,5.42,Market Adjustment,USD
3427,E100664,2025-04-02,58000.0,61000,5.34,Market Adjustment,USD
3428,E100664,2026-01-02,61000.0,63500,4.23,Market Adjustment,USD
3429,E100666,2022-04-25,52500.0,53000,1.27,Merit Increase,USD
3430,E100666,2023-02-25,53000.0,56000,5.45,Market Adjustment,USD
3431,E100666,2024-03-25,56000.0,58000,3.2,Merit Increase,USD
3432,E100666,2025-03-25,58000.0,61000,5.03,Merit Increase,USD
3433,E100666,2026-05-25,61000.0,62500,2.28,Market Adjustment,USD
3434,E100667,2022-07-28,77000.0,81000,5.35,Merit Increase,USD
3435,E100667,2023-09-28,81000.0,86000,5.99,Market Adjustment,USD
3436,E100667,2024-09-28,86000.0,96000,11.85,Promotion,USD
3437,E100667,2025-09-28,96000.0,109000,13.29,Promotion,USD
3438,E100668,2022-07-21,41000.0,43500,5.97,Market Adjustment,USD
3439,E100668,2023-06-21,43500.0,43500,0.48,Merit Increase,USD
3440,E100668,2024-08-21,43500.0,46500,6.86,Merit Increase,USD
3441,E100668,2025-07-21,46500.0,49000,5.42,Merit Increase,USD
3442,E100669,2022-05-16,71500.0,74500,4.53,Market Adjustment,USD
3443,E100669,2023-03-16,74500.0,79000,5.78,Merit Increase,USD
3444,E100670,2022-03-12,137000.0,145500,6.28,Market Adjustment,USD
3445,E100670,2023-05-12,145500.0,163000,11.95,Promotion,USD
3446,E100670,2024-07-12,163000.0,163000,0.0,Market Adjustment,USD
3447,E100670,2025-06-12,163000.0,175000,7.26,Merit Increase,USD
3448,E100672,2022-07-14,54500.0,55500,1.85,Merit Increase,USD
3449,E100674,2022-03-02,37000.0,38500,3.76,Market Adjustment,USD
3450,E100675,2022-09-18,55500.0,56500,1.4,Merit Increase,USD
3451,E100675,2023-08-18,56500.0,56500,0.31,Merit Increase,USD
3452,E100675,2024-10-18,56500.0,59000,4.21,Merit Increase,USD
3453,E100675,2025-12-18,59000.0,60500,2.85,Market Adjustment,USD
3454,E100676,2022-06-20,96000.0,101000,5.16,Merit Increase,USD
3455,E100677,2022-04-19,22000.0,22500,3.09,Market Adjustment,USD
3456,E100677,2023-06-19,22500.0,23500,3.35,Market Adjustment,USD
3457,E100677,2024-04-19,23500.0,24000,2.77,Merit Increase,USD
3458,E100677,2025-03-19,24000.0,25000,3.55,Market Adjustment,USD
3459,E100677,2026-04-19,25000.0,25500,2.52,Market Adjustment,USD
3460,E100678,2022-11-04,46000.0,50000,8.17,Merit Increase,USD
3461,E100678,2023-10-04,50000.0,52000,3.61,Merit Increase,USD
3462,E100678,2024-07-04,52000.0,53500,2.78,Market Adjustment,USD
3463,E100678,2025-10-04,53500.0,55500,4.19,Promotion,USD
3464,E100679,2022-07-26,106500.0,107500,1.16,Market Adjustment,USD
3465,E100679,2023-08-26,107500.0,111500,3.88,Merit Increase,USD
3466,E100680,2022-09-20,30500.0,31000,2.25,Market Adjustment,USD
3467,E100680,2023-10-20,31000.0,32000,3.51,Merit Increase,USD
3468,E100680,2024-11-20,32000.0,33000,3.13,Market Adjustment,USD
3469,E100680,2025-09-20,33000.0,35000,6.81,Promotion,USD
3470,E100681,2022-06-11,135500.0,141000,3.91,Market Adjustment,USD
3471,E100681,2023-06-11,141000.0,145000,2.81,Market Adjustment,USD
3472,E100682,2022-07-08,116500.0,118500,1.76,Market Adjustment,USD
3473,E100682,2023-11-08,118500.0,132000,11.22,Promotion,USD
3474,E100683,2022-09-08,134500.0,143000,6.3,Merit Increase,USD
3475,E100683,2023-10-08,143000.0,160000,12.06,Promotion,USD
3476,E100683,2025-02-08,160000.0,164000,2.43,Market Adjustment,USD
3477,E100683,2026-01-08,164000.0,170000,3.69,Market Adjustment,USD
3478,E100684,2022-08-14,126500.0,131500,3.96,Market Adjustment,USD
3479,E100684,2023-10-14,131500.0,139500,5.9,Merit Increase,USD
3480,E100684,2024-12-14,139500.0,147500,5.73,Market Adjustment,USD
3481,E100685,2022-09-04,55000.0,56000,1.88,Market Adjustment,USD
3482,E100685,2023-08-04,56000.0,57500,2.95,Merit Increase,USD
3483,E100685,2024-09-04,57500.0,60000,4.29,Merit Increase,USD
3484,E100685,2026-01-04,60000.0,60000,0.39,Market Adjustment,USD
3485,E100686,2022-12-25,78500.0,84000,6.86,Promotion,USD
3486,E100686,2023-11-25,84000.0,87500,4.2,Merit Increase,USD
3487,E100686,2025-01-25,87500.0,93500,6.85,Promotion,USD
3488,E100686,2026-05-25,93500.0,97500,4.37,Market Adjustment,USD
3489,E100687,2022-11-06,16500.0,17500,5.04,Market Adjustment,USD
3490,E100687,2023-11-06,17500.0,18000,2.81,Merit Increase,USD
3491,E100687,2024-09-06,18000.0,18500,2.89,Market Adjustment,USD
3492,E100687,2025-12-06,18500.0,19500,5.85,Promotion,USD
3493,E100688,2022-09-27,17500.0,18500,4.56,Market Adjustment,USD
3494,E100688,2023-11-27,18500.0,19000,2.33,Market Adjustment,USD
3495,E100688,2024-11-27,19000.0,19500,2.81,Merit Increase,USD
3496,E100688,2025-12-27,19500.0,20500,4.37,Market Adjustment,USD
3497,E100689,2022-09-01,62000.0,64000,3.5,Market Adjustment,USD
3498,E100690,2022-11-16,108000.0,123000,14.11,Promotion,USD
3499,E100690,2023-08-16,123000.0,131000,6.66,Merit Increase,USD
3500,E100690,2024-09-16,131000.0,136500,4.32,Market Adjustment,USD
3501,E100690,2025-08-16,136500.0,141500,3.69,Market Adjustment,USD
3502,E100691,2023-01-07,69000.0,70500,1.86,Market Adjustment,USD
3503,E100691,2024-04-07,70500.0,72500,2.87,Market Adjustment,USD
3504,E100691,2025-07-07,72500.0,73500,1.32,Merit Increase,USD
3505,E100691,2026-07-07,73500.0,74000,0.39,Market Adjustment,USD
3506,E100692,2022-09-26,112000.0,116500,4.15,Merit Increase,USD
3507,E100692,2023-06-26,116500.0,135000,15.97,Promotion,USD
3508,E100692,2024-10-26,135000.0,140000,3.73,Market Adjustment,USD
3509,E100692,2025-08-26,140000.0,142000,1.37,Merit Increase,USD
3510,E100693,2022-08-21,49500.0,52000,5.42,Market Adjustment,USD
3511,E100694,2022-10-01,78000.0,80500,3.41,Merit Increase,USD
3512,E100694,2023-09-01,80500.0,82500,2.36,Market Adjustment,USD
3513,E100694,2024-07-01,82500.0,85000,2.93,Merit Increase,USD
3514,E100694,2025-08-01,85000.0,95000,11.69,Promotion,USD
3515,E100695,2022-09-01,143000.0,144000,0.69,Market Adjustment,USD
3516,E100695,2023-12-01,144000.0,145500,1.2,Market Adjustment,USD
3517,E100695,2025-02-01,145500.0,153500,5.35,Merit Increase,USD
3518,E100695,2026-05-01,153500.0,160500,4.7,Market Adjustment,USD
3519,E100696,2022-08-15,147000.0,149000,1.4,Merit Increase,USD
3520,E100697,2022-08-08,33000.0,34000,2.73,Market Adjustment,USD
3521,E100697,2023-10-08,34000.0,35000,3.23,Merit Increase,USD
3522,E100698,2023-03-23,178500.0,184000,3.0,Market Adjustment,USD
3523,E100698,2024-05-23,184000.0,192500,4.54,Market Adjustment,USD
3524,E100698,2025-05-23,192500.0,197000,2.46,Merit Increase,USD
3525,E100698,2026-02-23,197000.0,204500,3.87,Market Adjustment,USD
3526,E100699,2022-07-08,107500.0,113500,5.4,Market Adjustment,USD
3527,E100699,2023-09-08,113500.0,126000,11.06,Promotion,USD
3528,E100699,2024-09-08,126000.0,130000,3.18,Merit Increase,USD
3529,E100699,2025-07-08,130000.0,133500,2.59,Market Adjustment,USD
3530,E100700,2022-09-18,95000.0,101500,6.71,Market Adjustment,USD
3531,E100700,2023-08-18,101500.0,105000,3.37,Merit Increase,USD
3532,E100700,2024-09-18,105000.0,109500,4.43,Market Adjustment,USD
3533,E100701,2022-08-17,63000.0,65000,3.06,Merit Increase,USD
3534,E100701,2023-09-17,65000.0,67000,3.1,Market Adjustment,USD
3535,E100701,2025-02-17,67000.0,69000,3.07,Market Adjustment,USD
3536,E100701,2026-03-17,69000.0,71500,3.56,Market Adjustment,USD
3537,E100702,2022-11-15,61000.0,62000,1.98,Merit Increase,USD
3538,E100703,2022-08-01,112000.0,116500,4.21,Merit Increase,USD
3539,E100703,2023-09-01,116500.0,129000,10.94,Promotion,USD
3540,E100703,2024-12-01,129000.0,137500,6.42,Merit Increase,USD
3541,E100703,2025-11-01,137500.0,140500,2.36,Merit Increase,USD
3542,E100704,2022-09-14,126500.0,130000,2.75,Merit Increase,USD
3543,E100704,2023-09-14,130000.0,133500,2.75,Market Adjustment,USD
3544,E100704,2024-07-14,133500.0,138500,3.91,Market Adjustment,USD
3545,E100704,2025-08-14,138500.0,152000,9.64,Promotion,USD
3546,E100705,2022-09-04,48000.0,51000,6.44,Merit Increase,USD
3547,E100705,2023-09-04,51000.0,52500,3.05,Merit Increase,USD
3548,E100705,2024-09-04,52500.0,55000,4.43,Merit Increase,USD
3549,E100705,2025-12-04,55000.0,56500,2.52,Merit Increase,USD
3550,E100707,2022-09-16,48500.0,53500,10.37,Promotion,USD
3551,E100707,2023-12-16,53500.0,54500,1.96,Market Adjustment,USD
3552,E100707,2025-01-16,54500.0,57000,4.14,Merit Increase,USD
3553,E100707,2026-03-16,57000.0,59500,4.54,Merit Increase,USD
3554,E100708,2022-12-01,34500.0,35500,3.48,Market Adjustment,USD
3555,E100708,2023-11-01,35500.0,37500,5.98,Market Adjustment,USD
3556,E100708,2025-01-01,37500.0,40500,8.57,Promotion,USD
3557,E100708,2026-01-01,40500.0,42500,5.12,Market Adjustment,USD
3558,E100709,2022-08-26,121500.0,129000,6.14,Merit Increase,USD
3559,E100709,2023-08-26,129000.0,133500,3.55,Merit Increase,USD
3560,E100709,2024-09-26,133500.0,136500,2.25,Market Adjustment,USD
3561,E100710,2022-10-04,80500.0,83500,3.86,Market Adjustment,USD
3562,E100710,2023-09-04,83500.0,88000,5.1,Merit Increase,USD
3563,E100710,2024-11-04,88000.0,97000,10.47,Promotion,USD
3564,E100710,2025-08-04,97000.0,101000,4.07,Merit Increase,USD
3565,E100711,2022-08-07,127000.0,132000,3.81,Merit Increase,USD
3566,E100711,2023-10-07,132000.0,147000,11.19,Promotion,USD
3567,E100711,2024-10-07,147000.0,155000,5.56,Market Adjustment,USD
3568,E100711,2026-02-07,155000.0,158000,1.83,Market Adjustment,USD
3569,E100712,2022-12-28,21000.0,21500,2.59,Merit Increase,USD
3570,E100712,2023-12-28,21500.0,22000,3.25,Market Adjustment,USD
3571,E100712,2025-03-28,22000.0,22500,2.83,Market Adjustment,USD
3572,E100712,2025-12-28,22500.0,23000,3.18,Merit Increase,USD
3573,E100714,2022-11-28,39000.0,40500,4.21,Merit Increase,USD
3574,E100715,2023-01-16,48000.0,56500,17.2,Promotion,USD
3575,E100715,2024-04-16,56500.0,58000,2.85,Merit Increase,USD
3576,E100716,2023-03-06,53500.0,54500,1.74,Merit Increase,USD
3577,E100716,2024-03-06,54500.0,58000,6.35,Market Adjustment,USD
3578,E100716,2025-08-06,58000.0,60500,3.94,Market Adjustment,USD
3579,E100716,2026-05-06,60500.0,66500,9.93,Promotion,USD
3580,E100717,2022-10-04,77500.0,83000,7.02,Merit Increase,USD
3581,E100717,2023-10-04,83000.0,87500,5.49,Market Adjustment,USD
3582,E100717,2024-10-04,87500.0,91000,3.97,Market Adjustment,USD
3583,E100717,2025-10-04,91000.0,93500,2.66,Merit Increase,USD
3584,E100718,2023-02-25,85000.0,87500,3.18,Market Adjustment,USD
3585,E100719,2023-02-01,82500.0,87500,5.79,Market Adjustment,USD
3586,E100719,2024-06-01,87500.0,89500,2.01,Merit Increase,USD
3587,E100719,2025-05-01,89500.0,94500,5.45,Market Adjustment,USD
3588,E100719,2026-05-01,94500.0,97500,3.14,Market Adjustment,USD
3589,E100720,2023-02-13,82500.0,85500,3.46,Market Adjustment,USD
3590,E100720,2024-05-13,85500.0,89500,4.71,Merit Increase,USD
3591,E100721,2023-03-24,36000.0,37000,2.92,Merit Increase,USD
3592,E100721,2024-03-24,37000.0,38500,3.81,Market Adjustment,USD
3593,E100721,2025-04-24,38500.0,40000,4.53,Market Adjustment,USD
3594,E100721,2026-04-24,40000.0,41500,3.97,Market Adjustment,USD
3595,E100722,2023-01-27,21000.0,23500,12.1,Promotion,USD
3596,E100722,2023-11-27,23500.0,24500,4.03,Market Adjustment,USD
3597,E100723,2023-03-03,54000.0,58000,7.46,Promotion,USD
3598,E100724,2023-02-14,40500.0,42000,3.73,Market Adjustment,USD
3599,E100724,2024-02-14,42000.0,42000,0.0,Market Adjustment,USD
3600,E100724,2024-12-14,42000.0,44500,5.44,Market Adjustment,USD
3601,E100726,2023-02-20,109000.0,113500,3.99,Market Adjustment,USD
3602,E100726,2023-11-20,113500.0,118000,4.0,Merit Increase,USD
3603,E100726,2024-11-20,118000.0,120000,1.81,Market Adjustment,USD
3604,E100726,2026-02-20,120000.0,124500,3.59,Merit Increase,USD
3605,E100727,2022-11-18,57500.0,64500,12.09,Promotion,USD
3606,E100727,2023-11-18,64500.0,69000,6.92,Merit Increase,USD
3607,E100727,2024-10-18,69000.0,70500,2.45,Market Adjustment,USD
3608,E100727,2025-11-18,70500.0,72500,3.16,Merit Increase,USD
3609,E100728,2023-04-03,123000.0,125500,2.04,Merit Increase,USD
3610,E100728,2024-05-03,125500.0,137000,9.12,Promotion,USD
3611,E100729,2022-12-27,61000.0,63000,3.52,Market Adjustment,USD
3612,E100729,2024-04-27,63000.0,64500,2.71,Merit Increase,USD
3613,E100729,2025-04-27,64500.0,68000,5.42,Promotion,USD
3614,E100729,2026-05-27,68000.0,70500,3.68,Market Adjustment,USD
3615,E100730,2023-01-02,60500.0,61000,0.78,Merit Increase,USD
3616,E100730,2024-05-02,61000.0,63500,3.95,Merit Increase,USD
3617,E100730,2025-06-02,63500.0,74000,16.28,Promotion,USD
3618,E100730,2026-06-02,74000.0,75000,1.42,Market Adjustment,USD
3619,E100731,2023-01-07,50000.0,51500,3.33,Merit Increase,USD
3620,E100732,2023-02-20,93500.0,94500,1.32,Market Adjustment,USD
3621,E100732,2024-01-20,94500.0,97000,2.61,Market Adjustment,USD
3622,E100732,2025-01-20,97000.0,105500,8.9,Promotion,USD
3623,E100734,2023-01-07,53000.0,57000,7.22,Promotion,USD
3624,E100734,2024-05-07,57000.0,59000,3.4,Market Adjustment,USD
3625,E100734,2025-09-07,59000.0,62000,5.19,Merit Increase,USD
3626,E100735,2023-05-15,82000.0,86000,5.16,Market Adjustment,USD
3627,E100735,2024-04-15,86000.0,94500,10.06,Promotion,USD
3628,E100735,2025-05-15,94500.0,97500,3.18,Market Adjustment,USD
3629,E100735,2026-08-15,97500.0,101500,4.09,Market Adjustment,USD
3630,E100737,2022-12-06,176000.0,178000,1.08,Market Adjustment,USD
3631,E100737,2023-11-06,178000.0,190000,6.67,Market Adjustment,USD
3632,E100737,2025-01-06,190000.0,197000,3.68,Market Adjustment,USD
3633,E100737,2026-04-06,197000.0,204000,3.55,Market Adjustment,USD
3634,E100738,2023-02-13,43500.0,45000,2.88,Merit Increase,USD
3635,E100738,2024-01-13,45000.0,47000,4.16,Merit Increase,USD
3636,E100738,2025-02-13,47000.0,52000,10.29,Promotion,USD
3637,E100738,2026-04-13,52000.0,53500,2.93,Market Adjustment,USD
3638,E100739,2022-11-10,56000.0,60000,7.17,Promotion,USD
3639,E100739,2023-09-10,60000.0,62000,3.52,Market Adjustment,USD
3640,E100739,2024-07-10,62000.0,66000,6.11,Merit Increase,USD
3641,E100740,2023-02-14,59500.0,67500,13.78,Promotion,USD
3642,E100740,2024-01-14,67500.0,71000,5.24,Market Adjustment,USD
3643,E100740,2025-01-14,71000.0,73500,3.42,Market Adjustment,USD
3644,E100740,2026-01-14,73500.0,80000,8.86,Promotion,USD
3645,E100741,2022-12-26,58000.0,60000,3.11,Market Adjustment,USD
3646,E100741,2023-09-26,60000.0,62500,4.06,Merit Increase,USD
3647,E100741,2024-09-26,62500.0,64000,2.09,Merit Increase,USD
3648,E100741,2025-09-26,64000.0,66000,2.8,Merit Increase,USD
3649,E100741,2026-06-26,66000.0,70000,5.94,Merit Increase,USD
3650,E100742,2023-03-05,71000.0,81500,14.75,Promotion,USD
3651,E100742,2024-03-05,81500.0,90500,10.97,Promotion,USD
3652,E100742,2025-02-05,90500.0,94000,3.88,Merit Increase,USD
3653,E100742,2026-04-05,94000.0,97000,3.39,Market Adjustment,USD
3654,E100743,2023-02-17,50000.0,51500,2.59,Market Adjustment,USD
3655,E100744,2023-05-16,122500.0,128500,5.1,Merit Increase,USD
3656,E100744,2024-05-16,128500.0,133000,3.67,Merit Increase,USD
3657,E100744,2025-05-16,133000.0,136000,2.15,Merit Increase,USD
3658,E100746,2023-01-12,115500.0,117500,1.66,Market Adjustment,USD
3659,E100746,2024-02-12,117500.0,121500,3.41,Merit Increase,USD
3660,E100746,2024-11-12,121500.0,125500,3.31,Merit Increase,USD
3661,E100746,2025-08-12,125500.0,128000,1.97,Merit Increase,USD
3662,E100747,2023-01-14,24500.0,25000,2.48,Merit Increase,USD
3663,E100747,2024-01-14,25000.0,26500,6.35,Market Adjustment,USD
3664,E100748,2023-04-12,51500.0,54000,4.4,Merit Increase,USD
3665,E100749,2023-04-14,49500.0,54500,9.63,Promotion,USD
3666,E100749,2024-04-14,54500.0,59000,8.46,Promotion,USD
3667,E100749,2025-01-14,59000.0,61000,3.66,Merit Increase,USD
3668,E100749,2026-05-14,61000.0,62000,1.42,Market Adjustment,USD
3669,E100750,2023-02-23,45000.0,49500,10.32,Promotion,USD
3670,E100750,2024-06-23,49500.0,54000,9.47,Promotion,USD
3671,E100750,2025-10-23,54000.0,56500,4.17,Market Adjustment,USD
3672,E100751,2022-12-15,26000.0,27000,3.17,Market Adjustment,USD
3673,E100751,2024-01-15,27000.0,30500,12.06,Promotion,USD
3674,E100751,2024-12-15,30500.0,31500,2.75,Market Adjustment,USD
3675,E100752,2023-03-18,146000.0,148500,1.66,Market Adjustment,USD
3676,E100753,2023-04-25,51000.0,52000,2.4,Market Adjustment,USD
3677,E100754,2023-04-06,21000.0,21000,0.97,Merit Increase,USD
3678,E100754,2024-03-06,21000.0,21500,2.71,Merit Increase,USD
3679,E100754,2025-04-06,21500.0,22000,2.68,Merit Increase,USD
3680,E100754,2026-05-06,22000.0,22500,3.02,Merit Increase,USD
3681,E100755,2022-11-05,98500.0,101000,2.69,Merit Increase,USD
3682,E100755,2023-12-05,101000.0,104500,3.49,Merit Increase,USD
3683,E100755,2024-10-05,104500.0,109500,4.75,Market Adjustment,USD
3684,E100755,2025-10-05,109500.0,114500,4.78,Market Adjustment,USD
3685,E100756,2023-04-07,145500.0,152000,4.46,Market Adjustment,USD
3686,E100756,2024-02-07,152000.0,157000,3.2,Market Adjustment,USD
3687,E100756,2025-05-07,157000.0,162000,3.13,Market Adjustment,USD
3688,E100756,2026-02-07,162000.0,169500,4.57,Market Adjustment,USD
3689,E100757,2023-02-28,110000.0,113500,3.07,Market Adjustment,USD
3690,E100757,2024-03-28,113500.0,119000,4.63,Market Adjustment,USD
3691,E100757,2025-04-28,119000.0,124000,4.37,Merit Increase,USD
3692,E100758,2023-02-07,109000.0,117000,7.53,Merit Increase,USD
3693,E100759,2023-02-02,108000.0,115000,6.56,Market Adjustment,USD
3694,E100760,2023-07-14,46000.0,47500,3.11,Merit Increase,USD
3695,E100761,2023-03-08,60000.0,62000,2.93,Merit Increase,USD
3696,E100761,2024-04-08,62000.0,65000,5.24,Market Adjustment,USD
3697,E100761,2025-05-08,65000.0,67500,3.89,Market Adjustment,USD
3698,E100761,2026-07-08,67500.0,68500,1.83,Merit Increase,USD
3699,E100764,2023-05-28,113000.0,114000,1.01,Market Adjustment,USD
3700,E100764,2024-06-28,114000.0,118000,3.29,Market Adjustment,USD
3701,E100764,2025-07-28,118000.0,122000,3.25,Merit Increase,USD
3702,E100765,2023-02-20,99000.0,109000,9.95,Promotion,USD
3703,E100765,2024-01-20,109000.0,110500,1.52,Merit Increase,USD
3704,E100765,2025-01-20,110500.0,119500,8.18,Promotion,USD
3705,E100765,2026-02-20,119500.0,124000,3.91,Merit Increase,USD
3706,E100767,2023-01-23,46000.0,48500,5.74,Merit Increase,USD
3707,E100767,2024-01-23,48500.0,50500,4.53,Market Adjustment,USD
3708,E100767,2024-12-23,50500.0,51500,1.59,Merit Increase,USD
3709,E100767,2026-02-23,51500.0,54000,4.59,Merit Increase,USD
3710,E100768,2023-06-13,58000.0,60500,4.55,Merit Increase,USD
3711,E100768,2024-08-13,60500.0,63000,3.73,Market Adjustment,USD
3712,E100768,2025-09-13,63000.0,67000,6.07,Market Adjustment,USD
3713,E100768,2026-08-13,67000.0,70000,4.81,Merit Increase,USD
3714,E100769,2023-02-28,59000.0,60000,1.36,Merit Increase,USD
3715,E100770,2023-01-11,44000.0,44000,0.0,Market Adjustment,USD
3716,E100772,2023-06-13,62500.0,65000,3.85,Market Adjustment,USD
3717,E100772,2024-11-13,65000.0,69000,6.34,Merit Increase,USD
3718,E100773,2023-03-19,133500.0,154500,15.6,Promotion,USD
3719,E100773,2024-01-19,154500.0,162500,5.11,Merit Increase,USD
3720,E100773,2024-12-19,162500.0,167000,2.75,Merit Increase,USD
3721,E100775,2023-04-20,67000.0,74000,10.35,Promotion,USD
3722,E100775,2024-05-20,74000.0,80000,8.44,Promotion,USD
3723,E100775,2025-07-20,80000.0,82000,2.28,Market Adjustment,USD
3724,E100775,2026-04-20,82000.0,90500,10.35,Promotion,USD
3725,E100777,2023-05-08,71500.0,75000,4.8,Merit Increase,USD
3726,E100777,2024-07-08,75000.0,75500,0.49,Market Adjustment,USD
3727,E100777,2025-07-08,75500.0,77500,2.83,Market Adjustment,USD
3728,E100777,2026-07-08,77500.0,82000,5.62,Promotion,USD
3729,E100779,2023-05-18,67500.0,70000,3.94,Market Adjustment,USD
3730,E100779,2024-04-18,70000.0,74500,6.69,Promotion,USD
3731,E100779,2025-03-18,74500.0,76000,1.98,Market Adjustment,USD
3732,E100779,2026-05-18,76000.0,79000,4.0,Merit Increase,USD
3733,E100780,2023-07-05,159000.0,160000,0.59,Merit Increase,USD
3734,E100780,2024-07-05,160000.0,163500,2.27,Market Adjustment,USD
3735,E100780,2025-08-05,163500.0,167500,2.52,Merit Increase,USD
3736,E100781,2023-07-18,36000.0,37000,3.12,Merit Increase,USD
3737,E100781,2024-08-18,37000.0,38500,4.06,Merit Increase,USD
3738,E100781,2025-09-18,38500.0,40000,4.03,Market Adjustment,USD
3739,E100782,2023-06-20,26000.0,26500,2.39,Market Adjustment,USD
3740,E100783,2023-05-24,65500.0,68000,3.49,Merit Increase,USD
3741,E100783,2024-05-24,68000.0,72000,6.03,Merit Increase,USD
3742,E100783,2025-07-24,72000.0,76000,5.35,Market Adjustment,USD
3743,E100785,2023-07-14,93500.0,102500,9.63,Promotion,USD
3744,E100785,2024-05-14,102500.0,107000,4.37,Market Adjustment,USD
3745,E100785,2025-07-14,107000.0,113000,5.64,Merit Increase,USD
3746,E100786,2023-06-14,46000.0,47000,1.83,Merit Increase,USD
3747,E100786,2024-07-14,47000.0,52000,11.07,Promotion,USD
3748,E100786,2025-06-14,52000.0,58500,12.64,Promotion,USD
3749,E100786,2026-04-14,58500.0,60000,2.57,Merit Increase,USD
3750,E100787,2023-05-23,39000.0,40500,4.16,Merit Increase,USD
3751,E100787,2024-08-23,40500.0,42500,4.77,Merit Increase,USD
3752,E100788,2023-07-10,49500.0,51000,3.48,Merit Increase,USD
3753,E100789,2023-09-27,63500.0,66500,5.01,Market Adjustment,USD
3754,E100789,2025-01-27,66500.0,75500,13.86,Promotion,USD
3755,E100789,2026-01-27,75500.0,77500,2.46,Merit Increase,USD
3756,E100791,2023-08-09,65000.0,69000,5.8,Merit Increase,USD
3757,E100792,2023-07-06,44000.0,45500,3.95,Market Adjustment,USD
3758,E100792,2024-07-06,45500.0,46000,0.75,Market Adjustment,USD
3759,E100793,2023-06-09,30000.0,31500,5.55,Merit Increase,USD
3760,E100793,2024-05-09,31500.0,32500,3.44,Merit Increase,USD
3761,E100793,2025-06-09,32500.0,34000,4.25,Market Adjustment,USD
3762,E100793,2026-07-09,34000.0,35500,3.97,Market Adjustment,USD
3763,E100794,2023-07-04,53000.0,54000,1.42,Merit Increase,USD
3764,E100794,2024-08-04,54000.0,55500,2.34,Merit Increase,USD
3765,E100794,2025-11-04,55500.0,56000,0.53,Market Adjustment,USD
3766,E100795,2023-08-25,52000.0,57000,10.08,Promotion,USD
3767,E100795,2024-10-25,57000.0,66000,15.39,Promotion,USD
3768,E100797,2023-04-19,44500.0,46000,3.37,Market Adjustment,USD
3769,E100797,2024-03-19,46000.0,48000,4.48,Merit Increase,USD
3770,E100798,2023-05-18,27500.0,28000,2.72,Market Adjustment,USD
3771,E100799,2023-08-08,51500.0,54000,4.97,Merit Increase,USD
3772,E100799,2024-08-08,54000.0,62000,14.53,Promotion,USD
3773,E100799,2025-07-08,62000.0,63500,2.36,Merit Increase,USD
3774,E100800,2023-11-04,66500.0,70000,5.28,Promotion,USD
3775,E100800,2025-01-04,70000.0,71000,1.49,Merit Increase,USD
3776,E100800,2026-04-04,71000.0,74500,5.06,Merit Increase,USD
3777,E100801,2023-12-06,30000.0,31000,3.85,Market Adjustment,USD
3778,E100801,2024-12-06,31000.0,32000,3.47,Market Adjustment,USD
3779,E100801,2025-12-06,32000.0,33000,3.11,Market Adjustment,USD
3780,E100802,2023-11-28,38500.0,41000,7.12,Promotion,USD
3781,E100802,2025-02-28,41000.0,42500,3.49,Merit Increase,USD
3782,E100802,2025-12-28,42500.0,44500,4.39,Market Adjustment,USD
3783,E100803,2023-09-03,38000.0,40500,6.68,Merit Increase,USD
3784,E100803,2024-09-03,40500.0,41500,2.94,Market Adjustment,USD
3785,E100803,2025-11-03,41500.0,43500,4.45,Market Adjustment,USD
3786,E100804,2023-08-10,38000.0,42500,12.42,Promotion,USD
3787,E100804,2024-07-10,42500.0,44500,4.2,Merit Increase,USD
3788,E100805,2023-10-10,67500.0,71000,4.86,Market Adjustment,USD
3789,E100805,2024-11-10,71000.0,72500,2.35,Merit Increase,USD
3790,E100805,2025-08-10,72500.0,74000,1.8,Merit Increase,USD
3791,E100805,2026-07-10,74000.0,80000,7.99,Market Adjustment,USD
3792,E100807,2023-07-15,39500.0,41500,4.91,Market Adjustment,USD
3793,E100807,2024-07-15,41500.0,43000,4.01,Market Adjustment,USD
3794,E100808,2023-09-15,36000.0,37500,3.6,Merit Increase,USD
3795,E100808,2024-07-15,37500.0,39000,3.59,Merit Increase,USD
3796,E100808,2025-10-15,39000.0,44000,13.26,Promotion,USD
3797,E100809,2023-10-14,34000.0,34500,1.7,Merit Increase,USD
3798,E100809,2024-10-14,34500.0,35500,3.44,Merit Increase,USD
3799,E100809,2025-08-14,35500.0,37000,4.27,Merit Increase,USD
3800,E100812,2023-08-04,154000.0,158000,2.62,Merit Increase,USD
3801,E100812,2024-06-04,158000.0,163000,3.22,Market Adjustment,USD
3802,E100816,2023-07-02,70500.0,77000,9.34,Promotion,USD
3803,E100819,2023-10-15,93000.0,95000,2.19,Merit Increase,USD
3804,E100819,2024-12-15,95000.0,100500,5.58,Merit Increase,USD
3805,E100819,2025-12-15,100500.0,103500,3.18,Market Adjustment,USD
3806,E100820,2023-08-09,92000.0,94000,2.1,Merit Increase,USD
3807,E100820,2024-09-09,94000.0,96000,2.36,Market Adjustment,USD
3808,E100821,2024-02-01,191000.0,202500,6.05,Merit Increase,USD
3809,E100821,2025-03-01,202500.0,205500,1.55,Market Adjustment,USD
3810,E100821,2026-08-01,205500.0,231500,12.56,Promotion,USD
3811,E100822,2024-01-18,42000.0,43000,2.01,Market Adjustment,USD
3812,E100822,2024-10-18,43000.0,44000,2.52,Market Adjustment,USD
3813,E100822,2025-12-18,44000.0,47000,6.92,Market Adjustment,USD
3814,E100823,2023-07-06,57500.0,64000,11.1,Promotion,USD
3815,E100823,2024-07-06,64000.0,68000,6.33,Merit Increase,USD
3816,E100824,2024-03-27,78000.0,82500,5.56,Merit Increase,USD
3817,E100824,2025-05-27,82500.0,83500,1.3,Merit Increase,USD
3818,E100824,2026-05-27,83500.0,86500,3.88,Market Adjustment,USD
3819,E100825,2023-09-13,51500.0,53000,3.02,Merit Increase,USD
3820,E100825,2024-08-13,53000.0,56500,6.67,Market Adjustment,USD
3821,E100825,2025-09-13,56500.0,58500,3.19,Merit Increase,USD
3822,E100825,2026-06-13,58500.0,60000,2.71,Merit Increase,USD
3823,E100826,2023-09-15,74000.0,76000,2.9,Market Adjustment,USD
3824,E100826,2024-07-15,76000.0,79000,3.75,Market Adjustment,USD
3825,E100826,2025-08-15,79000.0,82000,3.78,Market Adjustment,USD
3826,E100826,2026-06-15,82000.0,85500,4.27,Market Adjustment,USD
3827,E100827,2023-11-24,40000.0,45500,13.37,Promotion,USD
3828,E100827,2024-12-24,45500.0,47500,4.48,Merit Increase,USD
3829,E100827,2026-02-24,47500.0,54000,13.62,Promotion,USD
3830,E100828,2024-01-06,39500.0,41000,4.15,Market Adjustment,USD
3831,E100828,2025-03-06,41000.0,42500,3.76,Merit Increase,USD
3832,E100828,2026-05-06,42500.0,43500,2.81,Merit Increase,USD
3833,E100829,2024-01-27,41500.0,43000,3.79,Merit Increase,USD
3834,E100829,2025-02-27,43000.0,45000,4.85,Merit Increase,USD
3835,E100829,2026-01-27,45000.0,46500,3.34,Merit Increase,USD
3836,E100830,2023-10-06,96500.0,99500,2.91,Merit Increase,USD
3837,E100830,2024-09-06,99500.0,103500,4.08,Market Adjustment,USD
3838,E100830,2025-06-06,103500.0,109000,5.48,Market Adjustment,USD
3839,E100831,2023-12-03,73000.0,82000,12.63,Promotion,USD
3840,E100831,2024-12-03,82000.0,92000,12.3,Promotion,USD
3841,E100831,2025-10-03,92000.0,94500,2.68,Market Adjustment,USD
3842,E100832,2023-12-06,74500.0,76500,2.99,Market Adjustment,USD
3843,E100833,2024-01-20,55000.0,57500,4.09,Merit Increase,USD
3844,E100833,2025-06-20,57500.0,58500,2.14,Merit Increase,USD
3845,E100833,2026-04-20,58500.0,62000,6.37,Market Adjustment,USD
3846,E100835,2023-09-14,23500.0,24000,2.77,Merit Increase,USD
3847,E100835,2024-10-14,24000.0,25000,3.5,Merit Increase,USD
3848,E100835,2025-10-14,25000.0,25500,1.12,Market Adjustment,USD
3849,E100836,2023-12-26,58000.0,59500,2.99,Merit Increase,USD
3850,E100836,2025-02-26,59500.0,62500,4.98,Merit Increase,USD
3851,E100836,2026-03-26,62500.0,64000,2.41,Market Adjustment,USD
3852,E100837,2023-12-18,46500.0,48000,3.65,Merit Increase,USD
3853,E100837,2024-11-18,48000.0,50500,4.77,Merit Increase,USD
3854,E100839,2024-01-21,65500.0,67000,2.12,Market Adjustment,USD
3855,E100839,2024-10-21,67000.0,71500,6.42,Promotion,USD
3856,E100839,2025-11-21,71500.0,73500,3.05,Market Adjustment,USD
3857,E100840,2024-02-07,44000.0,46000,4.02,Merit Increase,USD
3858,E100840,2025-01-07,46000.0,48000,4.12,Merit Increase,USD
3859,E100841,2023-12-27,50000.0,52500,5.08,Market Adjustment,USD
3860,E100841,2025-02-27,52500.0,54000,2.87,Market Adjustment,USD
3861,E100841,2026-01-27,54000.0,57000,5.58,Market Adjustment,USD
3862,E100842,2023-10-28,51500.0,53000,2.84,Market Adjustment,USD
3863,E100845,2023-12-24,39000.0,39500,1.67,Merit Increase,USD
3864,E100845,2024-11-24,39500.0,40500,2.99,Merit Increase,USD
3865,E100845,2025-10-24,40500.0,41500,2.14,Market Adjustment,USD
3866,E100846,2024-01-07,174500.0,185000,6.04,Market Adjustment,USD
3867,E100846,2025-01-07,185000.0,191500,3.44,Merit Increase,USD
3868,E100846,2025-12-07,191500.0,200000,4.47,Market Adjustment,USD
3869,E100847,2024-01-20,139000.0,142500,2.55,Merit Increase,USD
3870,E100847,2025-02-20,142500.0,148500,4.22,Merit Increase,USD
3871,E100848,2024-01-15,174500.0,179500,2.99,Market Adjustment,USD
3872,E100848,2024-11-15,179500.0,185000,3.05,Market Adjustment,USD
3873,E100848,2025-11-15,185000.0,193000,4.32,Merit Increase,USD
3874,E100850,2023-11-24,40500.0,41500,2.87,Merit Increase,USD
3875,E100850,2025-01-24,41500.0,43000,3.77,Market Adjustment,USD
3876,E100851,2024-02-04,62500.0,65000,4.1,Merit Increase,USD
3877,E100851,2025-02-04,65000.0,66500,2.21,Market Adjustment,USD
3878,E100851,2026-01-04,66500.0,72000,8.33,Promotion,USD
3879,E100852,2024-03-28,31500.0,32500,2.86,Market Adjustment,USD
3880,E100853,2024-03-06,24000.0,24500,2.61,Market Adjustment,USD
3881,E100853,2025-03-06,24500.0,25000,2.08,Merit Increase,USD
3882,E100853,2026-02-06,25000.0,28500,13.02,Promotion,USD
3883,E100855,2024-04-25,78500.0,80500,2.86,Market Adjustment,USD
3884,E100855,2025-06-25,80500.0,82500,2.26,Merit Increase,USD
3885,E100855,2026-06-25,82500.0,84500,2.41,Merit Increase,USD
3886,E100856,2024-05-04,129000.0,131000,1.59,Market Adjustment,USD
3887,E100856,2025-04-04,131000.0,131500,0.43,Merit Increase,USD
3888,E100856,2026-03-04,131500.0,135500,3.23,Merit Increase,USD
3889,E100857,2023-12-14,68500.0,73500,7.51,Promotion,USD
3890,E100857,2024-11-14,73500.0,76500,3.89,Market Adjustment,USD
3891,E100857,2026-01-14,76500.0,83500,9.09,Promotion,USD
3892,E100858,2024-01-16,76500.0,79500,4.01,Market Adjustment,USD
3893,E100858,2025-03-16,79500.0,81000,1.96,Merit Increase,USD
3894,E100858,2026-02-16,81000.0,81500,0.34,Market Adjustment,USD
3895,E100859,2023-12-27,105000.0,107000,2.02,Merit Increase,USD
3896,E100859,2024-12-27,107000.0,111000,3.95,Merit Increase,USD
3897,E100859,2025-12-27,111000.0,115500,3.92,Merit Increase,USD
3898,E100860,2024-03-20,115000.0,118500,3.2,Market Adjustment,USD
3899,E100860,2025-04-20,118500.0,119500,0.66,Merit Increase,USD
3900,E100860,2026-04-20,119500.0,125000,4.46,Market Adjustment,USD
3901,E100861,2024-03-11,76000.0,84000,10.4,Promotion,USD
3902,E100861,2025-05-11,84000.0,95500,13.66,Promotion,USD
3903,E100861,2026-02-11,95500.0,98000,2.51,Market Adjustment,USD
3904,E100862,2023-11-19,72500.0,75500,4.38,Market Adjustment,USD
3905,E100862,2025-01-19,75500.0,77500,2.74,Market Adjustment,USD
3906,E100862,2025-12-19,77500.0,80000,3.24,Merit Increase,USD
3907,E100863,2023-12-22,50000.0,50500,1.48,Merit Increase,USD
3908,E100863,2025-02-22,50500.0,53000,4.48,Merit Increase,USD
3909,E100863,2026-03-22,53000.0,55000,3.61,Market Adjustment,USD
3910,E100864,2023-12-03,35000.0,41000,16.58,Promotion,USD
3911,E100864,2025-04-03,41000.0,42000,2.75,Merit Increase,USD
3912,E100864,2026-07-03,42000.0,43500,4.01,Market Adjustment,USD
3913,E100865,2023-11-16,43500.0,45500,4.64,Merit Increase,USD
3914,E100865,2025-02-16,45500.0,47500,4.03,Market Adjustment,USD
3915,E100865,2026-03-16,47500.0,48500,2.18,Merit Increase,USD
3916,E100866,2024-04-21,57500.0,64000,11.14,Promotion,USD
3917,E100866,2025-04-21,64000.0,67500,5.38,Merit Increase,USD
3918,E100867,2024-04-28,62500.0,64000,2.1,Merit Increase,USD
3919,E100867,2025-05-28,64000.0,66000,2.86,Market Adjustment,USD
3920,E100867,2026-05-28,66000.0,67000,1.7,Merit Increase,USD
3921,E100868,2024-02-11,34500.0,36500,5.91,Market Adjustment,USD
3922,E100868,2025-02-11,36500.0,37500,2.78,Market Adjustment,USD
3923,E100868,2026-01-11,37500.0,41000,9.02,Promotion,USD
3924,E100870,2024-05-07,105500.0,108000,2.34,Market Adjustment,USD
3925,E100870,2025-06-07,108000.0,113500,5.32,Market Adjustment,USD
3926,E100871,2024-02-18,88000.0,90500,2.98,Market Adjustment,USD
3927,E100871,2025-01-18,90500.0,98000,8.41,Promotion,USD
3928,E100871,2026-03-18,98000.0,100000,1.81,Market Adjustment,USD
3929,E100872,2024-04-02,36500.0,37500,3.23,Market Adjustment,USD
3930,E100872,2025-09-02,37500.0,38000,1.53,Market Adjustment,USD
3931,E100872,2026-08-02,38000.0,38500,1.62,Market Adjustment,USD
3932,E100873,2024-02-27,27500.0,28000,1.55,Merit Increase,USD
3933,E100873,2024-12-27,28000.0,29000,4.0,Market Adjustment,USD
3934,E100873,2026-02-27,29000.0,29500,1.43,Merit Increase,USD
3935,E100874,2024-03-03,35000.0,36000,2.52,Market Adjustment,USD
3936,E100874,2025-07-03,36000.0,37000,3.42,Market Adjustment,USD
3937,E100874,2026-08-03,37000.0,38500,4.52,Market Adjustment,USD
3938,E100876,2024-06-27,24500.0,27000,9.26,Promotion,USD
3939,E100876,2025-06-27,27000.0,27500,2.01,Market Adjustment,USD
3940,E100877,2024-06-14,114000.0,118500,3.85,Market Adjustment,USD
3941,E100877,2025-10-14,118500.0,120500,1.66,Merit Increase,USD
3942,E100878,2024-02-20,51000.0,51500,1.39,Market Adjustment,USD
3943,E100878,2025-05-20,51500.0,54500,6.03,Merit Increase,USD
3944,E100878,2026-05-20,54500.0,56000,2.89,Merit Increase,USD
3945,E100879,2024-08-01,64500.0,66000,2.62,Market Adjustment,USD
3946,E100880,2024-05-14,81500.0,84000,2.77,Merit Increase,USD
3947,E100880,2025-06-14,84000.0,89500,6.34,Merit Increase,USD
3948,E100880,2026-07-14,89500.0,92500,3.21,Market Adjustment,USD
3949,E100881,2024-04-18,41500.0,44500,7.62,Promotion,USD
3950,E100881,2025-04-18,44500.0,46500,4.81,Market Adjustment,USD
3951,E100882,2024-02-25,74000.0,77500,4.7,Market Adjustment,USD
3952,E100882,2025-04-25,77500.0,80500,3.69,Market Adjustment,USD
3953,E100882,2026-07-25,80500.0,84500,4.88,Merit Increase,USD
3954,E100883,2024-01-20,191000.0,215500,12.92,Promotion,USD
3955,E100883,2025-01-20,215500.0,224000,4.0,Merit Increase,USD
3956,E100883,2025-12-20,224000.0,235000,4.88,Market Adjustment,USD
3957,E100884,2024-04-24,106000.0,112500,5.91,Promotion,USD
3958,E100884,2025-06-24,112500.0,117000,3.8,Market Adjustment,USD
3959,E100884,2026-03-24,117000.0,121000,3.5,Market Adjustment,USD
3960,E100885,2024-01-07,175500.0,182000,3.59,Market Adjustment,USD
3961,E100885,2025-02-07,182000.0,189000,3.85,Market Adjustment,USD
3962,E100886,2024-06-26,70500.0,72500,3.18,Merit Increase,USD
3963,E100886,2025-06-26,72500.0,75500,4.21,Merit Increase,USD
3964,E100887,2024-05-01,79500.0,81500,2.47,Market Adjustment,USD
3965,E100887,2025-05-01,81500.0,84000,3.37,Market Adjustment,USD
3966,E100887,2026-04-01,84000.0,86000,2.5,Merit Increase,USD
3967,E100888,2024-04-22,78000.0,87000,11.22,Promotion,USD
3968,E100888,2025-04-22,87000.0,91500,5.2,Market Adjustment,USD
3969,E100888,2026-01-22,91500.0,94500,3.24,Market Adjustment,USD
3970,E100890,2024-04-02,90000.0,90500,0.76,Market Adjustment,USD
3971,E100891,2024-06-25,118500.0,120000,1.4,Merit Increase,USD
3972,E100891,2025-06-25,120000.0,124500,3.61,Merit Increase,USD
3973,E100891,2026-05-25,124500.0,129000,3.64,Market Adjustment,USD
3974,E100892,2024-05-19,37000.0,38500,4.68,Market Adjustment,USD
3975,E100892,2025-08-19,38500.0,40500,5.14,Market Adjustment,USD
3976,E100893,2024-05-15,27000.0,27000,0.54,Merit Increase,USD
3977,E100893,2025-07-15,27000.0,28500,4.77,Market Adjustment,USD
3978,E100895,2024-08-01,38500.0,40000,4.3,Market Adjustment,USD
3979,E100895,2025-09-01,40000.0,47500,18.8,Promotion,USD
3980,E100896,2024-10-03,59000.0,60500,2.48,Market Adjustment,USD
3981,E100896,2025-10-03,60500.0,68500,13.28,Promotion,USD
3982,E100896,2026-07-03,68500.0,70500,3.14,Merit Increase,USD
3983,E100897,2024-05-16,39500.0,41000,3.5,Market Adjustment,USD
3984,E100897,2025-02-16,41000.0,45000,9.78,Promotion,USD
3985,E100897,2026-01-16,45000.0,47000,4.63,Merit Increase,USD
3986,E100898,2024-04-01,180000.0,183500,2.08,Market Adjustment,USD
3987,E100898,2025-08-01,183500.0,186500,1.52,Market Adjustment,USD
3988,E100899,2024-07-26,65500.0,69000,5.17,Merit Increase,USD
3989,E100899,2025-08-26,69000.0,71000,2.71,Merit Increase,USD
3990,E100899,2026-06-26,71000.0,72500,1.79,Merit Increase,USD
3991,E100900,2024-06-28,66500.0,69500,4.72,Market Adjustment,USD
3992,E100902,2024-07-21,34000.0,39000,15.17,Promotion,USD
3993,E100904,2024-04-13,89500.0,92500,3.57,Market Adjustment,USD
3994,E100905,2024-08-24,82500.0,85500,3.89,Merit Increase,USD
3995,E100905,2025-11-24,85500.0,90500,5.75,Market Adjustment,USD
3996,E100907,2024-08-01,79000.0,81500,3.28,Market Adjustment,USD
3997,E100907,2025-09-01,81500.0,84000,3.12,Merit Increase,USD
3998,E100907,2026-08-01,84000.0,87500,3.88,Promotion,USD
3999,E100908,2024-04-14,19500.0,20500,4.28,Market Adjustment,USD
4000,E100909,2024-09-18,19000.0,20000,6.11,Merit Increase,USD
4001,E100909,2025-09-18,20000.0,20500,2.72,Market Adjustment,USD
4002,E100909,2026-08-18,20500.0,21500,4.17,Merit Increase,USD
4003,E100910,2024-06-06,56500.0,57500,2.1,Merit Increase,USD
4004,E100910,2025-07-06,57500.0,66500,15.99,Promotion,USD
4005,E100910,2026-06-06,66500.0,69000,3.52,Merit Increase,USD
4006,E100911,2024-09-17,122500.0,140000,14.46,Promotion,USD
4007,E100911,2025-11-17,140000.0,146000,4.11,Merit Increase,USD
4008,E100912,2024-08-23,57500.0,60000,3.93,Merit Increase,USD
4009,E100913,2024-08-05,40000.0,47500,18.63,Promotion,USD
4010,E100914,2024-07-08,34000.0,34500,1.5,Market Adjustment,USD
4011,E100914,2025-07-08,34500.0,35000,1.74,Merit Increase,USD
4012,E100914,2026-08-08,35000.0,36000,2.46,Merit Increase,USD
4013,E100916,2024-09-26,59000.0,61000,3.18,Merit Increase,USD
4014,E100916,2025-12-26,61000.0,63000,3.36,Merit Increase,USD
4015,E100918,2024-05-27,96500.0,101000,4.62,Market Adjustment,USD
4016,E100919,2024-09-24,23500.0,26000,9.7,Promotion,USD
4017,E100919,2025-09-24,26000.0,27000,4.34,Market Adjustment,USD
4018,E100920,2024-06-18,75500.0,76500,1.43,Merit Increase,USD
4019,E100920,2025-06-18,76500.0,80500,5.29,Market Adjustment,USD
4020,E100920,2026-07-18,80500.0,84500,5.24,Market Adjustment,USD
4021,E100921,2024-07-12,85000.0,94500,11.22,Promotion,USD
4022,E100921,2025-05-12,94500.0,96000,1.77,Merit Increase,USD
4023,E100921,2026-04-12,96000.0,99000,2.92,Merit Increase,USD
4024,E100925,2024-09-19,70000.0,74000,5.87,Market Adjustment,USD
4025,E100925,2026-02-19,74000.0,76500,3.08,Merit Increase,USD
4026,E100927,2024-10-19,79000.0,83500,5.62,Market Adjustment,USD
4027,E100927,2025-10-19,83500.0,95000,13.84,Promotion,USD
4028,E100928,2024-11-17,29000.0,31500,8.33,Promotion,USD
4029,E100928,2025-09-17,31500.0,33000,4.4,Merit Increase,USD
4030,E100929,2024-10-13,65000.0,68500,5.09,Market Adjustment,USD
4031,E100929,2025-09-13,68500.0,76000,10.79,Promotion,USD
4032,E100929,2026-06-13,76000.0,77500,1.71,Merit Increase,USD
4033,E100930,2024-08-23,64000.0,68000,6.29,Market Adjustment,USD
4034,E100931,2024-09-05,38000.0,42000,10.25,Promotion,USD
4035,E100932,2024-09-03,51500.0,53500,3.56,Market Adjustment,USD
4036,E100932,2025-10-03,53500.0,54500,1.48,Merit Increase,USD
4037,E100933,2024-09-01,53500.0,55500,4.18,Merit Increase,USD
4038,E100933,2025-11-01,55500.0,57000,3.15,Merit Increase,USD
4039,E100934,2024-07-25,89000.0,95000,6.49,Market Adjustment,USD
4040,E100934,2025-11-25,95000.0,104500,10.0,Promotion,USD
4041,E100935,2024-06-26,93500.0,97500,4.51,Market Adjustment,USD
4042,E100935,2025-05-26,97500.0,98500,1.06,Market Adjustment,USD
4043,E100935,2026-06-26,98500.0,100500,2.14,Merit Increase,USD
4044,E100936,2024-11-12,71000.0,82500,15.9,Promotion,USD
4045,E100936,2025-12-12,82500.0,87000,5.39,Merit Increase,USD
4046,E100937,2024-11-21,72000.0,75000,3.86,Merit Increase,USD
4047,E100937,2025-12-21,75000.0,81000,8.17,Promotion,USD
4048,E100938,2024-12-01,42000.0,43500,3.12,Merit Increase,USD
4049,E100938,2025-09-01,43500.0,45000,3.48,Market Adjustment,USD
4050,E100939,2024-10-21,85500.0,89000,3.9,Merit Increase,USD
4051,E100939,2025-11-21,89000.0,91500,3.02,Merit Increase,USD
4052,E100940,2024-09-14,30500.0,31500,3.8,Merit Increase,USD
4053,E100941,2024-11-14,50000.0,51500,2.76,Market Adjustment,USD
4054,E100942,2024-10-22,33500.0,35500,5.34,Market Adjustment,USD
4055,E100943,2024-12-15,40000.0,40000,0.17,Market Adjustment,USD
4056,E100944,2024-12-27,39500.0,41000,4.0,Market Adjustment,USD
4057,E100944,2025-10-27,41000.0,42500,3.78,Market Adjustment,USD
4058,E100945,2024-07-22,109500.0,114000,3.92,Market Adjustment,USD
4059,E100945,2025-12-22,114000.0,116500,2.3,Merit Increase,USD
4060,E100946,2024-06-22,59000.0,60500,2.95,Market Adjustment,USD
4061,E100946,2025-08-22,60500.0,62000,2.72,Market Adjustment,USD
4062,E100947,2025-04-05,79000.0,84000,6.21,Merit Increase,USD
4063,E100947,2026-03-05,84000.0,87500,3.97,Merit Increase,USD
4064,E100948,2024-08-20,84500.0,88000,4.02,Market Adjustment,USD
4065,E100948,2025-06-20,88000.0,88500,0.66,Market Adjustment,USD
4066,E100948,2026-04-20,88500.0,92000,3.9,Merit Increase,USD
4067,E100950,2024-09-02,79500.0,83000,4.64,Market Adjustment,USD
4068,E100950,2025-09-02,83000.0,87000,5.1,Market Adjustment,USD
4069,E100951,2024-07-06,63500.0,65000,2.53,Merit Increase,USD
4070,E100951,2025-09-06,65000.0,68000,4.72,Merit Increase,USD
4071,E100952,2024-07-20,93000.0,96500,3.82,Merit Increase,USD
4072,E100952,2025-04-20,96500.0,104500,8.5,Promotion,USD
4073,E100952,2026-07-20,104500.0,107500,2.81,Market Adjustment,USD
4074,E100953,2024-10-02,78000.0,88500,13.73,Promotion,USD
4075,E100953,2025-10-02,88500.0,93500,5.7,Market Adjustment,USD
4076,E100954,2024-08-16,45500.0,47500,4.21,Market Adjustment,USD
4077,E100954,2025-07-16,47500.0,49500,4.22,Merit Increase,USD
4078,E100955,2024-08-06,40500.0,42000,3.99,Merit Increase,USD
4079,E100955,2025-10-06,42000.0,43000,2.51,Merit Increase,USD
4080,E100956,2024-07-25,20000.0,20500,3.5,Merit Increase,USD
4081,E100956,2025-06-25,20500.0,21000,2.03,Market Adjustment,USD
4082,E100956,2026-06-25,21000.0,21500,2.83,Merit Increase,USD
4083,E100957,2025-02-10,34000.0,38000,11.44,Promotion,USD
4084,E100957,2026-03-10,38000.0,41500,9.31,Promotion,USD
4085,E100959,2024-09-27,41000.0,43500,5.74,Merit Increase,USD
4086,E100959,2025-11-27,43500.0,44500,2.78,Merit Increase,USD
4087,E100960,2024-08-25,69000.0,71000,2.89,Merit Increase,USD
4088,E100960,2025-09-25,71000.0,80500,13.37,Promotion,USD
4089,E100961,2024-12-09,37500.0,41500,10.26,Promotion,USD
4090,E100962,2024-12-10,18500.0,19000,3.44,Market Adjustment,USD
4091,E100962,2026-01-10,19000.0,19500,2.6,Market Adjustment,USD
4092,E100963,2024-08-17,125500.0,131000,4.55,Merit Increase,USD
4093,E100963,2025-08-17,131000.0,133500,1.88,Merit Increase,USD
4094,E100963,2026-07-17,133500.0,141500,5.98,Market Adjustment,USD
4095,E100964,2024-12-26,42000.0,46000,9.46,Promotion,USD
4096,E100964,2025-10-26,46000.0,47500,3.56,Merit Increase,USD
4097,E100965,2025-02-24,36000.0,38000,5.54,Market Adjustment,USD
4098,E100965,2026-04-24,38000.0,43000,12.69,Promotion,USD
4099,E100966,2025-01-26,35000.0,37000,5.0,Merit Increase,USD
4100,E100966,2026-04-26,37000.0,38500,3.4,Market Adjustment,USD
4101,E100967,2024-11-26,65000.0,67500,3.5,Merit Increase,USD
4102,E100967,2026-02-26,67500.0,69500,2.77,Merit Increase,USD
4103,E100968,2025-03-07,19500.0,21500,9.81,Promotion,USD
4104,E100969,2025-03-16,108500.0,113000,4.06,Merit Increase,USD
4105,E100969,2026-07-16,113000.0,117000,3.59,Market Adjustment,USD
4106,E100970,2024-10-02,95000.0,99500,4.68,Merit Increase,USD
4107,E100971,2024-10-14,58000.0,59500,2.82,Merit Increase,USD
4108,E100971,2025-10-14,59500.0,62000,4.38,Market Adjustment,USD
4109,E100972,2024-10-14,72500.0,74500,3.03,Market Adjustment,USD
4110,E100972,2025-11-14,74500.0,78000,4.48,Merit Increase,USD
4111,E100973,2024-12-08,60500.0,62000,2.41,Market Adjustment,USD
4112,E100973,2025-11-08,62000.0,63500,2.04,Merit Increase,USD
4113,E100973,2026-08-08,63500.0,66000,4.23,Market Adjustment,USD
4114,E100974,2025-03-19,30500.0,32000,4.96,Market Adjustment,USD
4115,E100975,2024-11-09,78000.0,80500,3.04,Merit Increase,USD
4116,E100975,2026-01-09,80500.0,86500,7.17,Promotion,USD
4117,E100976,2024-11-08,82500.0,85000,2.75,Merit Increase,USD
4118,E100976,2026-03-08,85000.0,90000,5.93,Merit Increase,USD
4119,E100977,2025-05-18,68500.0,71500,4.51,Market Adjustment,USD
4120,E100978,2024-11-15,99000.0,102000,2.98,Market Adjustment,USD
4121,E100978,2025-11-15,102000.0,105000,2.91,Merit Increase,USD
4122,E100979,2024-11-28,56000.0,57000,1.56,Merit Increase,USD
4123,E100980,2025-02-08,82500.0,84000,2.06,Market Adjustment,USD
4124,E100980,2026-03-08,84000.0,87000,3.57,Merit Increase,USD
4125,E100981,2025-01-10,51500.0,55500,7.72,Promotion,USD
4126,E100982,2024-12-27,42000.0,44500,6.4,Market Adjustment,USD
4127,E100982,2025-10-27,44500.0,45500,1.98,Merit Increase,USD
4128,E100982,2026-07-27,45500.0,47000,3.62,Market Adjustment,USD
4129,E100983,2024-11-09,63000.0,65000,3.54,Merit Increase,USD
4130,E100983,2025-11-09,65000.0,65000,0.38,Market Adjustment,USD
4131,E100985,2025-04-01,37000.0,39000,6.0,Promotion,USD
4132,E100985,2026-07-01,39000.0,41000,4.7,Merit Increase,USD
4133,E100986,2024-10-04,23000.0,24000,4.0,Market Adjustment,USD
4134,E100986,2025-07-04,24000.0,27000,11.94,Promotion,USD
4135,E100986,2026-06-04,27000.0,29500,8.45,Promotion,USD
4136,E100987,2025-07-19,20000.0,21000,5.69,Market Adjustment,USD
4137,E100987,2026-07-19,21000.0,22000,3.94,Market Adjustment,USD
4138,E100988,2025-02-08,57500.0,66500,15.83,Promotion,USD
4139,E100988,2026-03-08,66500.0,69500,4.29,Merit Increase,USD
4140,E100989,2025-02-04,35500.0,38500,7.87,Promotion,USD
4141,E100989,2026-01-04,38500.0,40000,3.97,Merit Increase,USD
4142,E100990,2024-12-13,17500.0,19000,8.93,Promotion,USD
4143,E100992,2024-11-12,70500.0,71500,1.53,Merit Increase,USD
4144,E100992,2025-11-12,71500.0,74500,4.35,Merit Increase,USD
4145,E100993,2025-03-13,31500.0,32500,3.64,Market Adjustment,USD
4146,E100994,2025-06-15,128000.0,131000,2.18,Market Adjustment,USD
4147,E100994,2026-06-15,131000.0,133000,1.65,Merit Increase,USD
4148,E100995,2025-02-17,37000.0,38500,3.86,Market Adjustment,USD
4149,E100996,2025-05-25,47500.0,48000,1.27,Market Adjustment,USD
4150,E100997,2024-11-15,50500.0,51500,1.79,Market Adjustment,USD
4151,E100998,2025-02-22,31000.0,33000,5.78,Market Adjustment,USD
4152,E100998,2026-03-22,33000.0,34000,3.44,Merit Increase,USD
4153,E101000,2025-02-12,100000.0,106000,6.08,Promotion,USD
4154,E101001,2025-04-13,131000.0,135000,3.23,Market Adjustment,USD
4155,E101001,2026-08-13,135000.0,141500,4.77,Market Adjustment,USD
4156,E101002,2025-02-16,85500.0,96000,12.49,Promotion,USD
4157,E101002,2026-03-16,96000.0,101000,5.16,Market Adjustment,USD
4158,E101003,2025-04-20,18000.0,19000,4.42,Merit Increase,USD
4159,E101004,2025-02-09,46500.0,47500,2.67,Market Adjustment,USD
4160,E101004,2025-12-09,47500.0,49500,4.64,Market Adjustment,USD
4161,E101005,2025-07-10,51000.0,53500,4.48,Merit Increase,USD
4162,E101005,2026-08-10,53500.0,56500,5.84,Market Adjustment,USD
4163,E101006,2024-12-14,75000.0,78500,4.91,Merit Increase,USD
4164,E101006,2026-01-14,78500.0,87000,10.6,Promotion,USD
4165,E101007,2025-02-18,64500.0,66500,3.49,Market Adjustment,USD
4166,E101007,2026-03-18,66500.0,69500,4.55,Market Adjustment,USD
4167,E101009,2025-04-16,70000.0,72500,3.6,Market Adjustment,USD
4168,E101009,2026-03-16,72500.0,75500,4.2,Merit Increase,USD
4169,E101010,2025-06-28,54000.0,55500,2.84,Market Adjustment,USD
4170,E101010,2026-03-28,55500.0,57000,2.58,Merit Increase,USD
4171,E101011,2025-05-14,38000.0,39000,2.51,Market Adjustment,USD
4172,E101011,2026-04-14,39000.0,40000,2.96,Market Adjustment,USD
4173,E101012,2025-05-13,99000.0,102000,2.89,Market Adjustment,USD
4174,E101012,2026-03-13,102000.0,106500,4.17,Merit Increase,USD
4175,E101013,2025-07-23,105000.0,110500,5.17,Market Adjustment,USD
4176,E101013,2026-05-23,110500.0,117000,6.1,Market Adjustment,USD
4177,E101015,2025-04-27,32000.0,32000,0.0,Merit Increase,USD
4178,E101015,2026-05-27,32000.0,33000,3.69,Merit Increase,USD
4179,E101016,2025-02-27,64000.0,67000,4.98,Merit Increase,USD
4180,E101017,2025-06-16,166500.0,169000,1.47,Merit Increase,USD
4181,E101017,2026-06-16,169000.0,172000,1.77,Market Adjustment,USD
4182,E101018,2025-03-18,66500.0,74500,11.66,Promotion,USD
4183,E101018,2026-02-18,74500.0,77000,3.15,Market Adjustment,USD
4184,E101021,2025-05-19,107500.0,114000,5.9,Market Adjustment,USD
4185,E101022,2025-02-23,57000.0,58500,2.77,Market Adjustment,USD
4186,E101022,2026-03-23,58500.0,62500,6.59,Market Adjustment,USD
4187,E101023,2025-05-10,62500.0,64500,3.14,Market Adjustment,USD
4188,E101023,2026-05-10,64500.0,67000,3.82,Merit Increase,USD
4189,E101024,2025-06-08,58500.0,62000,6.27,Market Adjustment,USD
4190,E101024,2026-07-08,62000.0,65000,5.24,Market Adjustment,USD
4191,E101025,2025-06-07,60000.0,62500,4.2,Merit Increase,USD
4192,E101025,2026-03-07,62500.0,64500,3.26,Merit Increase,USD
4193,E101026,2025-04-09,81500.0,88500,8.61,Promotion,USD
4194,E101026,2026-04-09,88500.0,92000,4.0,Market Adjustment,USD
4195,E101027,2025-06-10,74000.0,76000,2.98,Market Adjustment,USD
4196,E101028,2025-06-17,149500.0,152000,1.59,Market Adjustment,USD
4197,E101028,2026-08-17,152000.0,167500,10.19,Promotion,USD
4198,E101030,2025-05-02,70000.0,77000,9.77,Promotion,USD
4199,E101032,2025-10-23,102500.0,108500,5.99,Merit Increase,USD
4200,E101033,2025-10-20,45000.0,47000,4.06,Market Adjustment,USD
4201,E101034,2025-05-16,74500.0,77500,4.21,Merit Increase,USD
4202,E101035,2025-09-25,65500.0,71000,8.61,Promotion,USD
4203,E101037,2025-08-25,96000.0,100000,4.2,Merit Increase,USD
4204,E101038,2025-09-22,50500.0,51500,2.42,Market Adjustment,USD
4205,E101039,2025-07-13,92500.0,99500,7.59,Promotion,USD
4206,E101040,2025-08-11,39000.0,41000,4.96,Merit Increase,USD
4207,E101041,2025-04-28,64500.0,66000,2.24,Market Adjustment,USD
4208,E101041,2026-05-28,66000.0,68500,3.41,Merit Increase,USD
4209,E101045,2025-04-04,134500.0,139000,3.47,Merit Increase,USD
4210,E101045,2026-05-04,139000.0,146500,5.47,Merit Increase,USD
4211,E101046,2025-09-19,40500.0,42000,4.09,Merit Increase,USD
4212,E101047,2025-06-04,22000.0,23000,4.66,Merit Increase,USD
4213,E101047,2026-04-04,23000.0,24500,6.59,Merit Increase,USD
4214,E101048,2025-06-04,63000.0,64500,2.2,Merit Increase,USD
4215,E101048,2026-08-04,64500.0,71500,10.9,Promotion,USD
4216,E101049,2025-12-05,52000.0,54500,4.96,Market Adjustment,USD
4217,E101050,2025-07-04,28500.0,29000,2.35,Merit Increase,USD
4218,E101050,2026-05-04,29000.0,30000,3.55,Market Adjustment,USD
4219,E101051,2025-08-16,76000.0,80500,6.13,Market Adjustment,USD
4220,E101051,2026-05-16,80500.0,83000,2.82,Merit Increase,USD
4221,E101052,2025-09-08,126000.0,131000,4.04,Market Adjustment,USD
4222,E101052,2026-06-08,131000.0,134000,2.25,Market Adjustment,USD
4223,E101055,2025-07-07,74000.0,76500,3.32,Merit Increase,USD
4224,E101056,2025-09-16,33000.0,34000,3.2,Merit Increase,USD
4225,E101057,2025-09-12,71500.0,81500,13.67,Promotion,USD
4226,E101057,2026-08-12,81500.0,83500,2.76,Market Adjustment,USD
4227,E101058,2025-06-17,55000.0,57000,3.39,Merit Increase,USD
4228,E101059,2025-07-07,43000.0,45000,4.99,Market Adjustment,USD
4229,E101059,2026-08-07,45000.0,46500,3.77,Market Adjustment,USD
4230,E101060,2025-09-16,58500.0,61000,4.03,Merit Increase,USD
4231,E101061,2025-08-10,140000.0,147500,5.27,Merit Increase,USD
4232,E101061,2026-06-10,147500.0,151500,2.76,Market Adjustment,USD
4233,E101062,2025-08-17,29000.0,30000,3.24,Merit Increase,USD
4234,E101062,2026-06-17,30000.0,31000,2.87,Market Adjustment,USD
4235,E101064,2025-10-10,58000.0,60000,3.41,Market Adjustment,USD
4236,E101066,2025-09-18,174000.0,182500,4.93,Market Adjustment,USD
4237,E101068,2025-07-09,16500.0,17500,5.69,Merit Increase,USD
4238,E101069,2025-09-21,41500.0,43000,3.37,Market Adjustment,USD
4239,E101070,2025-06-24,87000.0,90000,3.34,Market Adjustment,USD
4240,E101071,2025-07-19,176500.0,182500,3.48,Market Adjustment,USD
4241,E101072,2025-07-07,63000.0,69500,10.52,Promotion,USD
4242,E101072,2026-07-07,69500.0,72000,3.25,Market Adjustment,USD
4243,E101073,2025-12-25,65500.0,68000,3.57,Market Adjustment,USD
4244,E101074,2025-10-12,41500.0,42500,1.97,Merit Increase,USD
4245,E101075,2026-03-03,30000.0,31500,4.4,Merit Increase,USD
4246,E101076,2025-11-20,117500.0,120500,2.46,Merit Increase,USD
4247,E101077,2025-11-11,31000.0,32000,2.48,Merit Increase,USD
4248,E101078,2026-02-15,38000.0,39000,2.28,Market Adjustment,USD
4249,E101079,2025-08-11,21500.0,22000,3.37,Market Adjustment,USD
4250,E101079,2026-06-11,22000.0,22500,2.23,Merit Increase,USD
4251,E101080,2025-11-28,40500.0,44000,8.81,Promotion,USD
4252,E101081,2026-01-06,64000.0,64500,0.69,Merit Increase,USD
4253,E101083,2026-01-13,44500.0,46000,3.07,Market Adjustment,USD
4254,E101084,2025-12-08,47500.0,48000,1.13,Merit Increase,USD
4255,E101085,2026-02-04,46000.0,47500,3.06,Merit Increase,USD
4256,E101086,2025-12-28,44000.0,44000,0.0,Market Adjustment,USD
4257,E101087,2025-12-01,26000.0,27500,5.98,Merit Increase,USD
4258,E101089,2025-10-15,43000.0,45000,4.57,Merit Increase,USD
4259,E101090,2026-01-19,91500.0,93000,1.76,Merit Increase,USD
4260,E101091,2025-11-21,96000.0,97500,1.79,Merit Increase,USD
4261,E101092,2025-12-22,34500.0,35000,1.65,Merit Increase,USD
4262,E101093,2025-11-07,43500.0,45000,3.21,Merit Increase,USD
4263,E101094,2026-04-01,40500.0,42000,3.85,Market Adjustment,USD
4264,E101095,2026-02-16,88000.0,88500,0.35,Market Adjustment,USD
4265,E101096,2026-01-27,63500.0,66000,3.94,Merit Increase,USD
4266,E101098,2026-02-04,153000.0,160500,4.8,Merit Increase,USD
4267,E101099,2026-04-17,61500.0,63000,2.7,Merit Increase,USD
4268,E101100,2026-05-24,145000.0,152000,4.74,Market Adjustment,USD
4269,E101101,2026-01-04,84500.0,88500,4.98,Merit Increase,USD
4270,E101102,2026-01-16,49000.0,49500,1.09,Market Adjustment,USD
4271,E101103,2026-02-17,47000.0,49000,3.99,Merit Increase,USD
4272,E101104,2025-12-07,133500.0,137000,2.59,Merit Increase,USD
4273,E101106,2025-10-02,30500.0,30500,0.72,Merit Increase,USD
4274,E101106,2026-07-02,30500.0,31500,3.29,Market Adjustment,USD
4275,E101108,2025-11-26,37500.0,38000,0.93,Merit Increase,USD
4276,E101109,2026-03-06,19000.0,21500,12.74,Promotion,USD
4277,E101110,2026-03-04,90500.0,101000,11.54,Promotion,USD
4278,E101111,2025-12-09,48500.0,49500,2.16,Merit Increase,USD
4279,E101112,2026-04-04,35500.0,40000,12.56,Promotion,USD
4280,E101113,2026-01-22,33500.0,38000,12.8,Promotion,USD
4281,E101114,2026-03-15,23500.0,25000,6.47,Merit Increase,USD
4282,E101115,2026-02-25,40500.0,41000,1.22,Merit Increase,USD
4283,E101116,2026-01-15,81500.0,85000,4.24,Merit Increase,USD
4284,E101117,2026-05-13,44000.0,49500,12.11,Promotion,USD
4285,E101118,2026-05-20,53500.0,56000,4.39,Merit Increase,USD
4286,E101120,2026-02-18,35500.0,37500,6.15,Merit Increase,USD
4287,E101125,2026-02-21,40500.0,41500,2.72,Market Adjustment,USD
4288,E101126,2026-05-26,129000.0,133500,3.31,Market Adjustment,USD
4289,E101127,2026-02-21,120500.0,124000,2.96,Merit Increase,USD
4290,E101128,2026-03-01,55500.0,57000,2.33,Market Adjustment,USD
4291,E101129,2026-02-21,47000.0,47500,1.48,Market Adjustment,USD
4292,E101130,2025-12-14,126000.0,133000,5.53,Merit Increase,USD
4293,E101132,2025-12-08,90500.0,93500,3.52,Market Adjustment,USD
4294,E101133,2026-04-15,38000.0,39000,2.34,Merit Increase,USD
4295,E101134,2026-07-06,66000.0,68000,2.72,Market Adjustment,USD
4296,E101135,2026-03-28,55500.0,57500,3.29,Market Adjustment,USD
4297,E101136,2026-02-15,111500.0,115500,3.71,Merit Increase,USD
4298,E101137,2026-05-01,24000.0,25500,5.22,Market Adjustment,USD
4299,E101138,2026-05-11,124500.0,133000,6.77,Merit Increase,USD
4300,E101139,2026-04-08,67500.0,68500,1.68,Merit Increase,USD
4301,E101140,2026-07-27,59000.0,62500,6.07,Market Adjustment,USD
4302,E101141,2026-03-26,70000.0,74000,5.87,Market Adjustment,USD
4303,E101142,2026-03-26,99500.0,104500,4.96,Merit Increase,USD
4304,E101144,2026-07-16,25000.0,25000,0.52,Market Adjustment,USD
4305,E101145,2026-06-21,55000.0,58500,5.94,Market Adjustment,USD
4306,E101146,2026-02-03,20000.0,21000,5.69,Merit Increase,USD
4307,E101147,2026-04-22,46500.0,47500,2.1,Merit Increase,USD
4308,E101148,2026-06-16,71000.0,75000,5.61,Merit Increase,USD
4309,E101150,2026-07-19,104500.0,107000,2.31,Merit Increase,USD
4310,E101151,2026-03-12,68500.0,73000,6.56,Market Adjustment,USD
4311,E101152,2026-04-10,119000.0,123500,3.59,Market Adjustment,USD
4312,E101153,2026-05-19,97000.0,99000,2.0,Merit Increase,USD
4313,E101154,2026-03-14,29000.0,30500,5.8,Merit Increase,USD
4314,E101157,2026-07-05,25000.0,25500,2.14,Merit Increase,USD
4315,E101158,2026-04-25,39000.0,44000,12.36,Promotion,USD
4316,E101159,2026-07-13,136500.0,142500,4.33,Merit Increase,USD
4317,E101160,2026-07-02,19000.0,22500,18.82,Promotion,USD
4318,E101161,2026-07-01,16500.0,19000,14.53,Promotion,USD
4319,E101162,2026-08-17,61500.0,64000,3.91,Merit Increase,USD
4320,E101163,2026-03-11,68000.0,72000,6.1,Merit Increase,USD
4321,E101165,2026-07-12,69000.0,74500,8.17,Market Adjustment,USD
4322,E101167,2026-07-06,39000.0,41000,4.6,Merit Increase,USD
4323,E101171,2026-08-02,20500.0,21500,4.35,Merit Increase,USD
4324,E101172,2026-05-09,32500.0,34000,4.19,Market Adjustment,USD
4325,E101173,2026-08-03,99000.0,103500,4.65,Merit Increase,USD
4326,E101174,2026-07-23,136000.0,141000,3.57,Merit Increase,USD
4327,E101176,2026-05-17,77500.0,85500,10.49,Promotion,USD
4328,E101177,2026-07-14,74500.0,81000,8.81,Promotion,USD
4329,E101180,2026-06-19,64000.0,70500,10.2,Promotion,USD
4330,E101181,2026-05-19,53000.0,54500,2.43,Merit Increase,USD
4331,E101182,2026-06-24,46500.0,48000,3.14,Merit Increase,USD
4332,E101183,2026-08-06,80000.0,83000,3.53,Merit Increase,USD
4333,E101191,2026-06-12,71000.0,72000,1.64,Merit Increase,USD
4334,E101198,2026-08-17,90000.0,99000,9.79,Promotion,USD
4335,E101202,2026-08-02,74000.0,76500,3.42,Merit Increase,USD
