ReviewID,EmployeeID,ReviewPeriod,ReviewDate,Rating,RatingLabel,GoalAchievementPct,PromotionRecommended,ManagerEmployeeID
1,E100001,2021 H1,2021-06-15,4,Exceeds Expectations,85,True,E100073
2,E100001,2021 H2,2021-12-15,4,Exceeds Expectations,80,False,E100073
3,E100001,2022 H1,2022-06-15,4,Exceeds Expectations,61,False,E100073
4,E100001,2022 H2,2022-12-15,2,Needs Improvement,46,False,E100073
5,E100001,2023 H1,2023-06-15,4,Exceeds Expectations,73,False,E100073
6,E100001,2023 H2,2023-12-15,3,Meets Expectations,50,False,E100073
7,E100001,2024 H1,2024-06-15,5,Outstanding,81,False,E100073
8,E100001,2024 H2,2024-12-15,3,Meets Expectations,46,False,E100073
9,E100001,2025 H1,2025-06-15,2,Needs Improvement,37,False,E100073
10,E100001,2025 H2,2025-12-15,4,Exceeds Expectations,61,False,E100073
11,E100001,2026 H1,2026-06-15,3,Meets Expectations,42,False,E100073
12,E100002,2021 H1,2021-06-15,4,Exceeds Expectations,67,False,E100110
13,E100002,2021 H2,2021-12-15,1,Unsatisfactory,30,False,E100110
14,E100002,2022 H1,2022-06-15,4,Exceeds Expectations,83,False,E100110
15,E100002,2022 H2,2022-12-15,4,Exceeds Expectations,62,True,E100110
16,E100002,2023 H1,2023-06-15,2,Needs Improvement,30,False,E100110
17,E100002,2023 H2,2023-12-15,4,Exceeds Expectations,81,True,E100110
18,E100002,2024 H1,2024-06-15,3,Meets Expectations,65,False,E100110
19,E100002,2024 H2,2024-12-15,4,Exceeds Expectations,67,False,E100110
20,E100002,2025 H1,2025-06-15,3,Meets Expectations,41,False,E100110
21,E100002,2025 H2,2025-12-15,3,Meets Expectations,47,False,E100110
22,E100002,2026 H1,2026-06-15,2,Needs Improvement,30,False,E100110
23,E100003,2021 H1,2021-06-15,5,Outstanding,85,False,E100124
24,E100003,2021 H2,2021-12-15,5,Outstanding,90,True,E100124
25,E100003,2022 H1,2022-06-15,3,Meets Expectations,59,False,E100124
26,E100003,2022 H2,2022-12-15,1,Unsatisfactory,38,False,E100124
27,E100003,2023 H1,2023-06-15,4,Exceeds Expectations,74,False,E100124
28,E100003,2023 H2,2023-12-15,4,Exceeds Expectations,72,False,E100124
29,E100003,2024 H1,2024-06-15,3,Meets Expectations,53,False,E100124
30,E100003,2024 H2,2024-12-15,3,Meets Expectations,45,False,E100124
31,E100003,2025 H1,2025-06-15,3,Meets Expectations,56,False,E100124
32,E100003,2025 H2,2025-12-15,4,Exceeds Expectations,86,False,E100124
33,E100003,2026 H1,2026-06-15,3,Meets Expectations,46,False,E100124
34,E100004,2021 H1,2021-06-15,2,Needs Improvement,40,False,E100078
35,E100004,2021 H2,2021-12-15,5,Outstanding,86,False,E100078
36,E100004,2022 H1,2022-06-15,3,Meets Expectations,62,False,E100078
37,E100004,2022 H2,2022-12-15,2,Needs Improvement,52,False,E100078
38,E100004,2023 H1,2023-06-15,3,Meets Expectations,57,False,E100078
39,E100004,2023 H2,2023-12-15,3,Meets Expectations,30,False,E100078
40,E100004,2024 H1,2024-06-15,3,Meets Expectations,50,False,E100078
41,E100004,2024 H2,2024-12-15,4,Exceeds Expectations,83,True,E100078
42,E100005,2021 H1,2021-06-15,4,Exceeds Expectations,65,True,E100019
43,E100005,2021 H2,2021-12-15,5,Outstanding,90,True,E100019
44,E100005,2022 H1,2022-06-15,5,Outstanding,98,False,E100019
45,E100005,2022 H2,2022-12-15,3,Meets Expectations,64,False,E100019
46,E100005,2023 H1,2023-06-15,4,Exceeds Expectations,72,False,E100019
47,E100005,2023 H2,2023-12-15,3,Meets Expectations,62,False,E100019
48,E100005,2024 H1,2024-06-15,4,Exceeds Expectations,67,False,E100019
49,E100005,2024 H2,2024-12-15,4,Exceeds Expectations,68,False,E100019
50,E100005,2025 H1,2025-06-15,3,Meets Expectations,58,False,E100019
51,E100005,2025 H2,2025-12-15,4,Exceeds Expectations,77,False,E100019
52,E100005,2026 H1,2026-06-15,3,Meets Expectations,42,False,E100019
53,E100006,2021 H1,2021-06-15,3,Meets Expectations,57,False,E100031
54,E100006,2021 H2,2021-12-15,5,Outstanding,80,True,E100031
55,E100006,2022 H1,2022-06-15,3,Meets Expectations,52,False,E100031
56,E100006,2022 H2,2022-12-15,1,Unsatisfactory,30,False,E100031
57,E100006,2023 H1,2023-06-15,2,Needs Improvement,31,False,E100031
58,E100006,2023 H2,2023-12-15,5,Outstanding,96,False,E100031
59,E100006,2024 H1,2024-06-15,4,Exceeds Expectations,91,False,E100031
60,E100006,2024 H2,2024-12-15,5,Outstanding,81,False,E100031
61,E100006,2025 H1,2025-06-15,2,Needs Improvement,30,False,E100031
62,E100006,2025 H2,2025-12-15,3,Meets Expectations,48,False,E100031
63,E100007,2021 H1,2021-06-15,5,Outstanding,102,False,E100036
64,E100007,2021 H2,2021-12-15,4,Exceeds Expectations,66,True,E100036
65,E100007,2022 H1,2022-06-15,3,Meets Expectations,49,False,E100036
66,E100007,2022 H2,2022-12-15,5,Outstanding,83,False,E100036
67,E100007,2023 H1,2023-06-15,3,Meets Expectations,59,False,E100036
68,E100007,2023 H2,2023-12-15,3,Meets Expectations,59,False,E100036
69,E100007,2024 H1,2024-06-15,4,Exceeds Expectations,64,False,E100036
70,E100007,2024 H2,2024-12-15,3,Meets Expectations,45,False,E100036
71,E100007,2025 H1,2025-06-15,4,Exceeds Expectations,70,False,E100036
72,E100007,2025 H2,2025-12-15,3,Meets Expectations,62,False,E100036
73,E100007,2026 H1,2026-06-15,4,Exceeds Expectations,74,False,E100036
74,E100008,2021 H1,2021-06-15,4,Exceeds Expectations,70,False,E100123
75,E100008,2021 H2,2021-12-15,3,Meets Expectations,55,False,E100123
76,E100008,2022 H1,2022-06-15,3,Meets Expectations,68,False,E100123
77,E100008,2022 H2,2022-12-15,3,Meets Expectations,69,False,E100123
78,E100008,2023 H1,2023-06-15,2,Needs Improvement,33,False,E100123
79,E100008,2023 H2,2023-12-15,3,Meets Expectations,50,False,E100123
80,E100008,2024 H1,2024-06-15,4,Exceeds Expectations,67,False,E100123
81,E100008,2024 H2,2024-12-15,4,Exceeds Expectations,71,False,E100123
82,E100008,2025 H1,2025-06-15,3,Meets Expectations,40,False,E100123
83,E100008,2025 H2,2025-12-15,5,Outstanding,105,False,E100123
84,E100008,2026 H1,2026-06-15,2,Needs Improvement,52,False,E100123
85,E100009,2021 H1,2021-06-15,2,Needs Improvement,34,False,E100031
86,E100009,2021 H2,2021-12-15,3,Meets Expectations,50,False,E100031
87,E100009,2022 H1,2022-06-15,4,Exceeds Expectations,79,False,E100031
88,E100009,2022 H2,2022-12-15,2,Needs Improvement,50,False,E100031
89,E100009,2023 H1,2023-06-15,5,Outstanding,96,False,E100031
90,E100010,2021 H1,2021-06-15,3,Meets Expectations,56,False,E100025
91,E100010,2021 H2,2021-12-15,3,Meets Expectations,63,False,E100025
92,E100011,2021 H1,2021-06-15,2,Needs Improvement,40,False,E100045
93,E100011,2021 H2,2021-12-15,4,Exceeds Expectations,69,True,E100045
94,E100011,2022 H1,2022-06-15,4,Exceeds Expectations,54,False,E100045
95,E100011,2022 H2,2022-12-15,3,Meets Expectations,57,False,E100045
96,E100011,2023 H1,2023-06-15,4,Exceeds Expectations,66,False,E100045
97,E100011,2023 H2,2023-12-15,4,Exceeds Expectations,71,True,E100045
98,E100011,2024 H1,2024-06-15,2,Needs Improvement,33,False,E100045
99,E100011,2024 H2,2024-12-15,4,Exceeds Expectations,85,True,E100045
100,E100011,2025 H1,2025-06-15,3,Meets Expectations,57,False,E100045
101,E100011,2025 H2,2025-12-15,4,Exceeds Expectations,77,False,E100045
102,E100011,2026 H1,2026-06-15,3,Meets Expectations,53,False,E100045
103,E100012,2021 H1,2021-06-15,4,Exceeds Expectations,76,False,E100031
104,E100012,2021 H2,2021-12-15,4,Exceeds Expectations,79,False,E100031
105,E100012,2022 H1,2022-06-15,4,Exceeds Expectations,74,False,E100031
106,E100012,2022 H2,2022-12-15,3,Meets Expectations,62,False,E100031
107,E100012,2023 H1,2023-06-15,2,Needs Improvement,42,False,E100031
108,E100012,2023 H2,2023-12-15,4,Exceeds Expectations,64,False,E100031
109,E100012,2024 H1,2024-06-15,3,Meets Expectations,56,False,E100031
110,E100012,2024 H2,2024-12-15,3,Meets Expectations,49,False,E100031
111,E100012,2025 H1,2025-06-15,4,Exceeds Expectations,55,False,E100031
112,E100012,2025 H2,2025-12-15,3,Meets Expectations,50,False,E100031
113,E100012,2026 H1,2026-06-15,2,Needs Improvement,32,False,E100031
114,E100013,2021 H1,2021-06-15,2,Needs Improvement,47,False,E100006
115,E100013,2021 H2,2021-12-15,4,Exceeds Expectations,80,True,E100006
116,E100013,2022 H1,2022-06-15,4,Exceeds Expectations,50,False,E100006
117,E100013,2022 H2,2022-12-15,2,Needs Improvement,44,False,E100006
118,E100013,2023 H1,2023-06-15,5,Outstanding,93,False,E100006
119,E100013,2023 H2,2023-12-15,5,Outstanding,81,True,E100006
120,E100013,2024 H1,2024-06-15,3,Meets Expectations,60,False,E100006
121,E100013,2024 H2,2024-12-15,3,Meets Expectations,37,False,E100006
122,E100013,2025 H1,2025-06-15,4,Exceeds Expectations,64,False,E100006
123,E100013,2025 H2,2025-12-15,2,Needs Improvement,47,False,E100006
124,E100013,2026 H1,2026-06-15,4,Exceeds Expectations,78,True,E100006
125,E100014,2021 H1,2021-06-15,4,Exceeds Expectations,81,True,E100045
126,E100014,2021 H2,2021-12-15,4,Exceeds Expectations,57,True,E100045
127,E100014,2022 H1,2022-06-15,2,Needs Improvement,46,False,E100045
128,E100014,2022 H2,2022-12-15,4,Exceeds Expectations,70,False,E100045
129,E100014,2023 H1,2023-06-15,2,Needs Improvement,30,False,E100045
130,E100014,2023 H2,2023-12-15,3,Meets Expectations,46,False,E100045
131,E100014,2024 H1,2024-06-15,2,Needs Improvement,39,False,E100045
132,E100014,2024 H2,2024-12-15,5,Outstanding,96,False,E100045
133,E100014,2025 H1,2025-06-15,3,Meets Expectations,53,False,E100045
134,E100014,2025 H2,2025-12-15,4,Exceeds Expectations,66,False,E100045
135,E100014,2026 H1,2026-06-15,4,Exceeds Expectations,68,False,E100045
136,E100015,2021 H1,2021-06-15,3,Meets Expectations,38,False,E100044
137,E100015,2021 H2,2021-12-15,3,Meets Expectations,58,False,E100044
138,E100015,2022 H1,2022-06-15,4,Exceeds Expectations,54,False,E100044
139,E100015,2022 H2,2022-12-15,4,Exceeds Expectations,79,False,E100044
140,E100015,2023 H1,2023-06-15,5,Outstanding,86,False,E100044
141,E100015,2023 H2,2023-12-15,3,Meets Expectations,43,False,E100044
142,E100015,2024 H1,2024-06-15,3,Meets Expectations,50,False,E100044
143,E100015,2024 H2,2024-12-15,4,Exceeds Expectations,71,False,E100044
144,E100015,2025 H1,2025-06-15,4,Exceeds Expectations,69,False,E100044
145,E100015,2025 H2,2025-12-15,5,Outstanding,65,True,E100044
146,E100015,2026 H1,2026-06-15,5,Outstanding,76,False,E100044
147,E100016,2021 H1,2021-06-15,4,Exceeds Expectations,78,False,E100125
148,E100016,2021 H2,2021-12-15,2,Needs Improvement,48,False,E100125
149,E100016,2022 H1,2022-06-15,2,Needs Improvement,30,False,E100125
150,E100016,2022 H2,2022-12-15,3,Meets Expectations,49,False,E100125
151,E100017,2021 H1,2021-06-15,3,Meets Expectations,54,False,E100044
152,E100017,2021 H2,2021-12-15,4,Exceeds Expectations,71,False,E100044
153,E100017,2022 H1,2022-06-15,2,Needs Improvement,30,False,E100044
154,E100017,2022 H2,2022-12-15,5,Outstanding,79,False,E100044
155,E100017,2023 H1,2023-06-15,2,Needs Improvement,30,False,E100044
156,E100017,2023 H2,2023-12-15,4,Exceeds Expectations,81,True,E100044
157,E100017,2024 H1,2024-06-15,4,Exceeds Expectations,84,False,E100044
158,E100017,2024 H2,2024-12-15,3,Meets Expectations,42,False,E100044
159,E100017,2025 H1,2025-06-15,4,Exceeds Expectations,76,False,E100044
160,E100017,2025 H2,2025-12-15,4,Exceeds Expectations,68,False,E100044
161,E100017,2026 H1,2026-06-15,4,Exceeds Expectations,71,True,E100044
162,E100018,2021 H1,2021-06-15,4,Exceeds Expectations,71,False,E100044
163,E100018,2021 H2,2021-12-15,3,Meets Expectations,43,False,E100044
164,E100018,2022 H1,2022-06-15,4,Exceeds Expectations,50,False,E100044
165,E100018,2022 H2,2022-12-15,3,Meets Expectations,48,False,E100044
166,E100018,2023 H1,2023-06-15,2,Needs Improvement,33,False,E100044
167,E100018,2023 H2,2023-12-15,4,Exceeds Expectations,73,False,E100044
168,E100018,2024 H1,2024-06-15,3,Meets Expectations,60,False,E100044
169,E100018,2024 H2,2024-12-15,4,Exceeds Expectations,60,False,E100044
170,E100018,2025 H1,2025-06-15,3,Meets Expectations,39,False,E100044
171,E100018,2025 H2,2025-12-15,3,Meets Expectations,47,False,E100044
172,E100018,2026 H1,2026-06-15,3,Meets Expectations,73,False,E100044
173,E100019,2021 H1,2021-06-15,2,Needs Improvement,30,False,E100031
174,E100019,2021 H2,2021-12-15,5,Outstanding,95,False,E100031
175,E100020,2021 H1,2021-06-15,4,Exceeds Expectations,68,False,E100036
176,E100020,2021 H2,2021-12-15,4,Exceeds Expectations,70,True,E100036
177,E100020,2022 H1,2022-06-15,4,Exceeds Expectations,82,True,E100036
178,E100020,2022 H2,2022-12-15,4,Exceeds Expectations,65,True,E100036
179,E100020,2023 H1,2023-06-15,3,Meets Expectations,44,False,E100036
180,E100020,2023 H2,2023-12-15,4,Exceeds Expectations,75,False,E100036
181,E100020,2024 H1,2024-06-15,2,Needs Improvement,40,False,E100036
182,E100020,2024 H2,2024-12-15,4,Exceeds Expectations,77,False,E100036
183,E100020,2025 H1,2025-06-15,3,Meets Expectations,59,False,E100036
184,E100020,2025 H2,2025-12-15,4,Exceeds Expectations,63,False,E100036
185,E100020,2026 H1,2026-06-15,4,Exceeds Expectations,62,False,E100036
186,E100021,2021 H1,2021-06-15,2,Needs Improvement,38,False,E100025
187,E100021,2021 H2,2021-12-15,1,Unsatisfactory,30,False,E100025
188,E100021,2022 H1,2022-06-15,3,Meets Expectations,67,False,E100025
189,E100021,2022 H2,2022-12-15,3,Meets Expectations,73,False,E100025
190,E100021,2023 H1,2023-06-15,2,Needs Improvement,40,False,E100025
191,E100021,2023 H2,2023-12-15,4,Exceeds Expectations,62,False,E100025
192,E100021,2024 H1,2024-06-15,3,Meets Expectations,52,False,E100025
193,E100021,2024 H2,2024-12-15,4,Exceeds Expectations,57,False,E100025
194,E100021,2025 H1,2025-06-15,5,Outstanding,71,False,E100025
195,E100021,2025 H2,2025-12-15,4,Exceeds Expectations,63,False,E100025
196,E100021,2026 H1,2026-06-15,4,Exceeds Expectations,65,True,E100025
197,E100022,2021 H1,2021-06-15,5,Outstanding,91,False,E100031
198,E100022,2021 H2,2021-12-15,3,Meets Expectations,42,False,E100031
199,E100022,2022 H1,2022-06-15,4,Exceeds Expectations,76,False,E100031
200,E100022,2022 H2,2022-12-15,3,Meets Expectations,54,False,E100031
201,E100022,2023 H1,2023-06-15,4,Exceeds Expectations,78,True,E100031
202,E100022,2023 H2,2023-12-15,3,Meets Expectations,49,False,E100031
203,E100022,2024 H1,2024-06-15,4,Exceeds Expectations,70,False,E100031
204,E100022,2024 H2,2024-12-15,2,Needs Improvement,51,False,E100031
205,E100022,2025 H1,2025-06-15,4,Exceeds Expectations,54,False,E100031
206,E100022,2025 H2,2025-12-15,3,Meets Expectations,69,False,E100031
207,E100022,2026 H1,2026-06-15,4,Exceeds Expectations,57,True,E100031
208,E100023,2021 H1,2021-06-15,2,Needs Improvement,30,False,E100006
209,E100023,2021 H2,2021-12-15,3,Meets Expectations,60,False,E100006
210,E100023,2022 H1,2022-06-15,2,Needs Improvement,41,False,E100006
211,E100023,2022 H2,2022-12-15,3,Meets Expectations,35,False,E100006
212,E100023,2023 H1,2023-06-15,3,Meets Expectations,73,False,E100006
213,E100023,2023 H2,2023-12-15,5,Outstanding,85,False,E100006
214,E100023,2024 H1,2024-06-15,4,Exceeds Expectations,66,True,E100006
215,E100023,2024 H2,2024-12-15,2,Needs Improvement,30,False,E100006
216,E100023,2025 H1,2025-06-15,4,Exceeds Expectations,60,False,E100006
217,E100023,2025 H2,2025-12-15,4,Exceeds Expectations,83,False,E100006
218,E100023,2026 H1,2026-06-15,3,Meets Expectations,55,False,E100006
219,E100024,2021 H1,2021-06-15,5,Outstanding,93,False,E100056
220,E100024,2021 H2,2021-12-15,5,Outstanding,72,False,E100056
221,E100024,2022 H1,2022-06-15,3,Meets Expectations,50,False,E100056
222,E100024,2022 H2,2022-12-15,5,Outstanding,90,False,E100056
223,E100024,2023 H1,2023-06-15,3,Meets Expectations,52,False,E100056
224,E100024,2023 H2,2023-12-15,4,Exceeds Expectations,68,False,E100056
225,E100024,2024 H1,2024-06-15,4,Exceeds Expectations,73,False,E100056
226,E100024,2024 H2,2024-12-15,3,Meets Expectations,65,False,E100056
227,E100024,2025 H1,2025-06-15,5,Outstanding,101,False,E100056
228,E100024,2025 H2,2025-12-15,3,Meets Expectations,65,False,E100056
229,E100024,2026 H1,2026-06-15,4,Exceeds Expectations,60,False,E100056
230,E100025,2021 H1,2021-06-15,3,Meets Expectations,66,False,E100031
231,E100025,2021 H2,2021-12-15,4,Exceeds Expectations,66,False,E100031
232,E100025,2022 H1,2022-06-15,2,Needs Improvement,48,False,E100031
233,E100025,2022 H2,2022-12-15,4,Exceeds Expectations,72,False,E100031
234,E100025,2023 H1,2023-06-15,3,Meets Expectations,61,False,E100031
235,E100025,2023 H2,2023-12-15,2,Needs Improvement,30,False,E100031
236,E100025,2024 H1,2024-06-15,4,Exceeds Expectations,81,False,E100031
237,E100025,2024 H2,2024-12-15,4,Exceeds Expectations,68,False,E100031
238,E100025,2025 H1,2025-06-15,4,Exceeds Expectations,60,False,E100031
239,E100025,2025 H2,2025-12-15,3,Meets Expectations,64,False,E100031
240,E100025,2026 H1,2026-06-15,2,Needs Improvement,30,False,E100031
241,E100026,2021 H1,2021-06-15,3,Meets Expectations,64,False,E100123
242,E100026,2021 H2,2021-12-15,4,Exceeds Expectations,57,False,E100123
243,E100026,2022 H1,2022-06-15,3,Meets Expectations,39,False,E100123
244,E100026,2022 H2,2022-12-15,4,Exceeds Expectations,59,False,E100123
245,E100026,2023 H1,2023-06-15,4,Exceeds Expectations,69,True,E100123
246,E100026,2023 H2,2023-12-15,3,Meets Expectations,37,False,E100123
247,E100026,2024 H1,2024-06-15,4,Exceeds Expectations,87,False,E100123
248,E100026,2024 H2,2024-12-15,5,Outstanding,90,False,E100123
249,E100026,2025 H1,2025-06-15,2,Needs Improvement,32,False,E100123
250,E100026,2025 H2,2025-12-15,4,Exceeds Expectations,73,True,E100123
251,E100026,2026 H1,2026-06-15,2,Needs Improvement,43,False,E100123
252,E100027,2021 H1,2021-06-15,4,Exceeds Expectations,79,False,E100123
253,E100027,2021 H2,2021-12-15,3,Meets Expectations,39,False,E100123
254,E100027,2022 H1,2022-06-15,3,Meets Expectations,65,False,E100123
255,E100027,2022 H2,2022-12-15,3,Meets Expectations,45,False,E100123
256,E100027,2023 H1,2023-06-15,2,Needs Improvement,31,False,E100123
257,E100027,2023 H2,2023-12-15,4,Exceeds Expectations,78,False,E100123
258,E100029,2021 H1,2021-06-15,2,Needs Improvement,46,False,E100107
259,E100029,2021 H2,2021-12-15,4,Exceeds Expectations,69,True,E100107
260,E100029,2022 H1,2022-06-15,2,Needs Improvement,48,False,E100107
261,E100029,2022 H2,2022-12-15,4,Exceeds Expectations,91,True,E100107
262,E100029,2023 H1,2023-06-15,2,Needs Improvement,38,False,E100107
263,E100029,2023 H2,2023-12-15,5,Outstanding,94,False,E100107
264,E100029,2024 H1,2024-06-15,1,Unsatisfactory,30,False,E100107
265,E100029,2024 H2,2024-12-15,5,Outstanding,83,False,E100107
266,E100029,2025 H1,2025-06-15,4,Exceeds Expectations,58,False,E100107
267,E100029,2025 H2,2025-12-15,3,Meets Expectations,63,False,E100107
268,E100029,2026 H1,2026-06-15,4,Exceeds Expectations,67,False,E100107
269,E100030,2021 H1,2021-06-15,4,Exceeds Expectations,71,False,E100102
270,E100030,2021 H2,2021-12-15,4,Exceeds Expectations,67,False,E100102
271,E100030,2022 H1,2022-06-15,4,Exceeds Expectations,91,False,E100102
272,E100030,2022 H2,2022-12-15,4,Exceeds Expectations,78,False,E100102
273,E100030,2023 H1,2023-06-15,2,Needs Improvement,37,False,E100102
274,E100030,2023 H2,2023-12-15,4,Exceeds Expectations,59,True,E100102
275,E100030,2024 H1,2024-06-15,3,Meets Expectations,51,False,E100102
276,E100030,2024 H2,2024-12-15,2,Needs Improvement,30,False,E100102
277,E100030,2025 H1,2025-06-15,5,Outstanding,90,False,E100102
278,E100030,2025 H2,2025-12-15,4,Exceeds Expectations,90,False,E100102
279,E100030,2026 H1,2026-06-15,1,Unsatisfactory,39,False,E100102
280,E100031,2021 H1,2021-06-15,4,Exceeds Expectations,59,False,E000001
281,E100031,2021 H2,2021-12-15,2,Needs Improvement,43,False,E000001
282,E100031,2022 H1,2022-06-15,4,Exceeds Expectations,76,True,E000001
283,E100032,2021 H1,2021-06-15,3,Meets Expectations,56,False,E100033
284,E100032,2021 H2,2021-12-15,3,Meets Expectations,51,False,E100033
285,E100032,2022 H1,2022-06-15,3,Meets Expectations,47,False,E100033
286,E100033,2021 H1,2021-06-15,2,Needs Improvement,51,False,E100031
287,E100033,2021 H2,2021-12-15,3,Meets Expectations,67,False,E100031
288,E100033,2022 H1,2022-06-15,3,Meets Expectations,48,False,E100031
289,E100033,2022 H2,2022-12-15,2,Needs Improvement,55,False,E100031
290,E100033,2023 H1,2023-06-15,4,Exceeds Expectations,62,False,E100031
291,E100033,2023 H2,2023-12-15,4,Exceeds Expectations,82,False,E100031
292,E100033,2024 H1,2024-06-15,4,Exceeds Expectations,73,False,E100031
293,E100033,2024 H2,2024-12-15,3,Meets Expectations,46,False,E100031
294,E100033,2025 H1,2025-06-15,3,Meets Expectations,44,False,E100031
295,E100033,2025 H2,2025-12-15,4,Exceeds Expectations,88,False,E100031
296,E100033,2026 H1,2026-06-15,4,Exceeds Expectations,66,False,E100031
297,E100034,2021 H1,2021-06-15,3,Meets Expectations,57,False,E100044
298,E100034,2021 H2,2021-12-15,4,Exceeds Expectations,73,False,E100044
299,E100034,2022 H1,2022-06-15,3,Meets Expectations,65,False,E100044
300,E100034,2022 H2,2022-12-15,4,Exceeds Expectations,76,False,E100044
301,E100034,2023 H1,2023-06-15,2,Needs Improvement,33,False,E100044
302,E100035,2021 H1,2021-06-15,4,Exceeds Expectations,59,False,E100078
303,E100035,2021 H2,2021-12-15,2,Needs Improvement,47,False,E100078
304,E100035,2022 H1,2022-06-15,4,Exceeds Expectations,74,False,E100078
305,E100035,2022 H2,2022-12-15,4,Exceeds Expectations,74,False,E100078
306,E100035,2023 H1,2023-06-15,1,Unsatisfactory,30,False,E100078
307,E100035,2023 H2,2023-12-15,3,Meets Expectations,55,False,E100078
308,E100035,2024 H1,2024-06-15,3,Meets Expectations,49,False,E100078
309,E100035,2024 H2,2024-12-15,4,Exceeds Expectations,69,False,E100078
310,E100035,2025 H1,2025-06-15,4,Exceeds Expectations,87,True,E100078
311,E100035,2025 H2,2025-12-15,2,Needs Improvement,30,False,E100078
312,E100035,2026 H1,2026-06-15,4,Exceeds Expectations,77,True,E100078
313,E100036,2021 H1,2021-06-15,5,Outstanding,90,False,E100031
314,E100036,2021 H2,2021-12-15,3,Meets Expectations,48,False,E100031
315,E100036,2022 H1,2022-06-15,4,Exceeds Expectations,77,False,E100031
316,E100036,2022 H2,2022-12-15,4,Exceeds Expectations,74,False,E100031
317,E100036,2023 H1,2023-06-15,4,Exceeds Expectations,86,False,E100031
318,E100036,2023 H2,2023-12-15,4,Exceeds Expectations,66,False,E100031
319,E100036,2024 H1,2024-06-15,3,Meets Expectations,55,False,E100031
320,E100036,2024 H2,2024-12-15,5,Outstanding,92,False,E100031
321,E100036,2025 H1,2025-06-15,2,Needs Improvement,53,False,E100031
322,E100036,2025 H2,2025-12-15,4,Exceeds Expectations,71,True,E100031
323,E100036,2026 H1,2026-06-15,3,Meets Expectations,30,False,E100031
324,E100037,2021 H1,2021-06-15,3,Meets Expectations,45,False,E100078
325,E100037,2021 H2,2021-12-15,4,Exceeds Expectations,69,False,E100078
326,E100037,2022 H1,2022-06-15,4,Exceeds Expectations,50,False,E100078
327,E100037,2022 H2,2022-12-15,5,Outstanding,102,True,E100078
328,E100037,2023 H1,2023-06-15,4,Exceeds Expectations,68,True,E100078
329,E100037,2023 H2,2023-12-15,4,Exceeds Expectations,72,False,E100078
330,E100037,2024 H1,2024-06-15,3,Meets Expectations,61,False,E100078
331,E100037,2024 H2,2024-12-15,4,Exceeds Expectations,75,False,E100078
332,E100037,2025 H1,2025-06-15,3,Meets Expectations,52,False,E100078
333,E100037,2025 H2,2025-12-15,2,Needs Improvement,30,False,E100078
334,E100037,2026 H1,2026-06-15,3,Meets Expectations,63,False,E100078
335,E100038,2021 H1,2021-06-15,4,Exceeds Expectations,81,False,E100078
336,E100038,2021 H2,2021-12-15,5,Outstanding,93,False,E100078
337,E100038,2022 H1,2022-06-15,2,Needs Improvement,44,False,E100078
338,E100038,2022 H2,2022-12-15,2,Needs Improvement,30,False,E100078
339,E100038,2023 H1,2023-06-15,5,Outstanding,89,False,E100078
340,E100038,2023 H2,2023-12-15,4,Exceeds Expectations,51,True,E100078
341,E100038,2024 H1,2024-06-15,3,Meets Expectations,56,False,E100078
342,E100038,2024 H2,2024-12-15,3,Meets Expectations,61,False,E100078
343,E100038,2025 H1,2025-06-15,3,Meets Expectations,65,False,E100078
344,E100038,2025 H2,2025-12-15,3,Meets Expectations,54,False,E100078
345,E100038,2026 H1,2026-06-15,3,Meets Expectations,59,False,E100078
346,E100039,2021 H1,2021-06-15,3,Meets Expectations,56,False,E100006
347,E100039,2021 H2,2021-12-15,4,Exceeds Expectations,81,False,E100006
348,E100039,2022 H1,2022-06-15,5,Outstanding,90,False,E100006
349,E100039,2022 H2,2022-12-15,3,Meets Expectations,47,False,E100006
350,E100039,2023 H1,2023-06-15,4,Exceeds Expectations,70,False,E100006
351,E100039,2023 H2,2023-12-15,3,Meets Expectations,45,False,E100006
352,E100039,2024 H1,2024-06-15,5,Outstanding,98,False,E100006
353,E100039,2024 H2,2024-12-15,5,Outstanding,75,False,E100006
354,E100039,2025 H1,2025-06-15,3,Meets Expectations,44,False,E100006
355,E100039,2025 H2,2025-12-15,4,Exceeds Expectations,64,False,E100006
356,E100039,2026 H1,2026-06-15,5,Outstanding,86,False,E100006
357,E100040,2021 H1,2021-06-15,5,Outstanding,98,False,E100043
358,E100040,2021 H2,2021-12-15,4,Exceeds Expectations,89,True,E100043
359,E100041,2021 H1,2021-06-15,3,Meets Expectations,62,False,E100056
360,E100041,2021 H2,2021-12-15,4,Exceeds Expectations,64,False,E100056
361,E100041,2022 H1,2022-06-15,3,Meets Expectations,51,False,E100056
362,E100041,2022 H2,2022-12-15,4,Exceeds Expectations,79,True,E100056
363,E100041,2023 H1,2023-06-15,4,Exceeds Expectations,77,False,E100056
364,E100042,2021 H1,2021-06-15,3,Meets Expectations,31,False,E100113
365,E100042,2021 H2,2021-12-15,4,Exceeds Expectations,64,False,E100113
366,E100042,2022 H1,2022-06-15,5,Outstanding,93,False,E100113
367,E100042,2022 H2,2022-12-15,5,Outstanding,78,False,E100113
368,E100042,2023 H1,2023-06-15,4,Exceeds Expectations,79,True,E100113
369,E100042,2023 H2,2023-12-15,4,Exceeds Expectations,61,False,E100113
370,E100042,2024 H1,2024-06-15,3,Meets Expectations,60,False,E100113
371,E100042,2024 H2,2024-12-15,3,Meets Expectations,45,False,E100113
372,E100042,2025 H1,2025-06-15,3,Meets Expectations,59,False,E100113
373,E100042,2025 H2,2025-12-15,5,Outstanding,94,False,E100113
374,E100042,2026 H1,2026-06-15,4,Exceeds Expectations,70,True,E100113
375,E100043,2021 H1,2021-06-15,5,Outstanding,103,True,E100031
376,E100043,2021 H2,2021-12-15,4,Exceeds Expectations,76,False,E100031
377,E100043,2022 H1,2022-06-15,4,Exceeds Expectations,57,False,E100031
378,E100043,2022 H2,2022-12-15,2,Needs Improvement,42,False,E100031
379,E100043,2023 H1,2023-06-15,3,Meets Expectations,59,False,E100031
380,E100043,2023 H2,2023-12-15,2,Needs Improvement,51,False,E100031
381,E100043,2024 H1,2024-06-15,3,Meets Expectations,57,False,E100031
382,E100043,2024 H2,2024-12-15,3,Meets Expectations,57,False,E100031
383,E100043,2025 H1,2025-06-15,5,Outstanding,101,False,E100031
384,E100043,2025 H2,2025-12-15,3,Meets Expectations,43,False,E100031
385,E100043,2026 H1,2026-06-15,4,Exceeds Expectations,68,False,E100031
386,E100044,2021 H1,2021-06-15,3,Meets Expectations,73,False,E100031
387,E100044,2021 H2,2021-12-15,2,Needs Improvement,43,False,E100031
388,E100044,2022 H1,2022-06-15,5,Outstanding,78,False,E100031
389,E100044,2022 H2,2022-12-15,3,Meets Expectations,50,False,E100031
390,E100044,2023 H1,2023-06-15,5,Outstanding,89,False,E100031
391,E100044,2023 H2,2023-12-15,5,Outstanding,98,False,E100031
392,E100044,2024 H1,2024-06-15,3,Meets Expectations,42,False,E100031
393,E100044,2024 H2,2024-12-15,2,Needs Improvement,42,False,E100031
394,E100044,2025 H1,2025-06-15,5,Outstanding,85,True,E100031
395,E100044,2025 H2,2025-12-15,3,Meets Expectations,60,False,E100031
396,E100044,2026 H1,2026-06-15,3,Meets Expectations,49,False,E100031
397,E100045,2021 H1,2021-06-15,5,Outstanding,105,False,E100031
398,E100045,2021 H2,2021-12-15,4,Exceeds Expectations,65,False,E100031
399,E100045,2022 H1,2022-06-15,4,Exceeds Expectations,82,False,E100031
400,E100045,2022 H2,2022-12-15,5,Outstanding,101,False,E100031
401,E100045,2023 H1,2023-06-15,1,Unsatisfactory,30,False,E100031
402,E100045,2023 H2,2023-12-15,4,Exceeds Expectations,81,True,E100031
403,E100045,2024 H1,2024-06-15,4,Exceeds Expectations,72,False,E100031
404,E100045,2024 H2,2024-12-15,3,Meets Expectations,46,False,E100031
405,E100045,2025 H1,2025-06-15,3,Meets Expectations,67,False,E100031
406,E100045,2025 H2,2025-12-15,4,Exceeds Expectations,80,False,E100031
407,E100045,2026 H1,2026-06-15,3,Meets Expectations,59,False,E100031
408,E100046,2021 H1,2021-06-15,5,Outstanding,91,True,E100056
409,E100046,2021 H2,2021-12-15,4,Exceeds Expectations,66,False,E100056
410,E100046,2022 H1,2022-06-15,3,Meets Expectations,56,False,E100056
411,E100046,2022 H2,2022-12-15,3,Meets Expectations,46,False,E100056
412,E100046,2023 H1,2023-06-15,3,Meets Expectations,56,False,E100056
413,E100046,2023 H2,2023-12-15,3,Meets Expectations,55,False,E100056
414,E100046,2024 H1,2024-06-15,2,Needs Improvement,37,False,E100056
415,E100046,2024 H2,2024-12-15,2,Needs Improvement,46,False,E100056
416,E100046,2025 H1,2025-06-15,2,Needs Improvement,51,False,E100056
417,E100046,2025 H2,2025-12-15,4,Exceeds Expectations,77,False,E100056
418,E100046,2026 H1,2026-06-15,3,Meets Expectations,59,False,E100056
419,E100047,2021 H1,2021-06-15,4,Exceeds Expectations,60,False,E100031
420,E100047,2021 H2,2021-12-15,4,Exceeds Expectations,63,True,E100031
421,E100047,2022 H1,2022-06-15,5,Outstanding,82,False,E100031
422,E100047,2022 H2,2022-12-15,2,Needs Improvement,52,False,E100031
423,E100047,2023 H1,2023-06-15,4,Exceeds Expectations,76,True,E100031
424,E100047,2023 H2,2023-12-15,3,Meets Expectations,54,False,E100031
425,E100047,2024 H1,2024-06-15,3,Meets Expectations,62,False,E100031
426,E100047,2024 H2,2024-12-15,3,Meets Expectations,48,False,E100031
427,E100047,2025 H1,2025-06-15,4,Exceeds Expectations,85,False,E100031
428,E100047,2025 H2,2025-12-15,3,Meets Expectations,60,False,E100031
429,E100047,2026 H1,2026-06-15,4,Exceeds Expectations,62,False,E100031
430,E100048,2021 H1,2021-06-15,3,Meets Expectations,36,False,E100006
431,E100048,2021 H2,2021-12-15,5,Outstanding,92,False,E100006
432,E100048,2022 H1,2022-06-15,4,Exceeds Expectations,68,True,E100006
433,E100048,2022 H2,2022-12-15,3,Meets Expectations,52,False,E100006
434,E100048,2023 H1,2023-06-15,3,Meets Expectations,77,False,E100006
435,E100049,2021 H1,2021-06-15,4,Exceeds Expectations,78,True,E100125
436,E100049,2021 H2,2021-12-15,3,Meets Expectations,54,False,E100125
437,E100049,2022 H1,2022-06-15,4,Exceeds Expectations,71,True,E100125
438,E100049,2022 H2,2022-12-15,5,Outstanding,81,False,E100125
439,E100049,2023 H1,2023-06-15,4,Exceeds Expectations,83,True,E100125
440,E100049,2023 H2,2023-12-15,5,Outstanding,72,False,E100125
441,E100049,2024 H1,2024-06-15,4,Exceeds Expectations,65,False,E100125
442,E100050,2021 H1,2021-06-15,4,Exceeds Expectations,80,False,E100019
443,E100050,2021 H2,2021-12-15,3,Meets Expectations,61,False,E100019
444,E100050,2022 H1,2022-06-15,3,Meets Expectations,47,False,E100019
445,E100050,2022 H2,2022-12-15,2,Needs Improvement,50,False,E100019
446,E100050,2023 H1,2023-06-15,3,Meets Expectations,43,False,E100019
447,E100050,2023 H2,2023-12-15,4,Exceeds Expectations,73,False,E100019
448,E100050,2024 H1,2024-06-15,3,Meets Expectations,44,False,E100019
449,E100050,2024 H2,2024-12-15,4,Exceeds Expectations,74,False,E100019
450,E100050,2025 H1,2025-06-15,3,Meets Expectations,50,False,E100019
451,E100050,2025 H2,2025-12-15,3,Meets Expectations,37,False,E100019
452,E100050,2026 H1,2026-06-15,4,Exceeds Expectations,68,False,E100019
453,E100051,2021 H1,2021-06-15,3,Meets Expectations,59,False,E100124
454,E100051,2021 H2,2021-12-15,5,Outstanding,92,False,E100124
455,E100051,2022 H1,2022-06-15,2,Needs Improvement,33,False,E100124
456,E100051,2022 H2,2022-12-15,3,Meets Expectations,35,False,E100124
457,E100051,2023 H1,2023-06-15,4,Exceeds Expectations,78,False,E100124
458,E100051,2023 H2,2023-12-15,3,Meets Expectations,45,False,E100124
459,E100051,2024 H1,2024-06-15,4,Exceeds Expectations,82,True,E100124
460,E100051,2024 H2,2024-12-15,3,Meets Expectations,61,False,E100124
461,E100051,2025 H1,2025-06-15,4,Exceeds Expectations,53,True,E100124
462,E100051,2025 H2,2025-12-15,3,Meets Expectations,59,False,E100124
463,E100051,2026 H1,2026-06-15,4,Exceeds Expectations,81,False,E100124
464,E100052,2021 H1,2021-06-15,4,Exceeds Expectations,78,True,E100031
465,E100052,2021 H2,2021-12-15,3,Meets Expectations,57,False,E100031
466,E100052,2022 H1,2022-06-15,2,Needs Improvement,44,False,E100031
467,E100052,2022 H2,2022-12-15,4,Exceeds Expectations,59,False,E100031
468,E100052,2023 H1,2023-06-15,3,Meets Expectations,79,False,E100031
469,E100052,2023 H2,2023-12-15,3,Meets Expectations,50,False,E100031
470,E100052,2024 H1,2024-06-15,3,Meets Expectations,43,False,E100031
471,E100052,2024 H2,2024-12-15,3,Meets Expectations,74,False,E100031
472,E100052,2025 H1,2025-06-15,4,Exceeds Expectations,57,True,E100031
473,E100052,2025 H2,2025-12-15,3,Meets Expectations,64,False,E100031
474,E100052,2026 H1,2026-06-15,4,Exceeds Expectations,58,False,E100031
475,E100053,2021 H1,2021-06-15,4,Exceeds Expectations,72,False,E100124
476,E100053,2021 H2,2021-12-15,4,Exceeds Expectations,90,False,E100124
477,E100053,2022 H1,2022-06-15,3,Meets Expectations,46,False,E100124
478,E100053,2022 H2,2022-12-15,2,Needs Improvement,30,False,E100124
479,E100053,2023 H1,2023-06-15,3,Meets Expectations,34,False,E100124
480,E100053,2023 H2,2023-12-15,4,Exceeds Expectations,77,False,E100124
481,E100053,2024 H1,2024-06-15,3,Meets Expectations,44,False,E100124
482,E100053,2024 H2,2024-12-15,4,Exceeds Expectations,78,False,E100124
483,E100053,2025 H1,2025-06-15,5,Outstanding,93,False,E100124
484,E100053,2025 H2,2025-12-15,4,Exceeds Expectations,73,True,E100124
485,E100054,2021 H1,2021-06-15,3,Meets Expectations,61,False,E100031
486,E100054,2021 H2,2021-12-15,3,Meets Expectations,52,False,E100031
487,E100054,2022 H1,2022-06-15,3,Meets Expectations,51,False,E100031
488,E100054,2022 H2,2022-12-15,4,Exceeds Expectations,78,False,E100031
489,E100054,2023 H1,2023-06-15,3,Meets Expectations,56,False,E100031
490,E100054,2023 H2,2023-12-15,3,Meets Expectations,60,False,E100031
491,E100054,2024 H1,2024-06-15,5,Outstanding,95,False,E100031
492,E100054,2024 H2,2024-12-15,3,Meets Expectations,64,False,E100031
493,E100054,2025 H1,2025-06-15,2,Needs Improvement,39,False,E100031
494,E100054,2025 H2,2025-12-15,5,Outstanding,81,False,E100031
495,E100054,2026 H1,2026-06-15,3,Meets Expectations,51,False,E100031
496,E100055,2021 H1,2021-06-15,2,Needs Improvement,30,False,E100006
497,E100055,2021 H2,2021-12-15,3,Meets Expectations,70,False,E100006
498,E100055,2022 H1,2022-06-15,4,Exceeds Expectations,83,False,E100006
499,E100055,2022 H2,2022-12-15,4,Exceeds Expectations,75,False,E100006
500,E100055,2023 H1,2023-06-15,2,Needs Improvement,52,False,E100006
501,E100055,2023 H2,2023-12-15,4,Exceeds Expectations,74,False,E100006
502,E100055,2024 H1,2024-06-15,2,Needs Improvement,30,False,E100006
503,E100055,2024 H2,2024-12-15,2,Needs Improvement,30,False,E100006
504,E100055,2025 H1,2025-06-15,4,Exceeds Expectations,69,True,E100006
505,E100055,2025 H2,2025-12-15,3,Meets Expectations,59,False,E100006
506,E100055,2026 H1,2026-06-15,5,Outstanding,83,False,E100006
507,E100056,2021 H1,2021-06-15,2,Needs Improvement,30,False,E100031
508,E100056,2021 H2,2021-12-15,4,Exceeds Expectations,80,False,E100031
509,E100056,2022 H1,2022-06-15,4,Exceeds Expectations,65,False,E100031
510,E100056,2022 H2,2022-12-15,4,Exceeds Expectations,87,True,E100031
511,E100056,2023 H1,2023-06-15,4,Exceeds Expectations,54,True,E100031
512,E100057,2021 H1,2021-06-15,3,Meets Expectations,50,False,E100033
513,E100057,2021 H2,2021-12-15,2,Needs Improvement,50,False,E100033
514,E100057,2022 H1,2022-06-15,2,Needs Improvement,34,False,E100033
515,E100057,2022 H2,2022-12-15,5,Outstanding,81,False,E100033
516,E100057,2023 H1,2023-06-15,3,Meets Expectations,58,False,E100033
517,E100057,2023 H2,2023-12-15,3,Meets Expectations,48,False,E100033
518,E100057,2024 H1,2024-06-15,4,Exceeds Expectations,78,False,E100033
519,E100057,2024 H2,2024-12-15,4,Exceeds Expectations,62,False,E100033
520,E100057,2025 H1,2025-06-15,2,Needs Improvement,44,False,E100033
521,E100057,2025 H2,2025-12-15,5,Outstanding,115,True,E100033
522,E100057,2026 H1,2026-06-15,5,Outstanding,107,True,E100033
523,E100058,2021 H1,2021-06-15,2,Needs Improvement,34,False,E100138
524,E100058,2021 H2,2021-12-15,4,Exceeds Expectations,76,True,E100138
525,E100058,2022 H1,2022-06-15,3,Meets Expectations,67,False,E100138
526,E100058,2022 H2,2022-12-15,3,Meets Expectations,56,False,E100138
527,E100058,2023 H1,2023-06-15,3,Meets Expectations,58,False,E100138
528,E100058,2023 H2,2023-12-15,4,Exceeds Expectations,63,False,E100138
529,E100058,2024 H1,2024-06-15,1,Unsatisfactory,30,False,E100138
530,E100058,2024 H2,2024-12-15,4,Exceeds Expectations,76,True,E100138
531,E100058,2025 H1,2025-06-15,3,Meets Expectations,56,False,E100138
532,E100058,2025 H2,2025-12-15,4,Exceeds Expectations,65,False,E100138
533,E100058,2026 H1,2026-06-15,3,Meets Expectations,42,False,E100138
534,E100059,2021 H1,2021-06-15,2,Needs Improvement,48,False,E100031
535,E100059,2021 H2,2021-12-15,4,Exceeds Expectations,68,False,E100031
536,E100059,2022 H1,2022-06-15,4,Exceeds Expectations,76,False,E100031
537,E100059,2022 H2,2022-12-15,5,Outstanding,103,False,E100031
538,E100059,2023 H1,2023-06-15,4,Exceeds Expectations,93,False,E100031
539,E100059,2023 H2,2023-12-15,3,Meets Expectations,66,False,E100031
540,E100059,2024 H1,2024-06-15,3,Meets Expectations,54,False,E100031
541,E100059,2024 H2,2024-12-15,4,Exceeds Expectations,74,False,E100031
542,E100059,2025 H1,2025-06-15,4,Exceeds Expectations,74,False,E100031
543,E100059,2025 H2,2025-12-15,5,Outstanding,90,True,E100031
544,E100059,2026 H1,2026-06-15,3,Meets Expectations,53,False,E100031
545,E100060,2021 H1,2021-06-15,5,Outstanding,98,False,E100054
546,E100060,2021 H2,2021-12-15,3,Meets Expectations,46,False,E100054
547,E100060,2022 H1,2022-06-15,3,Meets Expectations,53,False,E100054
548,E100060,2022 H2,2022-12-15,3,Meets Expectations,46,False,E100054
549,E100060,2023 H1,2023-06-15,4,Exceeds Expectations,66,True,E100054
550,E100060,2023 H2,2023-12-15,3,Meets Expectations,52,False,E100054
551,E100060,2024 H1,2024-06-15,4,Exceeds Expectations,62,False,E100054
552,E100060,2024 H2,2024-12-15,3,Meets Expectations,49,False,E100054
553,E100061,2021 H1,2021-06-15,3,Meets Expectations,53,False,E100025
554,E100061,2021 H2,2021-12-15,4,Exceeds Expectations,72,False,E100025
555,E100061,2022 H1,2022-06-15,5,Outstanding,96,False,E100025
556,E100061,2022 H2,2022-12-15,4,Exceeds Expectations,68,False,E100025
557,E100062,2021 H1,2021-06-15,3,Meets Expectations,64,False,E000001
558,E100062,2021 H2,2021-12-15,2,Needs Improvement,47,False,E000001
559,E100062,2022 H1,2022-06-15,4,Exceeds Expectations,70,True,E000001
560,E100062,2022 H2,2022-12-15,4,Exceeds Expectations,69,False,E000001
561,E100062,2023 H1,2023-06-15,3,Meets Expectations,59,False,E000001
562,E100062,2023 H2,2023-12-15,3,Meets Expectations,61,False,E000001
563,E100062,2024 H1,2024-06-15,3,Meets Expectations,56,False,E000001
564,E100062,2024 H2,2024-12-15,5,Outstanding,94,False,E000001
565,E100062,2025 H1,2025-06-15,4,Exceeds Expectations,81,True,E000001
566,E100062,2025 H2,2025-12-15,2,Needs Improvement,35,False,E000001
567,E100062,2026 H1,2026-06-15,5,Outstanding,78,False,E000001
568,E100063,2021 H1,2021-06-15,3,Meets Expectations,75,False,E100056
569,E100063,2021 H2,2021-12-15,2,Needs Improvement,47,False,E100056
570,E100063,2022 H1,2022-06-15,3,Meets Expectations,59,False,E100056
571,E100063,2022 H2,2022-12-15,4,Exceeds Expectations,80,False,E100056
572,E100063,2023 H1,2023-06-15,3,Meets Expectations,65,False,E100056
573,E100063,2023 H2,2023-12-15,3,Meets Expectations,38,False,E100056
574,E100063,2024 H1,2024-06-15,3,Meets Expectations,45,False,E100056
575,E100064,2021 H1,2021-06-15,4,Exceeds Expectations,82,True,E100124
576,E100064,2021 H2,2021-12-15,4,Exceeds Expectations,62,False,E100124
577,E100064,2022 H1,2022-06-15,3,Meets Expectations,53,False,E100124
578,E100064,2022 H2,2022-12-15,2,Needs Improvement,30,False,E100124
579,E100064,2023 H1,2023-06-15,3,Meets Expectations,51,False,E100124
580,E100064,2023 H2,2023-12-15,2,Needs Improvement,48,False,E100124
581,E100064,2024 H1,2024-06-15,3,Meets Expectations,42,False,E100124
582,E100064,2024 H2,2024-12-15,5,Outstanding,93,False,E100124
583,E100064,2025 H1,2025-06-15,3,Meets Expectations,46,False,E100124
584,E100064,2025 H2,2025-12-15,3,Meets Expectations,46,False,E100124
585,E100064,2026 H1,2026-06-15,3,Meets Expectations,55,False,E100124
586,E100065,2021 H1,2021-06-15,3,Meets Expectations,30,False,E100102
587,E100065,2021 H2,2021-12-15,5,Outstanding,77,False,E100102
588,E100065,2022 H1,2022-06-15,2,Needs Improvement,48,False,E100102
589,E100065,2022 H2,2022-12-15,3,Meets Expectations,57,False,E100102
590,E100065,2023 H1,2023-06-15,4,Exceeds Expectations,81,False,E100102
591,E100065,2023 H2,2023-12-15,4,Exceeds Expectations,65,False,E100102
592,E100065,2024 H1,2024-06-15,2,Needs Improvement,54,False,E100102
593,E100065,2024 H2,2024-12-15,4,Exceeds Expectations,76,False,E100102
594,E100065,2025 H1,2025-06-15,3,Meets Expectations,57,False,E100102
595,E100065,2025 H2,2025-12-15,3,Meets Expectations,51,False,E100102
596,E100065,2026 H1,2026-06-15,2,Needs Improvement,40,False,E100102
597,E100066,2021 H1,2021-06-15,1,Unsatisfactory,30,False,E100078
598,E100066,2021 H2,2021-12-15,5,Outstanding,85,False,E100078
599,E100066,2022 H1,2022-06-15,4,Exceeds Expectations,68,True,E100078
600,E100066,2022 H2,2022-12-15,3,Meets Expectations,48,False,E100078
601,E100067,2021 H1,2021-06-15,3,Meets Expectations,49,False,E100045
602,E100067,2021 H2,2021-12-15,2,Needs Improvement,39,False,E100045
603,E100067,2022 H1,2022-06-15,2,Needs Improvement,32,False,E100045
604,E100067,2022 H2,2022-12-15,2,Needs Improvement,32,False,E100045
605,E100067,2023 H1,2023-06-15,4,Exceeds Expectations,85,False,E100045
606,E100067,2023 H2,2023-12-15,3,Meets Expectations,51,False,E100045
607,E100067,2024 H1,2024-06-15,2,Needs Improvement,30,False,E100045
608,E100067,2024 H2,2024-12-15,4,Exceeds Expectations,76,False,E100045
609,E100067,2025 H1,2025-06-15,3,Meets Expectations,33,False,E100045
610,E100067,2025 H2,2025-12-15,5,Outstanding,77,False,E100045
611,E100067,2026 H1,2026-06-15,3,Meets Expectations,45,False,E100045
612,E100068,2021 H1,2021-06-15,2,Needs Improvement,37,False,E100006
613,E100068,2021 H2,2021-12-15,4,Exceeds Expectations,78,True,E100006
614,E100068,2022 H1,2022-06-15,4,Exceeds Expectations,61,True,E100006
615,E100068,2022 H2,2022-12-15,4,Exceeds Expectations,75,True,E100006
616,E100068,2023 H1,2023-06-15,2,Needs Improvement,30,False,E100006
617,E100068,2023 H2,2023-12-15,3,Meets Expectations,45,False,E100006
618,E100068,2024 H1,2024-06-15,2,Needs Improvement,30,False,E100006
619,E100068,2024 H2,2024-12-15,3,Meets Expectations,69,False,E100006
620,E100068,2025 H1,2025-06-15,4,Exceeds Expectations,86,False,E100006
621,E100068,2025 H2,2025-12-15,3,Meets Expectations,64,False,E100006
622,E100068,2026 H1,2026-06-15,5,Outstanding,104,False,E100006
623,E100069,2021 H1,2021-06-15,3,Meets Expectations,49,False,E100031
624,E100069,2021 H2,2021-12-15,3,Meets Expectations,54,False,E100031
625,E100069,2022 H1,2022-06-15,2,Needs Improvement,30,False,E100031
626,E100069,2022 H2,2022-12-15,4,Exceeds Expectations,66,False,E100031
627,E100069,2023 H1,2023-06-15,3,Meets Expectations,58,False,E100031
628,E100069,2023 H2,2023-12-15,5,Outstanding,96,False,E100031
629,E100069,2024 H1,2024-06-15,4,Exceeds Expectations,76,False,E100031
630,E100069,2024 H2,2024-12-15,4,Exceeds Expectations,80,False,E100031
631,E100069,2025 H1,2025-06-15,1,Unsatisfactory,30,False,E100031
632,E100069,2025 H2,2025-12-15,2,Needs Improvement,30,False,E100031
633,E100069,2026 H1,2026-06-15,4,Exceeds Expectations,70,False,E100031
634,E100070,2021 H1,2021-06-15,3,Meets Expectations,56,False,E100078
635,E100070,2021 H2,2021-12-15,5,Outstanding,68,True,E100078
636,E100070,2022 H1,2022-06-15,3,Meets Expectations,67,False,E100078
637,E100070,2022 H2,2022-12-15,3,Meets Expectations,52,False,E100078
638,E100070,2023 H1,2023-06-15,4,Exceeds Expectations,59,True,E100078
639,E100070,2023 H2,2023-12-15,4,Exceeds Expectations,68,True,E100078
640,E100070,2024 H1,2024-06-15,3,Meets Expectations,45,False,E100078
641,E100070,2024 H2,2024-12-15,4,Exceeds Expectations,68,False,E100078
642,E100070,2025 H1,2025-06-15,4,Exceeds Expectations,68,False,E100078
643,E100070,2025 H2,2025-12-15,3,Meets Expectations,48,False,E100078
644,E100070,2026 H1,2026-06-15,3,Meets Expectations,45,False,E100078
645,E100071,2021 H1,2021-06-15,3,Meets Expectations,71,False,E100033
646,E100071,2021 H2,2021-12-15,4,Exceeds Expectations,51,False,E100033
647,E100071,2022 H1,2022-06-15,3,Meets Expectations,63,False,E100033
648,E100071,2022 H2,2022-12-15,2,Needs Improvement,41,False,E100033
649,E100071,2023 H1,2023-06-15,3,Meets Expectations,36,False,E100033
650,E100071,2023 H2,2023-12-15,3,Meets Expectations,51,False,E100033
651,E100072,2021 H1,2021-06-15,2,Needs Improvement,30,False,E100075
652,E100072,2021 H2,2021-12-15,4,Exceeds Expectations,74,False,E100075
653,E100072,2022 H1,2022-06-15,4,Exceeds Expectations,65,False,E100075
654,E100072,2022 H2,2022-12-15,4,Exceeds Expectations,70,True,E100075
655,E100072,2023 H1,2023-06-15,3,Meets Expectations,51,False,E100075
656,E100072,2023 H2,2023-12-15,4,Exceeds Expectations,74,False,E100075
657,E100072,2024 H1,2024-06-15,3,Meets Expectations,63,False,E100075
658,E100072,2024 H2,2024-12-15,3,Meets Expectations,60,False,E100075
659,E100072,2025 H1,2025-06-15,5,Outstanding,84,False,E100075
660,E100072,2025 H2,2025-12-15,3,Meets Expectations,42,False,E100075
661,E100072,2026 H1,2026-06-15,3,Meets Expectations,60,False,E100075
662,E100073,2021 H1,2021-06-15,4,Exceeds Expectations,53,False,E100031
663,E100073,2021 H2,2021-12-15,2,Needs Improvement,49,False,E100031
664,E100073,2022 H1,2022-06-15,3,Meets Expectations,51,False,E100031
665,E100073,2022 H2,2022-12-15,3,Meets Expectations,55,False,E100031
666,E100073,2023 H1,2023-06-15,2,Needs Improvement,37,False,E100031
667,E100073,2023 H2,2023-12-15,1,Unsatisfactory,30,False,E100031
668,E100073,2024 H1,2024-06-15,3,Meets Expectations,37,False,E100031
669,E100074,2021 H1,2021-06-15,4,Exceeds Expectations,62,False,E100128
670,E100074,2021 H2,2021-12-15,5,Outstanding,94,False,E100128
671,E100074,2022 H1,2022-06-15,3,Meets Expectations,61,False,E100128
672,E100075,2021 H1,2021-06-15,2,Needs Improvement,37,False,E100031
673,E100075,2021 H2,2021-12-15,2,Needs Improvement,44,False,E100031
674,E100075,2022 H1,2022-06-15,3,Meets Expectations,32,False,E100031
675,E100076,2021 H1,2021-06-15,2,Needs Improvement,35,False,E100113
676,E100076,2021 H2,2021-12-15,4,Exceeds Expectations,56,True,E100113
677,E100076,2022 H1,2022-06-15,2,Needs Improvement,31,False,E100113
678,E100076,2022 H2,2022-12-15,5,Outstanding,84,False,E100113
679,E100076,2023 H1,2023-06-15,4,Exceeds Expectations,45,True,E100113
680,E100076,2023 H2,2023-12-15,5,Outstanding,78,False,E100113
681,E100076,2024 H1,2024-06-15,3,Meets Expectations,35,False,E100113
682,E100076,2024 H2,2024-12-15,4,Exceeds Expectations,65,False,E100113
683,E100076,2025 H1,2025-06-15,4,Exceeds Expectations,68,False,E100113
684,E100076,2025 H2,2025-12-15,4,Exceeds Expectations,82,True,E100113
685,E100076,2026 H1,2026-06-15,2,Needs Improvement,52,False,E100113
686,E100077,2021 H1,2021-06-15,3,Meets Expectations,58,False,E100031
687,E100077,2021 H2,2021-12-15,3,Meets Expectations,55,False,E100031
688,E100077,2022 H1,2022-06-15,3,Meets Expectations,73,False,E100031
689,E100077,2022 H2,2022-12-15,3,Meets Expectations,69,False,E100031
690,E100077,2023 H1,2023-06-15,2,Needs Improvement,51,False,E100031
691,E100077,2023 H2,2023-12-15,4,Exceeds Expectations,68,True,E100031
692,E100077,2024 H1,2024-06-15,3,Meets Expectations,55,False,E100031
693,E100077,2024 H2,2024-12-15,3,Meets Expectations,58,False,E100031
694,E100077,2025 H1,2025-06-15,4,Exceeds Expectations,61,False,E100031
695,E100077,2025 H2,2025-12-15,3,Meets Expectations,56,False,E100031
696,E100077,2026 H1,2026-06-15,2,Needs Improvement,30,False,E100031
697,E100078,2021 H1,2021-06-15,4,Exceeds Expectations,74,False,E100031
698,E100078,2021 H2,2021-12-15,3,Meets Expectations,64,False,E100031
699,E100078,2022 H1,2022-06-15,4,Exceeds Expectations,66,False,E100031
700,E100078,2022 H2,2022-12-15,4,Exceeds Expectations,63,False,E100031
701,E100078,2023 H1,2023-06-15,4,Exceeds Expectations,74,False,E100031
702,E100078,2023 H2,2023-12-15,3,Meets Expectations,51,False,E100031
703,E100078,2024 H1,2024-06-15,3,Meets Expectations,53,False,E100031
704,E100078,2024 H2,2024-12-15,1,Unsatisfactory,31,False,E100031
705,E100078,2025 H1,2025-06-15,4,Exceeds Expectations,67,False,E100031
706,E100078,2025 H2,2025-12-15,4,Exceeds Expectations,66,False,E100031
707,E100078,2026 H1,2026-06-15,1,Unsatisfactory,30,False,E100031
708,E100079,2021 H1,2021-06-15,2,Needs Improvement,30,False,E100006
709,E100079,2021 H2,2021-12-15,2,Needs Improvement,36,False,E100006
710,E100079,2022 H1,2022-06-15,4,Exceeds Expectations,82,False,E100006
711,E100079,2022 H2,2022-12-15,2,Needs Improvement,30,False,E100006
712,E100079,2023 H1,2023-06-15,5,Outstanding,95,False,E100006
713,E100079,2023 H2,2023-12-15,4,Exceeds Expectations,71,True,E100006
714,E100079,2024 H1,2024-06-15,4,Exceeds Expectations,72,True,E100006
715,E100079,2024 H2,2024-12-15,3,Meets Expectations,58,False,E100006
716,E100079,2025 H1,2025-06-15,3,Meets Expectations,55,False,E100006
717,E100079,2025 H2,2025-12-15,2,Needs Improvement,36,False,E100006
718,E100079,2026 H1,2026-06-15,3,Meets Expectations,62,False,E100006
719,E100080,2021 H1,2021-06-15,2,Needs Improvement,37,False,E100031
720,E100081,2021 H1,2021-06-15,4,Exceeds Expectations,79,False,E100006
721,E100081,2021 H2,2021-12-15,3,Meets Expectations,50,False,E100006
722,E100081,2022 H1,2022-06-15,4,Exceeds Expectations,60,False,E100006
723,E100081,2022 H2,2022-12-15,3,Meets Expectations,45,False,E100006
724,E100081,2023 H1,2023-06-15,2,Needs Improvement,50,False,E100006
725,E100081,2023 H2,2023-12-15,3,Meets Expectations,43,False,E100006
726,E100081,2024 H1,2024-06-15,1,Unsatisfactory,30,False,E100006
727,E100081,2024 H2,2024-12-15,2,Needs Improvement,30,False,E100006
728,E100082,2021 H1,2021-06-15,3,Meets Expectations,41,False,E100031
729,E100082,2021 H2,2021-12-15,5,Outstanding,79,False,E100031
730,E100082,2022 H1,2022-06-15,2,Needs Improvement,38,False,E100031
731,E100082,2022 H2,2022-12-15,3,Meets Expectations,73,False,E100031
732,E100082,2023 H1,2023-06-15,5,Outstanding,105,False,E100031
733,E100082,2023 H2,2023-12-15,4,Exceeds Expectations,78,False,E100031
734,E100083,2021 H1,2021-06-15,3,Meets Expectations,60,False,E100126
735,E100083,2021 H2,2021-12-15,3,Meets Expectations,52,False,E100126
736,E100083,2022 H1,2022-06-15,2,Needs Improvement,31,False,E100126
737,E100083,2022 H2,2022-12-15,4,Exceeds Expectations,82,False,E100126
738,E100083,2023 H1,2023-06-15,4,Exceeds Expectations,85,False,E100126
739,E100083,2023 H2,2023-12-15,2,Needs Improvement,41,False,E100126
740,E100083,2024 H1,2024-06-15,3,Meets Expectations,58,False,E100126
741,E100083,2024 H2,2024-12-15,3,Meets Expectations,48,False,E100126
742,E100083,2025 H1,2025-06-15,4,Exceeds Expectations,74,True,E100126
743,E100083,2025 H2,2025-12-15,3,Meets Expectations,38,False,E100126
744,E100083,2026 H1,2026-06-15,3,Meets Expectations,53,False,E100126
745,E100084,2021 H1,2021-06-15,2,Needs Improvement,38,False,E100073
746,E100084,2021 H2,2021-12-15,2,Needs Improvement,34,False,E100073
747,E100084,2022 H1,2022-06-15,4,Exceeds Expectations,67,False,E100073
748,E100084,2022 H2,2022-12-15,4,Exceeds Expectations,75,False,E100073
749,E100084,2023 H1,2023-06-15,3,Meets Expectations,42,False,E100073
750,E100084,2023 H2,2023-12-15,5,Outstanding,100,False,E100073
751,E100084,2024 H1,2024-06-15,3,Meets Expectations,56,False,E100073
752,E100084,2024 H2,2024-12-15,3,Meets Expectations,60,False,E100073
753,E100084,2025 H1,2025-06-15,4,Exceeds Expectations,51,False,E100073
754,E100084,2025 H2,2025-12-15,4,Exceeds Expectations,85,False,E100073
755,E100084,2026 H1,2026-06-15,3,Meets Expectations,57,False,E100073
756,E100085,2021 H1,2021-06-15,4,Exceeds Expectations,105,False,E100078
757,E100085,2021 H2,2021-12-15,4,Exceeds Expectations,75,True,E100078
758,E100085,2022 H1,2022-06-15,4,Exceeds Expectations,81,False,E100078
759,E100085,2022 H2,2022-12-15,4,Exceeds Expectations,59,False,E100078
760,E100085,2023 H1,2023-06-15,4,Exceeds Expectations,74,False,E100078
761,E100085,2023 H2,2023-12-15,2,Needs Improvement,42,False,E100078
762,E100085,2024 H1,2024-06-15,2,Needs Improvement,49,False,E100078
763,E100085,2024 H2,2024-12-15,3,Meets Expectations,63,False,E100078
764,E100085,2025 H1,2025-06-15,3,Meets Expectations,66,False,E100078
765,E100085,2025 H2,2025-12-15,5,Outstanding,95,False,E100078
766,E100085,2026 H1,2026-06-15,3,Meets Expectations,58,False,E100078
767,E100086,2021 H1,2021-06-15,3,Meets Expectations,42,False,E100045
768,E100086,2021 H2,2021-12-15,3,Meets Expectations,53,False,E100045
769,E100086,2022 H1,2022-06-15,3,Meets Expectations,51,False,E100045
770,E100086,2022 H2,2022-12-15,3,Meets Expectations,54,False,E100045
771,E100086,2023 H1,2023-06-15,3,Meets Expectations,38,False,E100045
772,E100086,2023 H2,2023-12-15,3,Meets Expectations,46,False,E100045
773,E100087,2021 H1,2021-06-15,3,Meets Expectations,44,False,E100123
774,E100087,2021 H2,2021-12-15,4,Exceeds Expectations,76,False,E100123
775,E100087,2022 H1,2022-06-15,4,Exceeds Expectations,79,False,E100123
776,E100087,2022 H2,2022-12-15,3,Meets Expectations,55,False,E100123
777,E100087,2023 H1,2023-06-15,3,Meets Expectations,58,False,E100123
778,E100087,2023 H2,2023-12-15,3,Meets Expectations,60,False,E100123
779,E100087,2024 H1,2024-06-15,3,Meets Expectations,54,False,E100123
780,E100087,2024 H2,2024-12-15,3,Meets Expectations,52,False,E100123
781,E100087,2025 H1,2025-06-15,5,Outstanding,71,False,E100123
782,E100087,2025 H2,2025-12-15,3,Meets Expectations,61,False,E100123
783,E100088,2021 H1,2021-06-15,3,Meets Expectations,55,False,E100116
784,E100089,2021 H1,2021-06-15,3,Meets Expectations,62,False,E100044
785,E100089,2021 H2,2021-12-15,3,Meets Expectations,37,False,E100044
786,E100089,2022 H1,2022-06-15,5,Outstanding,88,False,E100044
787,E100089,2022 H2,2022-12-15,4,Exceeds Expectations,67,False,E100044
788,E100089,2023 H1,2023-06-15,4,Exceeds Expectations,81,False,E100044
789,E100089,2023 H2,2023-12-15,3,Meets Expectations,46,False,E100044
790,E100089,2024 H1,2024-06-15,2,Needs Improvement,47,False,E100044
791,E100089,2024 H2,2024-12-15,3,Meets Expectations,59,False,E100044
792,E100089,2025 H1,2025-06-15,4,Exceeds Expectations,69,False,E100044
793,E100089,2025 H2,2025-12-15,3,Meets Expectations,54,False,E100044
794,E100089,2026 H1,2026-06-15,4,Exceeds Expectations,63,False,E100044
795,E100090,2021 H1,2021-06-15,3,Meets Expectations,56,False,E100128
796,E100090,2021 H2,2021-12-15,4,Exceeds Expectations,78,False,E100128
797,E100090,2022 H1,2022-06-15,2,Needs Improvement,32,False,E100128
798,E100090,2022 H2,2022-12-15,4,Exceeds Expectations,58,False,E100128
799,E100090,2023 H1,2023-06-15,5,Outstanding,74,False,E100128
800,E100091,2021 H1,2021-06-15,2,Needs Improvement,30,False,E100056
801,E100091,2021 H2,2021-12-15,3,Meets Expectations,59,False,E100056
802,E100091,2022 H1,2022-06-15,3,Meets Expectations,45,False,E100056
803,E100091,2022 H2,2022-12-15,5,Outstanding,97,False,E100056
804,E100091,2023 H1,2023-06-15,4,Exceeds Expectations,79,False,E100056
805,E100091,2023 H2,2023-12-15,4,Exceeds Expectations,73,False,E100056
806,E100091,2024 H1,2024-06-15,4,Exceeds Expectations,71,False,E100056
807,E100091,2024 H2,2024-12-15,4,Exceeds Expectations,72,False,E100056
808,E100091,2025 H1,2025-06-15,3,Meets Expectations,70,False,E100056
809,E100091,2025 H2,2025-12-15,3,Meets Expectations,51,False,E100056
810,E100091,2026 H1,2026-06-15,3,Meets Expectations,44,False,E100056
811,E100092,2021 H1,2021-06-15,3,Meets Expectations,50,False,E100033
812,E100092,2021 H2,2021-12-15,3,Meets Expectations,66,False,E100033
813,E100092,2022 H1,2022-06-15,4,Exceeds Expectations,62,False,E100033
814,E100092,2022 H2,2022-12-15,3,Meets Expectations,37,False,E100033
815,E100092,2023 H1,2023-06-15,3,Meets Expectations,47,False,E100033
816,E100092,2023 H2,2023-12-15,3,Meets Expectations,45,False,E100033
817,E100092,2024 H1,2024-06-15,2,Needs Improvement,30,False,E100033
818,E100092,2024 H2,2024-12-15,5,Outstanding,83,False,E100033
819,E100092,2025 H1,2025-06-15,5,Outstanding,81,False,E100033
820,E100092,2025 H2,2025-12-15,3,Meets Expectations,57,False,E100033
821,E100092,2026 H1,2026-06-15,2,Needs Improvement,30,False,E100033
822,E100093,2021 H1,2021-06-15,4,Exceeds Expectations,82,False,E100107
823,E100093,2021 H2,2021-12-15,5,Outstanding,81,False,E100107
824,E100093,2022 H1,2022-06-15,4,Exceeds Expectations,72,False,E100107
825,E100093,2022 H2,2022-12-15,3,Meets Expectations,50,False,E100107
826,E100094,2021 H1,2021-06-15,4,Exceeds Expectations,98,False,E000001
827,E100094,2021 H2,2021-12-15,4,Exceeds Expectations,73,True,E000001
828,E100094,2022 H1,2022-06-15,3,Meets Expectations,60,False,E000001
829,E100094,2022 H2,2022-12-15,1,Unsatisfactory,30,False,E000001
830,E100094,2023 H1,2023-06-15,4,Exceeds Expectations,74,False,E000001
831,E100094,2023 H2,2023-12-15,3,Meets Expectations,35,False,E000001
832,E100094,2024 H1,2024-06-15,5,Outstanding,92,False,E000001
833,E100094,2024 H2,2024-12-15,3,Meets Expectations,66,False,E000001
834,E100094,2025 H1,2025-06-15,4,Exceeds Expectations,69,True,E000001
835,E100094,2025 H2,2025-12-15,3,Meets Expectations,58,False,E000001
836,E100094,2026 H1,2026-06-15,5,Outstanding,99,True,E000001
837,E100095,2021 H1,2021-06-15,3,Meets Expectations,43,False,E100133
838,E100095,2021 H2,2021-12-15,3,Meets Expectations,59,False,E100133
839,E100095,2022 H1,2022-06-15,3,Meets Expectations,58,False,E100133
840,E100095,2022 H2,2022-12-15,2,Needs Improvement,30,False,E100133
841,E100095,2023 H1,2023-06-15,4,Exceeds Expectations,56,False,E100133
842,E100095,2023 H2,2023-12-15,5,Outstanding,101,True,E100133
843,E100095,2024 H1,2024-06-15,5,Outstanding,97,False,E100133
844,E100095,2024 H2,2024-12-15,2,Needs Improvement,47,False,E100133
845,E100095,2025 H1,2025-06-15,4,Exceeds Expectations,68,False,E100133
846,E100095,2025 H2,2025-12-15,3,Meets Expectations,61,False,E100133
847,E100095,2026 H1,2026-06-15,2,Needs Improvement,45,False,E100133
848,E100097,2021 H1,2021-06-15,3,Meets Expectations,55,False,E100075
849,E100097,2021 H2,2021-12-15,4,Exceeds Expectations,58,False,E100075
850,E100097,2022 H1,2022-06-15,2,Needs Improvement,38,False,E100075
851,E100097,2022 H2,2022-12-15,3,Meets Expectations,56,False,E100075
852,E100097,2023 H1,2023-06-15,2,Needs Improvement,44,False,E100075
853,E100097,2023 H2,2023-12-15,4,Exceeds Expectations,69,False,E100075
854,E100097,2024 H1,2024-06-15,2,Needs Improvement,30,False,E100075
855,E100097,2024 H2,2024-12-15,4,Exceeds Expectations,76,False,E100075
856,E100097,2025 H1,2025-06-15,5,Outstanding,98,False,E100075
857,E100097,2025 H2,2025-12-15,3,Meets Expectations,59,False,E100075
858,E100097,2026 H1,2026-06-15,4,Exceeds Expectations,72,False,E100075
859,E100098,2021 H1,2021-06-15,5,Outstanding,83,False,E100110
860,E100098,2021 H2,2021-12-15,4,Exceeds Expectations,77,False,E100110
861,E100098,2022 H1,2022-06-15,5,Outstanding,69,False,E100110
862,E100098,2022 H2,2022-12-15,4,Exceeds Expectations,60,True,E100110
863,E100098,2023 H1,2023-06-15,2,Needs Improvement,30,False,E100110
864,E100098,2023 H2,2023-12-15,2,Needs Improvement,47,False,E100110
865,E100098,2024 H1,2024-06-15,5,Outstanding,82,False,E100110
866,E100098,2024 H2,2024-12-15,3,Meets Expectations,65,False,E100110
867,E100098,2025 H1,2025-06-15,5,Outstanding,91,True,E100110
868,E100098,2025 H2,2025-12-15,3,Meets Expectations,39,False,E100110
869,E100098,2026 H1,2026-06-15,2,Needs Improvement,52,False,E100110
870,E100099,2021 H1,2021-06-15,2,Needs Improvement,39,False,E100056
871,E100099,2021 H2,2021-12-15,3,Meets Expectations,50,False,E100056
872,E100099,2022 H1,2022-06-15,2,Needs Improvement,33,False,E100056
873,E100099,2022 H2,2022-12-15,5,Outstanding,89,False,E100056
874,E100099,2023 H1,2023-06-15,4,Exceeds Expectations,57,False,E100056
875,E100099,2023 H2,2023-12-15,3,Meets Expectations,52,False,E100056
876,E100099,2024 H1,2024-06-15,3,Meets Expectations,58,False,E100056
877,E100099,2024 H2,2024-12-15,4,Exceeds Expectations,62,False,E100056
878,E100099,2025 H1,2025-06-15,3,Meets Expectations,54,False,E100056
879,E100099,2025 H2,2025-12-15,5,Outstanding,82,False,E100056
880,E100099,2026 H1,2026-06-15,3,Meets Expectations,50,False,E100056
881,E100100,2021 H1,2021-06-15,4,Exceeds Expectations,81,False,E100075
882,E100100,2021 H2,2021-12-15,4,Exceeds Expectations,61,False,E100075
883,E100100,2022 H1,2022-06-15,4,Exceeds Expectations,87,False,E100075
884,E100100,2022 H2,2022-12-15,3,Meets Expectations,51,False,E100075
885,E100100,2023 H1,2023-06-15,5,Outstanding,76,False,E100075
886,E100100,2023 H2,2023-12-15,4,Exceeds Expectations,75,False,E100075
887,E100100,2024 H1,2024-06-15,4,Exceeds Expectations,78,False,E100075
888,E100100,2024 H2,2024-12-15,2,Needs Improvement,33,False,E100075
889,E100100,2025 H1,2025-06-15,3,Meets Expectations,42,False,E100075
890,E100100,2025 H2,2025-12-15,2,Needs Improvement,48,False,E100075
891,E100100,2026 H1,2026-06-15,4,Exceeds Expectations,62,False,E100075
892,E100101,2021 H1,2021-06-15,3,Meets Expectations,53,False,E100128
893,E100101,2021 H2,2021-12-15,4,Exceeds Expectations,63,False,E100128
894,E100101,2022 H1,2022-06-15,4,Exceeds Expectations,86,True,E100128
895,E100101,2022 H2,2022-12-15,4,Exceeds Expectations,63,False,E100128
896,E100101,2023 H1,2023-06-15,3,Meets Expectations,50,False,E100128
897,E100102,2021 H1,2021-06-15,3,Meets Expectations,53,False,E100031
898,E100102,2021 H2,2021-12-15,3,Meets Expectations,44,False,E100031
899,E100102,2022 H1,2022-06-15,4,Exceeds Expectations,81,False,E100031
900,E100102,2022 H2,2022-12-15,4,Exceeds Expectations,61,False,E100031
901,E100102,2023 H1,2023-06-15,4,Exceeds Expectations,87,False,E100031
902,E100102,2023 H2,2023-12-15,2,Needs Improvement,30,False,E100031
903,E100102,2024 H1,2024-06-15,2,Needs Improvement,30,False,E100031
904,E100102,2024 H2,2024-12-15,5,Outstanding,80,True,E100031
905,E100102,2025 H1,2025-06-15,4,Exceeds Expectations,56,True,E100031
906,E100102,2025 H2,2025-12-15,2,Needs Improvement,30,False,E100031
907,E100102,2026 H1,2026-06-15,4,Exceeds Expectations,70,False,E100031
908,E100103,2021 H1,2021-06-15,3,Meets Expectations,46,False,E100069
909,E100103,2021 H2,2021-12-15,3,Meets Expectations,42,False,E100069
910,E100103,2022 H1,2022-06-15,4,Exceeds Expectations,75,False,E100069
911,E100103,2022 H2,2022-12-15,3,Meets Expectations,50,False,E100069
912,E100103,2023 H1,2023-06-15,4,Exceeds Expectations,81,True,E100069
913,E100103,2023 H2,2023-12-15,3,Meets Expectations,60,False,E100069
914,E100103,2024 H1,2024-06-15,3,Meets Expectations,51,False,E100069
915,E100103,2024 H2,2024-12-15,3,Meets Expectations,65,False,E100069
916,E100103,2025 H1,2025-06-15,3,Meets Expectations,33,False,E100069
917,E100103,2025 H2,2025-12-15,3,Meets Expectations,73,False,E100069
918,E100103,2026 H1,2026-06-15,2,Needs Improvement,30,False,E100069
919,E100104,2021 H1,2021-06-15,4,Exceeds Expectations,78,False,E100069
920,E100104,2021 H2,2021-12-15,3,Meets Expectations,59,False,E100069
921,E100104,2022 H1,2022-06-15,3,Meets Expectations,44,False,E100069
922,E100104,2022 H2,2022-12-15,5,Outstanding,83,False,E100069
923,E100104,2023 H1,2023-06-15,2,Needs Improvement,30,False,E100069
924,E100104,2023 H2,2023-12-15,5,Outstanding,91,False,E100069
925,E100104,2024 H1,2024-06-15,4,Exceeds Expectations,90,False,E100069
926,E100104,2024 H2,2024-12-15,3,Meets Expectations,75,False,E100069
927,E100104,2025 H1,2025-06-15,3,Meets Expectations,54,False,E100069
928,E100105,2021 H1,2021-06-15,5,Outstanding,90,True,E100128
929,E100105,2021 H2,2021-12-15,4,Exceeds Expectations,67,False,E100128
930,E100105,2022 H1,2022-06-15,4,Exceeds Expectations,86,True,E100128
931,E100105,2022 H2,2022-12-15,4,Exceeds Expectations,67,False,E100128
932,E100105,2023 H1,2023-06-15,3,Meets Expectations,49,False,E100128
933,E100105,2023 H2,2023-12-15,3,Meets Expectations,69,False,E100128
934,E100105,2024 H1,2024-06-15,4,Exceeds Expectations,80,True,E100128
935,E100105,2024 H2,2024-12-15,4,Exceeds Expectations,84,False,E100128
936,E100105,2025 H1,2025-06-15,2,Needs Improvement,38,False,E100128
937,E100105,2025 H2,2025-12-15,5,Outstanding,83,False,E100128
938,E100105,2026 H1,2026-06-15,5,Outstanding,81,False,E100128
939,E100106,2021 H1,2021-06-15,3,Meets Expectations,62,False,E100031
940,E100106,2021 H2,2021-12-15,4,Exceeds Expectations,51,True,E100031
941,E100106,2022 H1,2022-06-15,4,Exceeds Expectations,73,False,E100031
942,E100106,2022 H2,2022-12-15,3,Meets Expectations,51,False,E100031
943,E100106,2023 H1,2023-06-15,2,Needs Improvement,30,False,E100031
944,E100106,2023 H2,2023-12-15,4,Exceeds Expectations,73,False,E100031
945,E100106,2024 H1,2024-06-15,4,Exceeds Expectations,90,True,E100031
946,E100106,2024 H2,2024-12-15,3,Meets Expectations,45,False,E100031
947,E100106,2025 H1,2025-06-15,4,Exceeds Expectations,70,False,E100031
948,E100107,2021 H1,2021-06-15,3,Meets Expectations,81,False,E100031
949,E100108,2021 H1,2021-06-15,5,Outstanding,91,True,E100075
950,E100108,2021 H2,2021-12-15,4,Exceeds Expectations,74,False,E100075
951,E100108,2022 H1,2022-06-15,2,Needs Improvement,39,False,E100075
952,E100108,2022 H2,2022-12-15,3,Meets Expectations,47,False,E100075
953,E100108,2023 H1,2023-06-15,3,Meets Expectations,41,False,E100075
954,E100108,2023 H2,2023-12-15,2,Needs Improvement,30,False,E100075
955,E100108,2024 H1,2024-06-15,3,Meets Expectations,73,False,E100075
956,E100108,2024 H2,2024-12-15,5,Outstanding,85,False,E100075
957,E100108,2025 H1,2025-06-15,4,Exceeds Expectations,71,True,E100075
958,E100108,2025 H2,2025-12-15,3,Meets Expectations,44,False,E100075
959,E100108,2026 H1,2026-06-15,3,Meets Expectations,49,False,E100075
960,E100109,2021 H1,2021-06-15,3,Meets Expectations,74,False,E100019
961,E100109,2021 H2,2021-12-15,3,Meets Expectations,41,False,E100019
962,E100109,2022 H1,2022-06-15,3,Meets Expectations,65,False,E100019
963,E100109,2022 H2,2022-12-15,5,Outstanding,76,False,E100019
964,E100109,2023 H1,2023-06-15,3,Meets Expectations,57,False,E100019
965,E100109,2023 H2,2023-12-15,4,Exceeds Expectations,70,False,E100019
966,E100109,2024 H1,2024-06-15,3,Meets Expectations,49,False,E100019
967,E100109,2024 H2,2024-12-15,2,Needs Improvement,45,False,E100019
968,E100109,2025 H1,2025-06-15,3,Meets Expectations,38,False,E100019
969,E100109,2025 H2,2025-12-15,3,Meets Expectations,37,False,E100019
970,E100109,2026 H1,2026-06-15,3,Meets Expectations,49,False,E100019
971,E100110,2021 H1,2021-06-15,3,Meets Expectations,49,False,E100031
972,E100110,2021 H2,2021-12-15,3,Meets Expectations,72,False,E100031
973,E100110,2022 H1,2022-06-15,1,Unsatisfactory,33,False,E100031
974,E100110,2022 H2,2022-12-15,2,Needs Improvement,40,False,E100031
975,E100110,2023 H1,2023-06-15,5,Outstanding,88,False,E100031
976,E100110,2023 H2,2023-12-15,4,Exceeds Expectations,79,False,E100031
977,E100110,2024 H1,2024-06-15,4,Exceeds Expectations,60,False,E100031
978,E100110,2024 H2,2024-12-15,4,Exceeds Expectations,71,False,E100031
979,E100110,2025 H1,2025-06-15,4,Exceeds Expectations,76,False,E100031
980,E100110,2025 H2,2025-12-15,3,Meets Expectations,54,False,E100031
981,E100110,2026 H1,2026-06-15,4,Exceeds Expectations,67,True,E100031
982,E100111,2021 H1,2021-06-15,4,Exceeds Expectations,64,False,E100078
983,E100111,2021 H2,2021-12-15,5,Outstanding,94,False,E100078
984,E100111,2022 H1,2022-06-15,4,Exceeds Expectations,66,True,E100078
985,E100111,2022 H2,2022-12-15,3,Meets Expectations,58,False,E100078
986,E100111,2023 H1,2023-06-15,5,Outstanding,78,False,E100078
987,E100111,2023 H2,2023-12-15,2,Needs Improvement,31,False,E100078
988,E100111,2024 H1,2024-06-15,3,Meets Expectations,49,False,E100078
989,E100111,2024 H2,2024-12-15,4,Exceeds Expectations,74,True,E100078
990,E100111,2025 H1,2025-06-15,3,Meets Expectations,67,False,E100078
991,E100111,2025 H2,2025-12-15,5,Outstanding,95,True,E100078
992,E100111,2026 H1,2026-06-15,4,Exceeds Expectations,72,False,E100078
993,E100112,2021 H1,2021-06-15,2,Needs Improvement,45,False,E100044
994,E100112,2021 H2,2021-12-15,3,Meets Expectations,53,False,E100044
995,E100112,2022 H1,2022-06-15,4,Exceeds Expectations,59,False,E100044
996,E100112,2022 H2,2022-12-15,5,Outstanding,98,False,E100044
997,E100112,2023 H1,2023-06-15,3,Meets Expectations,43,False,E100044
998,E100112,2023 H2,2023-12-15,3,Meets Expectations,45,False,E100044
999,E100112,2024 H1,2024-06-15,2,Needs Improvement,39,False,E100044
1000,E100113,2021 H1,2021-06-15,4,Exceeds Expectations,59,False,E100031
1001,E100113,2021 H2,2021-12-15,5,Outstanding,79,False,E100031
1002,E100113,2022 H1,2022-06-15,2,Needs Improvement,42,False,E100031
1003,E100113,2022 H2,2022-12-15,3,Meets Expectations,50,False,E100031
1004,E100113,2023 H1,2023-06-15,4,Exceeds Expectations,71,False,E100031
1005,E100113,2023 H2,2023-12-15,4,Exceeds Expectations,69,True,E100031
1006,E100113,2024 H1,2024-06-15,3,Meets Expectations,56,False,E100031
1007,E100113,2024 H2,2024-12-15,4,Exceeds Expectations,71,False,E100031
1008,E100113,2025 H1,2025-06-15,3,Meets Expectations,66,False,E100031
1009,E100113,2025 H2,2025-12-15,3,Meets Expectations,39,False,E100031
1010,E100113,2026 H1,2026-06-15,3,Meets Expectations,54,False,E100031
1011,E100114,2021 H1,2021-06-15,4,Exceeds Expectations,74,True,E100123
1012,E100115,2021 H1,2021-06-15,3,Meets Expectations,57,False,E100135
1013,E100115,2021 H2,2021-12-15,2,Needs Improvement,58,False,E100135
1014,E100115,2022 H1,2022-06-15,3,Meets Expectations,43,False,E100135
1015,E100115,2022 H2,2022-12-15,2,Needs Improvement,40,False,E100135
1016,E100115,2023 H1,2023-06-15,3,Meets Expectations,56,False,E100135
1017,E100115,2023 H2,2023-12-15,5,Outstanding,90,False,E100135
1018,E100116,2021 H1,2021-06-15,4,Exceeds Expectations,62,True,E100031
1019,E100116,2021 H2,2021-12-15,4,Exceeds Expectations,63,True,E100031
1020,E100116,2022 H1,2022-06-15,2,Needs Improvement,37,False,E100031
1021,E100116,2022 H2,2022-12-15,5,Outstanding,99,False,E100031
1022,E100116,2023 H1,2023-06-15,5,Outstanding,89,False,E100031
1023,E100116,2023 H2,2023-12-15,4,Exceeds Expectations,78,True,E100031
1024,E100116,2024 H1,2024-06-15,4,Exceeds Expectations,80,False,E100031
1025,E100116,2024 H2,2024-12-15,3,Meets Expectations,47,False,E100031
1026,E100116,2025 H1,2025-06-15,3,Meets Expectations,43,False,E100031
1027,E100116,2025 H2,2025-12-15,2,Needs Improvement,34,False,E100031
1028,E100116,2026 H1,2026-06-15,1,Unsatisfactory,30,False,E100031
1029,E100117,2021 H1,2021-06-15,2,Needs Improvement,52,False,E100036
1030,E100117,2021 H2,2021-12-15,3,Meets Expectations,30,False,E100036
1031,E100117,2022 H1,2022-06-15,3,Meets Expectations,56,False,E100036
1032,E100117,2022 H2,2022-12-15,3,Meets Expectations,70,False,E100036
1033,E100117,2023 H1,2023-06-15,4,Exceeds Expectations,69,False,E100036
1034,E100117,2023 H2,2023-12-15,4,Exceeds Expectations,87,False,E100036
1035,E100117,2024 H1,2024-06-15,2,Needs Improvement,30,False,E100036
1036,E100117,2024 H2,2024-12-15,3,Meets Expectations,37,False,E100036
1037,E100117,2025 H1,2025-06-15,4,Exceeds Expectations,88,False,E100036
1038,E100117,2025 H2,2025-12-15,3,Meets Expectations,38,False,E100036
1039,E100117,2026 H1,2026-06-15,4,Exceeds Expectations,88,True,E100036
1040,E100118,2021 H1,2021-06-15,1,Unsatisfactory,30,False,E100125
1041,E100119,2021 H1,2021-06-15,4,Exceeds Expectations,76,False,E100078
1042,E100119,2021 H2,2021-12-15,4,Exceeds Expectations,73,False,E100078
1043,E100119,2022 H1,2022-06-15,3,Meets Expectations,68,False,E100078
1044,E100119,2022 H2,2022-12-15,3,Meets Expectations,78,False,E100078
1045,E100119,2023 H1,2023-06-15,4,Exceeds Expectations,73,False,E100078
1046,E100119,2023 H2,2023-12-15,3,Meets Expectations,59,False,E100078
1047,E100119,2024 H1,2024-06-15,3,Meets Expectations,47,False,E100078
1048,E100119,2024 H2,2024-12-15,3,Meets Expectations,41,False,E100078
1049,E100119,2025 H1,2025-06-15,5,Outstanding,77,False,E100078
1050,E100119,2025 H2,2025-12-15,4,Exceeds Expectations,64,False,E100078
1051,E100119,2026 H1,2026-06-15,2,Needs Improvement,33,False,E100078
1052,E100120,2021 H1,2021-06-15,3,Meets Expectations,69,False,E100009
1053,E100120,2021 H2,2021-12-15,4,Exceeds Expectations,74,True,E100009
1054,E100120,2022 H1,2022-06-15,4,Exceeds Expectations,69,False,E100009
1055,E100120,2022 H2,2022-12-15,3,Meets Expectations,47,False,E100009
1056,E100120,2023 H1,2023-06-15,3,Meets Expectations,56,False,E100009
1057,E100120,2023 H2,2023-12-15,2,Needs Improvement,33,False,E100009
1058,E100120,2024 H1,2024-06-15,5,Outstanding,93,False,E100009
1059,E100121,2021 H1,2021-06-15,3,Meets Expectations,48,False,E100113
1060,E100121,2021 H2,2021-12-15,3,Meets Expectations,66,False,E100113
1061,E100121,2022 H1,2022-06-15,3,Meets Expectations,48,False,E100113
1062,E100121,2022 H2,2022-12-15,3,Meets Expectations,45,False,E100113
1063,E100121,2023 H1,2023-06-15,4,Exceeds Expectations,73,False,E100113
1064,E100121,2023 H2,2023-12-15,4,Exceeds Expectations,56,False,E100113
1065,E100121,2024 H1,2024-06-15,4,Exceeds Expectations,77,True,E100113
1066,E100121,2024 H2,2024-12-15,3,Meets Expectations,67,False,E100113
1067,E100121,2025 H1,2025-06-15,4,Exceeds Expectations,82,False,E100113
1068,E100121,2025 H2,2025-12-15,2,Needs Improvement,30,False,E100113
1069,E100121,2026 H1,2026-06-15,4,Exceeds Expectations,51,True,E100113
1070,E100122,2021 H1,2021-06-15,3,Meets Expectations,53,False,E100124
1071,E100122,2021 H2,2021-12-15,4,Exceeds Expectations,72,False,E100124
1072,E100122,2022 H1,2022-06-15,5,Outstanding,83,False,E100124
1073,E100124,2021 H1,2021-06-15,3,Meets Expectations,76,False,E100031
1074,E100124,2021 H2,2021-12-15,3,Meets Expectations,55,False,E100031
1075,E100125,2021 H1,2021-06-15,3,Meets Expectations,45,False,E100031
1076,E100125,2021 H2,2021-12-15,3,Meets Expectations,64,False,E100031
1077,E100125,2022 H1,2022-06-15,3,Meets Expectations,30,False,E100031
1078,E100125,2022 H2,2022-12-15,2,Needs Improvement,54,False,E100031
1079,E100125,2023 H1,2023-06-15,1,Unsatisfactory,30,False,E100031
1080,E100125,2023 H2,2023-12-15,4,Exceeds Expectations,76,True,E100031
1081,E100125,2024 H1,2024-06-15,4,Exceeds Expectations,80,False,E100031
1082,E100125,2024 H2,2024-12-15,3,Meets Expectations,43,False,E100031
1083,E100125,2025 H1,2025-06-15,3,Meets Expectations,65,False,E100031
1084,E100125,2025 H2,2025-12-15,2,Needs Improvement,31,False,E100031
1085,E100125,2026 H1,2026-06-15,3,Meets Expectations,47,False,E100031
1086,E100126,2021 H1,2021-06-15,3,Meets Expectations,58,False,E100031
1087,E100126,2021 H2,2021-12-15,4,Exceeds Expectations,81,False,E100031
1088,E100126,2022 H1,2022-06-15,4,Exceeds Expectations,82,True,E100031
1089,E100126,2022 H2,2022-12-15,3,Meets Expectations,80,False,E100031
1090,E100126,2023 H1,2023-06-15,2,Needs Improvement,44,False,E100031
1091,E100126,2023 H2,2023-12-15,2,Needs Improvement,30,False,E100031
1092,E100126,2024 H1,2024-06-15,5,Outstanding,86,True,E100031
1093,E100126,2024 H2,2024-12-15,2,Needs Improvement,31,False,E100031
1094,E100126,2025 H1,2025-06-15,3,Meets Expectations,52,False,E100031
1095,E100126,2025 H2,2025-12-15,3,Meets Expectations,40,False,E100031
1096,E100126,2026 H1,2026-06-15,3,Meets Expectations,53,False,E100031
1097,E100127,2021 H1,2021-06-15,5,Outstanding,104,False,E100075
1098,E100127,2021 H2,2021-12-15,3,Meets Expectations,58,False,E100075
1099,E100127,2022 H1,2022-06-15,2,Needs Improvement,42,False,E100075
1100,E100127,2022 H2,2022-12-15,5,Outstanding,78,False,E100075
1101,E100127,2023 H1,2023-06-15,3,Meets Expectations,56,False,E100075
1102,E100127,2023 H2,2023-12-15,4,Exceeds Expectations,73,False,E100075
1103,E100127,2024 H1,2024-06-15,3,Meets Expectations,39,False,E100075
1104,E100127,2024 H2,2024-12-15,3,Meets Expectations,62,False,E100075
1105,E100127,2025 H1,2025-06-15,5,Outstanding,95,False,E100075
1106,E100127,2025 H2,2025-12-15,3,Meets Expectations,62,False,E100075
1107,E100127,2026 H1,2026-06-15,2,Needs Improvement,35,False,E100075
1108,E100128,2021 H1,2021-06-15,3,Meets Expectations,51,False,E100031
1109,E100128,2021 H2,2021-12-15,3,Meets Expectations,42,False,E100031
1110,E100128,2022 H1,2022-06-15,5,Outstanding,83,True,E100031
1111,E100128,2022 H2,2022-12-15,3,Meets Expectations,53,False,E100031
1112,E100128,2023 H1,2023-06-15,4,Exceeds Expectations,88,False,E100031
1113,E100128,2023 H2,2023-12-15,4,Exceeds Expectations,77,False,E100031
1114,E100128,2024 H1,2024-06-15,2,Needs Improvement,39,False,E100031
1115,E100128,2024 H2,2024-12-15,3,Meets Expectations,46,False,E100031
1116,E100128,2025 H1,2025-06-15,2,Needs Improvement,32,False,E100031
1117,E100128,2025 H2,2025-12-15,4,Exceeds Expectations,76,True,E100031
1118,E100128,2026 H1,2026-06-15,4,Exceeds Expectations,65,False,E100031
1119,E100129,2021 H1,2021-06-15,3,Meets Expectations,49,False,E100033
1120,E100129,2021 H2,2021-12-15,3,Meets Expectations,38,False,E100033
1121,E100129,2022 H1,2022-06-15,3,Meets Expectations,50,False,E100033
1122,E100129,2022 H2,2022-12-15,4,Exceeds Expectations,100,False,E100033
1123,E100129,2023 H1,2023-06-15,3,Meets Expectations,54,False,E100033
1124,E100129,2023 H2,2023-12-15,4,Exceeds Expectations,69,False,E100033
1125,E100129,2024 H1,2024-06-15,4,Exceeds Expectations,85,False,E100033
1126,E100129,2024 H2,2024-12-15,3,Meets Expectations,69,False,E100033
1127,E100129,2025 H1,2025-06-15,4,Exceeds Expectations,79,False,E100033
1128,E100129,2025 H2,2025-12-15,4,Exceeds Expectations,85,False,E100033
1129,E100129,2026 H1,2026-06-15,4,Exceeds Expectations,85,True,E100033
1130,E100130,2021 H1,2021-06-15,4,Exceeds Expectations,64,False,E100078
1131,E100130,2021 H2,2021-12-15,3,Meets Expectations,43,False,E100078
1132,E100130,2022 H1,2022-06-15,3,Meets Expectations,48,False,E100078
1133,E100130,2022 H2,2022-12-15,2,Needs Improvement,45,False,E100078
1134,E100130,2023 H1,2023-06-15,5,Outstanding,82,False,E100078
1135,E100130,2023 H2,2023-12-15,4,Exceeds Expectations,98,False,E100078
1136,E100130,2024 H1,2024-06-15,4,Exceeds Expectations,61,False,E100078
1137,E100130,2024 H2,2024-12-15,4,Exceeds Expectations,70,True,E100078
1138,E100130,2025 H1,2025-06-15,4,Exceeds Expectations,95,False,E100078
1139,E100130,2025 H2,2025-12-15,3,Meets Expectations,68,False,E100078
1140,E100130,2026 H1,2026-06-15,3,Meets Expectations,49,False,E100078
1141,E100131,2021 H1,2021-06-15,2,Needs Improvement,52,False,E100043
1142,E100131,2021 H2,2021-12-15,2,Needs Improvement,30,False,E100043
1143,E100131,2022 H1,2022-06-15,4,Exceeds Expectations,92,False,E100043
1144,E100131,2022 H2,2022-12-15,2,Needs Improvement,39,False,E100043
1145,E100131,2023 H1,2023-06-15,2,Needs Improvement,52,False,E100043
1146,E100132,2021 H1,2021-06-15,4,Exceeds Expectations,87,True,E100006
1147,E100132,2021 H2,2021-12-15,3,Meets Expectations,49,False,E100006
1148,E100132,2022 H1,2022-06-15,3,Meets Expectations,68,False,E100006
1149,E100133,2021 H1,2021-06-15,5,Outstanding,83,False,E100031
1150,E100133,2021 H2,2021-12-15,4,Exceeds Expectations,70,True,E100031
1151,E100133,2022 H1,2022-06-15,2,Needs Improvement,41,False,E100031
1152,E100133,2022 H2,2022-12-15,4,Exceeds Expectations,83,False,E100031
1153,E100133,2023 H1,2023-06-15,3,Meets Expectations,50,False,E100031
1154,E100133,2023 H2,2023-12-15,3,Meets Expectations,63,False,E100031
1155,E100133,2024 H1,2024-06-15,4,Exceeds Expectations,65,True,E100031
1156,E100133,2024 H2,2024-12-15,4,Exceeds Expectations,79,False,E100031
1157,E100133,2025 H1,2025-06-15,4,Exceeds Expectations,71,False,E100031
1158,E100133,2025 H2,2025-12-15,5,Outstanding,82,True,E100031
1159,E100133,2026 H1,2026-06-15,3,Meets Expectations,63,False,E100031
1160,E100134,2021 H1,2021-06-15,4,Exceeds Expectations,72,True,E100043
1161,E100134,2021 H2,2021-12-15,3,Meets Expectations,41,False,E100043
1162,E100134,2022 H1,2022-06-15,3,Meets Expectations,65,False,E100043
1163,E100134,2022 H2,2022-12-15,3,Meets Expectations,54,False,E100043
1164,E100134,2023 H1,2023-06-15,5,Outstanding,100,True,E100043
1165,E100134,2023 H2,2023-12-15,3,Meets Expectations,51,False,E100043
1166,E100134,2024 H1,2024-06-15,5,Outstanding,86,False,E100043
1167,E100134,2024 H2,2024-12-15,3,Meets Expectations,52,False,E100043
1168,E100134,2025 H1,2025-06-15,5,Outstanding,89,True,E100043
1169,E100134,2025 H2,2025-12-15,3,Meets Expectations,60,False,E100043
1170,E100134,2026 H1,2026-06-15,5,Outstanding,77,False,E100043
1171,E100135,2021 H1,2021-06-15,4,Exceeds Expectations,63,False,E100031
1172,E100135,2021 H2,2021-12-15,5,Outstanding,78,True,E100031
1173,E100135,2022 H1,2022-06-15,4,Exceeds Expectations,64,False,E100031
1174,E100135,2022 H2,2022-12-15,5,Outstanding,114,False,E100031
1175,E100135,2023 H1,2023-06-15,5,Outstanding,89,False,E100031
1176,E100135,2023 H2,2023-12-15,2,Needs Improvement,37,False,E100031
1177,E100135,2024 H1,2024-06-15,4,Exceeds Expectations,95,False,E100031
1178,E100136,2021 H1,2021-06-15,4,Exceeds Expectations,64,False,E100056
1179,E100136,2021 H2,2021-12-15,4,Exceeds Expectations,68,False,E100056
1180,E100136,2022 H1,2022-06-15,3,Meets Expectations,75,False,E100056
1181,E100136,2022 H2,2022-12-15,3,Meets Expectations,63,False,E100056
1182,E100136,2023 H1,2023-06-15,3,Meets Expectations,53,False,E100056
1183,E100136,2023 H2,2023-12-15,3,Meets Expectations,44,False,E100056
1184,E100136,2024 H1,2024-06-15,4,Exceeds Expectations,49,False,E100056
1185,E100136,2024 H2,2024-12-15,3,Meets Expectations,56,False,E100056
1186,E100136,2025 H1,2025-06-15,4,Exceeds Expectations,77,False,E100056
1187,E100136,2025 H2,2025-12-15,2,Needs Improvement,31,False,E100056
1188,E100136,2026 H1,2026-06-15,4,Exceeds Expectations,64,True,E100056
1189,E100137,2021 H1,2021-06-15,4,Exceeds Expectations,77,True,E100078
1190,E100137,2021 H2,2021-12-15,3,Meets Expectations,60,False,E100078
1191,E100137,2022 H1,2022-06-15,3,Meets Expectations,45,False,E100078
1192,E100137,2022 H2,2022-12-15,5,Outstanding,85,True,E100078
1193,E100137,2023 H1,2023-06-15,2,Needs Improvement,30,False,E100078
1194,E100137,2023 H2,2023-12-15,4,Exceeds Expectations,75,True,E100078
1195,E100137,2024 H1,2024-06-15,2,Needs Improvement,42,False,E100078
1196,E100137,2024 H2,2024-12-15,3,Meets Expectations,39,False,E100078
1197,E100137,2025 H1,2025-06-15,2,Needs Improvement,38,False,E100078
1198,E100137,2025 H2,2025-12-15,3,Meets Expectations,45,False,E100078
1199,E100137,2026 H1,2026-06-15,3,Meets Expectations,53,False,E100078
1200,E100138,2021 H1,2021-06-15,3,Meets Expectations,52,False,E100031
1201,E100138,2021 H2,2021-12-15,3,Meets Expectations,73,False,E100031
1202,E100138,2022 H1,2022-06-15,3,Meets Expectations,61,False,E100031
1203,E100138,2022 H2,2022-12-15,4,Exceeds Expectations,66,False,E100031
1204,E100138,2023 H1,2023-06-15,2,Needs Improvement,31,False,E100031
1205,E100138,2023 H2,2023-12-15,2,Needs Improvement,30,False,E100031
1206,E100138,2024 H1,2024-06-15,3,Meets Expectations,54,False,E100031
1207,E100138,2024 H2,2024-12-15,3,Meets Expectations,37,False,E100031
1208,E100138,2025 H1,2025-06-15,2,Needs Improvement,37,False,E100031
1209,E100138,2025 H2,2025-12-15,4,Exceeds Expectations,63,False,E100031
1210,E100138,2026 H1,2026-06-15,3,Meets Expectations,56,False,E100031
1211,E100139,2021 H1,2021-06-15,5,Outstanding,105,False,E100075
1212,E100139,2021 H2,2021-12-15,4,Exceeds Expectations,51,True,E100075
1213,E100139,2022 H1,2022-06-15,5,Outstanding,94,False,E100075
1214,E100139,2022 H2,2022-12-15,3,Meets Expectations,73,False,E100075
1215,E100139,2023 H1,2023-06-15,3,Meets Expectations,75,False,E100075
1216,E100139,2023 H2,2023-12-15,2,Needs Improvement,31,False,E100075
1217,E100139,2024 H1,2024-06-15,2,Needs Improvement,31,False,E100075
1218,E100139,2024 H2,2024-12-15,4,Exceeds Expectations,66,True,E100075
1219,E100139,2025 H1,2025-06-15,3,Meets Expectations,66,False,E100075
1220,E100139,2025 H2,2025-12-15,4,Exceeds Expectations,73,False,E100075
1221,E100139,2026 H1,2026-06-15,2,Needs Improvement,30,False,E100075
1222,E100140,2021 H1,2021-06-15,3,Meets Expectations,34,False,E100069
1223,E100140,2021 H2,2021-12-15,4,Exceeds Expectations,78,False,E100069
1224,E100140,2022 H1,2022-06-15,4,Exceeds Expectations,58,False,E100069
1225,E100140,2022 H2,2022-12-15,4,Exceeds Expectations,63,False,E100069
1226,E100140,2023 H1,2023-06-15,5,Outstanding,86,False,E100069
1227,E100140,2023 H2,2023-12-15,3,Meets Expectations,60,False,E100069
1228,E100140,2024 H1,2024-06-15,4,Exceeds Expectations,39,False,E100069
1229,E100140,2024 H2,2024-12-15,2,Needs Improvement,30,False,E100069
1230,E100140,2025 H1,2025-06-15,4,Exceeds Expectations,89,True,E100069
1231,E100140,2025 H2,2025-12-15,3,Meets Expectations,62,False,E100069
1232,E100140,2026 H1,2026-06-15,4,Exceeds Expectations,58,False,E100069
1233,E100141,2021 H1,2021-06-15,3,Meets Expectations,47,False,E100044
1234,E100141,2021 H2,2021-12-15,3,Meets Expectations,71,False,E100044
1235,E100141,2022 H1,2022-06-15,4,Exceeds Expectations,63,False,E100044
1236,E100141,2022 H2,2022-12-15,3,Meets Expectations,55,False,E100044
1237,E100141,2023 H1,2023-06-15,4,Exceeds Expectations,52,False,E100044
1238,E100141,2023 H2,2023-12-15,5,Outstanding,92,False,E100044
1239,E100141,2024 H1,2024-06-15,3,Meets Expectations,78,False,E100044
1240,E100141,2024 H2,2024-12-15,4,Exceeds Expectations,87,True,E100044
1241,E100141,2025 H1,2025-06-15,5,Outstanding,110,False,E100044
1242,E100141,2025 H2,2025-12-15,4,Exceeds Expectations,81,False,E100044
1243,E100141,2026 H1,2026-06-15,4,Exceeds Expectations,86,False,E100044
1244,E100142,2021 H1,2021-06-15,3,Meets Expectations,58,False,E100174
1245,E100142,2021 H2,2021-12-15,3,Meets Expectations,63,False,E100174
1246,E100142,2022 H1,2022-06-15,3,Meets Expectations,51,False,E100174
1247,E100142,2022 H2,2022-12-15,2,Needs Improvement,55,False,E100174
1248,E100142,2023 H1,2023-06-15,2,Needs Improvement,40,False,E100174
1249,E100142,2023 H2,2023-12-15,4,Exceeds Expectations,86,False,E100174
1250,E100142,2024 H1,2024-06-15,3,Meets Expectations,40,False,E100174
1251,E100142,2024 H2,2024-12-15,4,Exceeds Expectations,83,False,E100174
1252,E100142,2025 H1,2025-06-15,4,Exceeds Expectations,72,False,E100174
1253,E100142,2025 H2,2025-12-15,3,Meets Expectations,42,False,E100174
1254,E100142,2026 H1,2026-06-15,1,Unsatisfactory,34,False,E100174
1255,E100143,2021 H1,2021-06-15,3,Meets Expectations,62,False,E100179
1256,E100143,2021 H2,2021-12-15,3,Meets Expectations,50,False,E100179
1257,E100143,2022 H1,2022-06-15,3,Meets Expectations,52,False,E100179
1258,E100143,2022 H2,2022-12-15,4,Exceeds Expectations,73,False,E100179
1259,E100144,2021 H1,2021-06-15,5,Outstanding,78,False,E100185
1260,E100144,2021 H2,2021-12-15,3,Meets Expectations,53,False,E100185
1261,E100144,2022 H1,2022-06-15,4,Exceeds Expectations,64,False,E100185
1262,E100145,2021 H1,2021-06-15,4,Exceeds Expectations,78,False,E100159
1263,E100145,2021 H2,2021-12-15,5,Outstanding,84,False,E100159
1264,E100145,2022 H1,2022-06-15,2,Needs Improvement,45,False,E100159
1265,E100145,2022 H2,2022-12-15,4,Exceeds Expectations,48,False,E100159
1266,E100145,2023 H1,2023-06-15,4,Exceeds Expectations,75,False,E100159
1267,E100145,2023 H2,2023-12-15,3,Meets Expectations,69,False,E100159
1268,E100145,2024 H1,2024-06-15,3,Meets Expectations,71,False,E100159
1269,E100145,2024 H2,2024-12-15,4,Exceeds Expectations,79,False,E100159
1270,E100145,2025 H1,2025-06-15,4,Exceeds Expectations,79,False,E100159
1271,E100145,2025 H2,2025-12-15,3,Meets Expectations,42,False,E100159
1272,E100145,2026 H1,2026-06-15,5,Outstanding,84,False,E100159
1273,E100146,2021 H1,2021-06-15,3,Meets Expectations,40,False,E000001
1274,E100146,2021 H2,2021-12-15,4,Exceeds Expectations,61,False,E000001
1275,E100146,2022 H1,2022-06-15,4,Exceeds Expectations,68,False,E000001
1276,E100146,2022 H2,2022-12-15,4,Exceeds Expectations,88,True,E000001
1277,E100146,2023 H1,2023-06-15,2,Needs Improvement,30,False,E000001
1278,E100146,2023 H2,2023-12-15,3,Meets Expectations,58,False,E000001
1279,E100146,2024 H1,2024-06-15,4,Exceeds Expectations,69,False,E000001
1280,E100147,2021 H1,2021-06-15,4,Exceeds Expectations,72,False,E100183
1281,E100147,2021 H2,2021-12-15,3,Meets Expectations,67,False,E100183
1282,E100147,2022 H1,2022-06-15,3,Meets Expectations,52,False,E100183
1283,E100147,2022 H2,2022-12-15,3,Meets Expectations,56,False,E100183
1284,E100147,2023 H1,2023-06-15,4,Exceeds Expectations,80,False,E100183
1285,E100147,2023 H2,2023-12-15,4,Exceeds Expectations,62,False,E100183
1286,E100147,2024 H1,2024-06-15,3,Meets Expectations,52,False,E100183
1287,E100147,2024 H2,2024-12-15,4,Exceeds Expectations,70,False,E100183
1288,E100147,2025 H1,2025-06-15,5,Outstanding,96,True,E100183
1289,E100147,2025 H2,2025-12-15,4,Exceeds Expectations,62,False,E100183
1290,E100147,2026 H1,2026-06-15,3,Meets Expectations,48,False,E100183
1291,E100148,2021 H1,2021-06-15,3,Meets Expectations,65,False,E100185
1292,E100148,2021 H2,2021-12-15,3,Meets Expectations,37,False,E100185
1293,E100148,2022 H1,2022-06-15,5,Outstanding,85,False,E100185
1294,E100148,2022 H2,2022-12-15,3,Meets Expectations,64,False,E100185
1295,E100148,2023 H1,2023-06-15,4,Exceeds Expectations,62,False,E100185
1296,E100149,2021 H1,2021-06-15,4,Exceeds Expectations,85,False,E100185
1297,E100149,2021 H2,2021-12-15,3,Meets Expectations,65,False,E100185
1298,E100149,2022 H1,2022-06-15,4,Exceeds Expectations,83,False,E100185
1299,E100149,2022 H2,2022-12-15,5,Outstanding,107,False,E100185
1300,E100149,2023 H1,2023-06-15,4,Exceeds Expectations,68,True,E100185
1301,E100149,2023 H2,2023-12-15,4,Exceeds Expectations,75,False,E100185
1302,E100149,2024 H1,2024-06-15,3,Meets Expectations,61,False,E100185
1303,E100150,2021 H1,2021-06-15,4,Exceeds Expectations,74,False,E100159
1304,E100151,2021 H1,2021-06-15,5,Outstanding,81,True,E100183
1305,E100151,2021 H2,2021-12-15,4,Exceeds Expectations,72,False,E100183
1306,E100151,2022 H1,2022-06-15,2,Needs Improvement,30,False,E100183
1307,E100151,2022 H2,2022-12-15,2,Needs Improvement,44,False,E100183
1308,E100151,2023 H1,2023-06-15,2,Needs Improvement,30,False,E100183
1309,E100151,2023 H2,2023-12-15,3,Meets Expectations,50,False,E100183
1310,E100152,2021 H1,2021-06-15,3,Meets Expectations,43,False,E100159
1311,E100152,2021 H2,2021-12-15,4,Exceeds Expectations,70,False,E100159
1312,E100152,2022 H1,2022-06-15,4,Exceeds Expectations,62,False,E100159
1313,E100152,2022 H2,2022-12-15,3,Meets Expectations,45,False,E100159
1314,E100152,2023 H1,2023-06-15,3,Meets Expectations,47,False,E100159
1315,E100152,2023 H2,2023-12-15,4,Exceeds Expectations,49,False,E100159
1316,E100152,2024 H1,2024-06-15,5,Outstanding,86,False,E100159
1317,E100152,2024 H2,2024-12-15,3,Meets Expectations,72,False,E100159
1318,E100152,2025 H1,2025-06-15,3,Meets Expectations,51,False,E100159
1319,E100152,2025 H2,2025-12-15,3,Meets Expectations,51,False,E100159
1320,E100152,2026 H1,2026-06-15,4,Exceeds Expectations,77,False,E100159
1321,E100153,2021 H1,2021-06-15,2,Needs Improvement,30,False,E100185
1322,E100153,2021 H2,2021-12-15,4,Exceeds Expectations,66,False,E100185
1323,E100153,2022 H1,2022-06-15,3,Meets Expectations,55,False,E100185
1324,E100153,2022 H2,2022-12-15,5,Outstanding,103,False,E100185
1325,E100153,2023 H1,2023-06-15,4,Exceeds Expectations,65,False,E100185
1326,E100153,2023 H2,2023-12-15,5,Outstanding,97,True,E100185
1327,E100153,2024 H1,2024-06-15,5,Outstanding,87,False,E100185
1328,E100153,2024 H2,2024-12-15,2,Needs Improvement,41,False,E100185
1329,E100153,2025 H1,2025-06-15,3,Meets Expectations,70,False,E100185
1330,E100153,2025 H2,2025-12-15,3,Meets Expectations,49,False,E100185
1331,E100153,2026 H1,2026-06-15,5,Outstanding,85,False,E100185
1332,E100154,2021 H1,2021-06-15,3,Meets Expectations,38,False,E100174
1333,E100154,2021 H2,2021-12-15,4,Exceeds Expectations,70,False,E100174
1334,E100155,2021 H1,2021-06-15,2,Needs Improvement,47,False,E100185
1335,E100155,2021 H2,2021-12-15,3,Meets Expectations,72,False,E100185
1336,E100155,2022 H1,2022-06-15,5,Outstanding,77,True,E100185
1337,E100155,2022 H2,2022-12-15,4,Exceeds Expectations,82,True,E100185
1338,E100155,2023 H1,2023-06-15,2,Needs Improvement,33,False,E100185
1339,E100155,2023 H2,2023-12-15,3,Meets Expectations,64,False,E100185
1340,E100155,2024 H1,2024-06-15,3,Meets Expectations,56,False,E100185
1341,E100155,2024 H2,2024-12-15,5,Outstanding,69,False,E100185
1342,E100156,2021 H1,2021-06-15,3,Meets Expectations,55,False,E100162
1343,E100156,2021 H2,2021-12-15,1,Unsatisfactory,30,False,E100162
1344,E100156,2022 H1,2022-06-15,4,Exceeds Expectations,71,False,E100162
1345,E100156,2022 H2,2022-12-15,4,Exceeds Expectations,70,False,E100162
1346,E100156,2023 H1,2023-06-15,5,Outstanding,114,False,E100162
1347,E100156,2023 H2,2023-12-15,4,Exceeds Expectations,48,False,E100162
1348,E100156,2024 H1,2024-06-15,3,Meets Expectations,68,False,E100162
1349,E100156,2024 H2,2024-12-15,3,Meets Expectations,68,False,E100162
1350,E100156,2025 H1,2025-06-15,3,Meets Expectations,41,False,E100162
1351,E100157,2021 H1,2021-06-15,4,Exceeds Expectations,76,False,E100179
1352,E100157,2021 H2,2021-12-15,3,Meets Expectations,67,False,E100179
1353,E100157,2022 H1,2022-06-15,2,Needs Improvement,46,False,E100179
1354,E100157,2022 H2,2022-12-15,3,Meets Expectations,71,False,E100179
1355,E100157,2023 H1,2023-06-15,4,Exceeds Expectations,68,False,E100179
1356,E100157,2023 H2,2023-12-15,3,Meets Expectations,37,False,E100179
1357,E100157,2024 H1,2024-06-15,3,Meets Expectations,54,False,E100179
1358,E100157,2024 H2,2024-12-15,4,Exceeds Expectations,64,True,E100179
1359,E100157,2025 H1,2025-06-15,4,Exceeds Expectations,68,False,E100179
1360,E100157,2025 H2,2025-12-15,5,Outstanding,88,False,E100179
1361,E100157,2026 H1,2026-06-15,3,Meets Expectations,42,False,E100179
1362,E100158,2021 H1,2021-06-15,3,Meets Expectations,51,False,E000001
1363,E100158,2021 H2,2021-12-15,3,Meets Expectations,58,False,E000001
1364,E100158,2022 H1,2022-06-15,3,Meets Expectations,45,False,E000001
1365,E100158,2022 H2,2022-12-15,3,Meets Expectations,51,False,E000001
1366,E100158,2023 H1,2023-06-15,3,Meets Expectations,37,False,E000001
1367,E100158,2023 H2,2023-12-15,2,Needs Improvement,30,False,E000001
1368,E100158,2024 H1,2024-06-15,4,Exceeds Expectations,76,True,E000001
1369,E100158,2024 H2,2024-12-15,3,Meets Expectations,58,False,E000001
1370,E100158,2025 H1,2025-06-15,3,Meets Expectations,52,False,E000001
1371,E100158,2025 H2,2025-12-15,2,Needs Improvement,48,False,E000001
1372,E100158,2026 H1,2026-06-15,5,Outstanding,93,False,E000001
1373,E100159,2021 H1,2021-06-15,3,Meets Expectations,54,False,E100185
1374,E100160,2021 H1,2021-06-15,3,Meets Expectations,40,False,E100179
1375,E100160,2021 H2,2021-12-15,4,Exceeds Expectations,62,False,E100179
1376,E100160,2022 H1,2022-06-15,3,Meets Expectations,31,False,E100179
1377,E100160,2022 H2,2022-12-15,4,Exceeds Expectations,87,False,E100179
1378,E100161,2021 H1,2021-06-15,4,Exceeds Expectations,80,False,E100159
1379,E100162,2021 H1,2021-06-15,2,Needs Improvement,33,False,E100185
1380,E100162,2021 H2,2021-12-15,4,Exceeds Expectations,62,False,E100185
1381,E100163,2021 H1,2021-06-15,3,Meets Expectations,37,False,E100159
1382,E100163,2021 H2,2021-12-15,3,Meets Expectations,52,False,E100159
1383,E100163,2022 H1,2022-06-15,4,Exceeds Expectations,55,False,E100159
1384,E100163,2022 H2,2022-12-15,2,Needs Improvement,48,False,E100159
1385,E100163,2023 H1,2023-06-15,4,Exceeds Expectations,65,True,E100159
1386,E100163,2023 H2,2023-12-15,5,Outstanding,91,False,E100159
1387,E100163,2024 H1,2024-06-15,4,Exceeds Expectations,69,False,E100159
1388,E100164,2021 H1,2021-06-15,4,Exceeds Expectations,68,False,E100183
1389,E100164,2021 H2,2021-12-15,5,Outstanding,88,False,E100183
1390,E100164,2022 H1,2022-06-15,3,Meets Expectations,37,False,E100183
1391,E100164,2022 H2,2022-12-15,3,Meets Expectations,71,False,E100183
1392,E100164,2023 H1,2023-06-15,5,Outstanding,88,True,E100183
1393,E100164,2023 H2,2023-12-15,3,Meets Expectations,41,False,E100183
1394,E100164,2024 H1,2024-06-15,4,Exceeds Expectations,75,False,E100183
1395,E100164,2024 H2,2024-12-15,4,Exceeds Expectations,56,False,E100183
1396,E100164,2025 H1,2025-06-15,4,Exceeds Expectations,69,False,E100183
1397,E100164,2025 H2,2025-12-15,5,Outstanding,92,False,E100183
1398,E100164,2026 H1,2026-06-15,5,Outstanding,96,False,E100183
1399,E100165,2021 H1,2021-06-15,3,Meets Expectations,62,False,E100174
1400,E100165,2021 H2,2021-12-15,4,Exceeds Expectations,74,True,E100174
1401,E100165,2022 H1,2022-06-15,3,Meets Expectations,63,False,E100174
1402,E100165,2022 H2,2022-12-15,4,Exceeds Expectations,58,True,E100174
1403,E100165,2023 H1,2023-06-15,4,Exceeds Expectations,70,False,E100174
1404,E100165,2023 H2,2023-12-15,5,Outstanding,82,False,E100174
1405,E100165,2024 H1,2024-06-15,4,Exceeds Expectations,78,False,E100174
1406,E100165,2024 H2,2024-12-15,3,Meets Expectations,67,False,E100174
1407,E100165,2025 H1,2025-06-15,3,Meets Expectations,41,False,E100174
1408,E100165,2025 H2,2025-12-15,5,Outstanding,85,True,E100174
1409,E100165,2026 H1,2026-06-15,3,Meets Expectations,52,False,E100174
1410,E100166,2021 H1,2021-06-15,3,Meets Expectations,44,False,E100185
1411,E100166,2021 H2,2021-12-15,2,Needs Improvement,41,False,E100185
1412,E100166,2022 H1,2022-06-15,4,Exceeds Expectations,74,False,E100185
1413,E100166,2022 H2,2022-12-15,4,Exceeds Expectations,70,True,E100185
1414,E100166,2023 H1,2023-06-15,4,Exceeds Expectations,71,False,E100185
1415,E100166,2023 H2,2023-12-15,3,Meets Expectations,43,False,E100185
1416,E100166,2024 H1,2024-06-15,5,Outstanding,87,False,E100185
1417,E100166,2024 H2,2024-12-15,3,Meets Expectations,48,False,E100185
1418,E100167,2021 H1,2021-06-15,3,Meets Expectations,50,False,E100183
1419,E100167,2021 H2,2021-12-15,4,Exceeds Expectations,55,False,E100183
1420,E100167,2022 H1,2022-06-15,3,Meets Expectations,68,False,E100183
1421,E100167,2022 H2,2022-12-15,5,Outstanding,87,False,E100183
1422,E100167,2023 H1,2023-06-15,5,Outstanding,97,True,E100183
1423,E100167,2023 H2,2023-12-15,5,Outstanding,90,False,E100183
1424,E100167,2024 H1,2024-06-15,3,Meets Expectations,63,False,E100183
1425,E100167,2024 H2,2024-12-15,4,Exceeds Expectations,69,False,E100183
1426,E100167,2025 H1,2025-06-15,4,Exceeds Expectations,42,False,E100183
1427,E100167,2025 H2,2025-12-15,3,Meets Expectations,68,False,E100183
1428,E100167,2026 H1,2026-06-15,3,Meets Expectations,53,False,E100183
1429,E100168,2021 H1,2021-06-15,3,Meets Expectations,43,False,E100183
1430,E100168,2021 H2,2021-12-15,3,Meets Expectations,51,False,E100183
1431,E100168,2022 H1,2022-06-15,3,Meets Expectations,52,False,E100183
1432,E100169,2021 H1,2021-06-15,2,Needs Improvement,35,False,E100162
1433,E100169,2021 H2,2021-12-15,3,Meets Expectations,73,False,E100162
1434,E100169,2022 H1,2022-06-15,3,Meets Expectations,62,False,E100162
1435,E100169,2022 H2,2022-12-15,2,Needs Improvement,60,False,E100162
1436,E100170,2021 H1,2021-06-15,4,Exceeds Expectations,74,False,E100174
1437,E100170,2021 H2,2021-12-15,4,Exceeds Expectations,72,False,E100174
1438,E100170,2022 H1,2022-06-15,3,Meets Expectations,44,False,E100174
1439,E100170,2022 H2,2022-12-15,4,Exceeds Expectations,84,False,E100174
1440,E100170,2023 H1,2023-06-15,2,Needs Improvement,58,False,E100174
1441,E100170,2023 H2,2023-12-15,3,Meets Expectations,57,False,E100174
1442,E100170,2024 H1,2024-06-15,3,Meets Expectations,53,False,E100174
1443,E100170,2024 H2,2024-12-15,4,Exceeds Expectations,70,True,E100174
1444,E100170,2025 H1,2025-06-15,4,Exceeds Expectations,73,True,E100174
1445,E100170,2025 H2,2025-12-15,4,Exceeds Expectations,76,False,E100174
1446,E100170,2026 H1,2026-06-15,1,Unsatisfactory,30,False,E100174
1447,E100171,2021 H1,2021-06-15,5,Outstanding,98,True,E100182
1448,E100172,2021 H1,2021-06-15,2,Needs Improvement,32,False,E100183
1449,E100172,2021 H2,2021-12-15,3,Meets Expectations,51,False,E100183
1450,E100172,2022 H1,2022-06-15,3,Meets Expectations,48,False,E100183
1451,E100172,2022 H2,2022-12-15,3,Meets Expectations,75,False,E100183
1452,E100172,2023 H1,2023-06-15,4,Exceeds Expectations,69,False,E100183
1453,E100172,2023 H2,2023-12-15,4,Exceeds Expectations,56,False,E100183
1454,E100172,2024 H1,2024-06-15,4,Exceeds Expectations,57,False,E100183
1455,E100172,2024 H2,2024-12-15,4,Exceeds Expectations,63,True,E100183
1456,E100172,2025 H1,2025-06-15,4,Exceeds Expectations,98,False,E100183
1457,E100172,2025 H2,2025-12-15,4,Exceeds Expectations,57,False,E100183
1458,E100172,2026 H1,2026-06-15,3,Meets Expectations,57,False,E100183
1459,E100173,2021 H1,2021-06-15,5,Outstanding,78,False,E100166
1460,E100173,2021 H2,2021-12-15,5,Outstanding,96,True,E100166
1461,E100173,2022 H1,2022-06-15,3,Meets Expectations,62,False,E100166
1462,E100173,2022 H2,2022-12-15,2,Needs Improvement,30,False,E100166
1463,E100173,2023 H1,2023-06-15,2,Needs Improvement,58,False,E100166
1464,E100173,2023 H2,2023-12-15,3,Meets Expectations,55,False,E100166
1465,E100173,2024 H1,2024-06-15,4,Exceeds Expectations,57,False,E100166
1466,E100173,2024 H2,2024-12-15,3,Meets Expectations,57,False,E100166
1467,E100173,2025 H1,2025-06-15,5,Outstanding,98,False,E100166
1468,E100173,2025 H2,2025-12-15,4,Exceeds Expectations,74,False,E100166
1469,E100173,2026 H1,2026-06-15,4,Exceeds Expectations,62,False,E100166
1470,E100174,2021 H1,2021-06-15,4,Exceeds Expectations,76,False,E100185
1471,E100174,2021 H2,2021-12-15,3,Meets Expectations,52,False,E100185
1472,E100174,2022 H1,2022-06-15,2,Needs Improvement,30,False,E100185
1473,E100174,2022 H2,2022-12-15,1,Unsatisfactory,30,False,E100185
1474,E100174,2023 H1,2023-06-15,4,Exceeds Expectations,70,False,E100185
1475,E100174,2023 H2,2023-12-15,4,Exceeds Expectations,75,True,E100185
1476,E100174,2024 H1,2024-06-15,3,Meets Expectations,40,False,E100185
1477,E100174,2024 H2,2024-12-15,4,Exceeds Expectations,62,False,E100185
1478,E100174,2025 H1,2025-06-15,4,Exceeds Expectations,85,False,E100185
1479,E100174,2025 H2,2025-12-15,5,Outstanding,93,False,E100185
1480,E100174,2026 H1,2026-06-15,3,Meets Expectations,49,False,E100185
1481,E100175,2021 H1,2021-06-15,4,Exceeds Expectations,52,True,E100183
1482,E100175,2021 H2,2021-12-15,3,Meets Expectations,46,False,E100183
1483,E100175,2022 H1,2022-06-15,4,Exceeds Expectations,71,False,E100183
1484,E100175,2022 H2,2022-12-15,4,Exceeds Expectations,70,False,E100183
1485,E100175,2023 H1,2023-06-15,3,Meets Expectations,57,False,E100183
1486,E100175,2023 H2,2023-12-15,4,Exceeds Expectations,82,True,E100183
1487,E100175,2024 H1,2024-06-15,3,Meets Expectations,64,False,E100183
1488,E100175,2024 H2,2024-12-15,5,Outstanding,83,False,E100183
1489,E100175,2025 H1,2025-06-15,4,Exceeds Expectations,66,False,E100183
1490,E100175,2025 H2,2025-12-15,5,Outstanding,91,False,E100183
1491,E100175,2026 H1,2026-06-15,3,Meets Expectations,44,False,E100183
1492,E100176,2021 H1,2021-06-15,3,Meets Expectations,52,False,E100166
1493,E100176,2021 H2,2021-12-15,4,Exceeds Expectations,69,False,E100166
1494,E100176,2022 H1,2022-06-15,3,Meets Expectations,71,False,E100166
1495,E100176,2022 H2,2022-12-15,3,Meets Expectations,42,False,E100166
1496,E100176,2023 H1,2023-06-15,2,Needs Improvement,30,False,E100166
1497,E100176,2023 H2,2023-12-15,3,Meets Expectations,54,False,E100166
1498,E100176,2024 H1,2024-06-15,3,Meets Expectations,38,False,E100166
1499,E100176,2024 H2,2024-12-15,3,Meets Expectations,40,False,E100166
1500,E100176,2025 H1,2025-06-15,1,Unsatisfactory,30,False,E100166
1501,E100176,2025 H2,2025-12-15,4,Exceeds Expectations,68,False,E100166
1502,E100176,2026 H1,2026-06-15,4,Exceeds Expectations,65,False,E100166
1503,E100178,2021 H1,2021-06-15,3,Meets Expectations,45,False,E100174
1504,E100178,2021 H2,2021-12-15,3,Meets Expectations,46,False,E100174
1505,E100178,2022 H1,2022-06-15,5,Outstanding,88,False,E100174
1506,E100178,2022 H2,2022-12-15,3,Meets Expectations,63,False,E100174
1507,E100178,2023 H1,2023-06-15,3,Meets Expectations,64,False,E100174
1508,E100178,2023 H2,2023-12-15,4,Exceeds Expectations,73,False,E100174
1509,E100178,2024 H1,2024-06-15,4,Exceeds Expectations,75,False,E100174
1510,E100178,2024 H2,2024-12-15,2,Needs Improvement,37,False,E100174
1511,E100178,2025 H1,2025-06-15,4,Exceeds Expectations,76,False,E100174
1512,E100179,2021 H1,2021-06-15,3,Meets Expectations,66,False,E100185
1513,E100179,2021 H2,2021-12-15,4,Exceeds Expectations,67,True,E100185
1514,E100179,2022 H1,2022-06-15,4,Exceeds Expectations,82,False,E100185
1515,E100179,2022 H2,2022-12-15,3,Meets Expectations,45,False,E100185
1516,E100179,2023 H1,2023-06-15,4,Exceeds Expectations,81,False,E100185
1517,E100179,2023 H2,2023-12-15,3,Meets Expectations,52,False,E100185
1518,E100179,2024 H1,2024-06-15,4,Exceeds Expectations,64,False,E100185
1519,E100179,2024 H2,2024-12-15,1,Unsatisfactory,30,False,E100185
1520,E100179,2025 H1,2025-06-15,4,Exceeds Expectations,81,False,E100185
1521,E100179,2025 H2,2025-12-15,4,Exceeds Expectations,88,True,E100185
1522,E100179,2026 H1,2026-06-15,4,Exceeds Expectations,94,False,E100185
1523,E100180,2021 H1,2021-06-15,4,Exceeds Expectations,73,False,E100185
1524,E100180,2021 H2,2021-12-15,4,Exceeds Expectations,63,True,E100185
1525,E100180,2022 H1,2022-06-15,3,Meets Expectations,52,False,E100185
1526,E100180,2022 H2,2022-12-15,3,Meets Expectations,62,False,E100185
1527,E100180,2023 H1,2023-06-15,4,Exceeds Expectations,79,False,E100185
1528,E100181,2021 H1,2021-06-15,3,Meets Expectations,60,False,E100162
1529,E100181,2021 H2,2021-12-15,4,Exceeds Expectations,79,True,E100162
1530,E100181,2022 H1,2022-06-15,2,Needs Improvement,30,False,E100162
1531,E100181,2022 H2,2022-12-15,4,Exceeds Expectations,83,False,E100162
1532,E100181,2023 H1,2023-06-15,3,Meets Expectations,53,False,E100162
1533,E100181,2023 H2,2023-12-15,3,Meets Expectations,43,False,E100162
1534,E100181,2024 H1,2024-06-15,4,Exceeds Expectations,75,True,E100162
1535,E100181,2024 H2,2024-12-15,4,Exceeds Expectations,81,False,E100162
1536,E100182,2021 H1,2021-06-15,3,Meets Expectations,61,False,E100185
1537,E100182,2021 H2,2021-12-15,4,Exceeds Expectations,78,False,E100185
1538,E100182,2022 H1,2022-06-15,3,Meets Expectations,59,False,E100185
1539,E100182,2022 H2,2022-12-15,4,Exceeds Expectations,81,True,E100185
1540,E100182,2023 H1,2023-06-15,5,Outstanding,91,False,E100185
1541,E100182,2023 H2,2023-12-15,5,Outstanding,87,True,E100185
1542,E100182,2024 H1,2024-06-15,3,Meets Expectations,71,False,E100185
1543,E100182,2024 H2,2024-12-15,4,Exceeds Expectations,81,False,E100185
1544,E100182,2025 H1,2025-06-15,2,Needs Improvement,39,False,E100185
1545,E100182,2025 H2,2025-12-15,4,Exceeds Expectations,77,True,E100185
1546,E100182,2026 H1,2026-06-15,4,Exceeds Expectations,68,False,E100185
1547,E100183,2021 H1,2021-06-15,5,Outstanding,82,False,E100185
1548,E100183,2021 H2,2021-12-15,3,Meets Expectations,63,False,E100185
1549,E100183,2022 H1,2022-06-15,2,Needs Improvement,35,False,E100185
1550,E100183,2022 H2,2022-12-15,4,Exceeds Expectations,67,False,E100185
1551,E100184,2021 H1,2021-06-15,3,Meets Expectations,58,False,E100159
1552,E100184,2021 H2,2021-12-15,4,Exceeds Expectations,65,True,E100159
1553,E100184,2022 H1,2022-06-15,4,Exceeds Expectations,71,True,E100159
1554,E100184,2022 H2,2022-12-15,4,Exceeds Expectations,62,False,E100159
1555,E100184,2023 H1,2023-06-15,3,Meets Expectations,51,False,E100159
1556,E100184,2023 H2,2023-12-15,3,Meets Expectations,63,False,E100159
1557,E100184,2024 H1,2024-06-15,4,Exceeds Expectations,78,False,E100159
1558,E100184,2024 H2,2024-12-15,5,Outstanding,82,False,E100159
1559,E100184,2025 H1,2025-06-15,5,Outstanding,90,False,E100159
1560,E100184,2025 H2,2025-12-15,1,Unsatisfactory,30,False,E100159
1561,E100184,2026 H1,2026-06-15,2,Needs Improvement,30,False,E100159
1562,E100185,2021 H1,2021-06-15,3,Meets Expectations,53,False,E000001
1563,E100185,2021 H2,2021-12-15,2,Needs Improvement,48,False,E000001
1564,E100185,2022 H1,2022-06-15,4,Exceeds Expectations,98,False,E000001
1565,E100185,2022 H2,2022-12-15,3,Meets Expectations,49,False,E000001
1566,E100185,2023 H1,2023-06-15,4,Exceeds Expectations,80,True,E000001
1567,E100185,2023 H2,2023-12-15,5,Outstanding,83,False,E000001
1568,E100185,2024 H1,2024-06-15,4,Exceeds Expectations,82,False,E000001
1569,E100185,2024 H2,2024-12-15,5,Outstanding,104,False,E000001
1570,E100185,2025 H1,2025-06-15,5,Outstanding,109,True,E000001
1571,E100185,2025 H2,2025-12-15,3,Meets Expectations,46,False,E000001
1572,E100185,2026 H1,2026-06-15,4,Exceeds Expectations,68,True,E000001
1573,E100186,2021 H1,2021-06-15,4,Exceeds Expectations,71,False,E100183
1574,E100187,2021 H1,2021-06-15,4,Exceeds Expectations,75,False,E100250
1575,E100187,2021 H2,2021-12-15,4,Exceeds Expectations,60,False,E100250
1576,E100187,2022 H1,2022-06-15,2,Needs Improvement,35,False,E100250
1577,E100187,2022 H2,2022-12-15,4,Exceeds Expectations,88,False,E100250
1578,E100187,2023 H1,2023-06-15,4,Exceeds Expectations,74,False,E100250
1579,E100187,2023 H2,2023-12-15,3,Meets Expectations,59,False,E100250
1580,E100188,2021 H1,2021-06-15,3,Meets Expectations,42,False,E100250
1581,E100188,2021 H2,2021-12-15,4,Exceeds Expectations,67,False,E100250
1582,E100188,2022 H1,2022-06-15,3,Meets Expectations,39,False,E100250
1583,E100189,2021 H1,2021-06-15,4,Exceeds Expectations,89,True,E100250
1584,E100189,2021 H2,2021-12-15,2,Needs Improvement,30,False,E100250
1585,E100189,2022 H1,2022-06-15,4,Exceeds Expectations,74,False,E100250
1586,E100189,2022 H2,2022-12-15,3,Meets Expectations,48,False,E100250
1587,E100189,2023 H1,2023-06-15,4,Exceeds Expectations,53,False,E100250
1588,E100189,2023 H2,2023-12-15,2,Needs Improvement,30,False,E100250
1589,E100189,2024 H1,2024-06-15,3,Meets Expectations,50,False,E100250
1590,E100189,2024 H2,2024-12-15,1,Unsatisfactory,30,False,E100250
1591,E100189,2025 H1,2025-06-15,4,Exceeds Expectations,77,False,E100250
1592,E100190,2021 H1,2021-06-15,4,Exceeds Expectations,77,False,E100227
1593,E100190,2021 H2,2021-12-15,3,Meets Expectations,44,False,E100227
1594,E100190,2022 H1,2022-06-15,3,Meets Expectations,45,False,E100227
1595,E100190,2022 H2,2022-12-15,4,Exceeds Expectations,77,False,E100227
1596,E100190,2023 H1,2023-06-15,3,Meets Expectations,57,False,E100227
1597,E100190,2023 H2,2023-12-15,4,Exceeds Expectations,77,False,E100227
1598,E100190,2024 H1,2024-06-15,4,Exceeds Expectations,72,False,E100227
1599,E100190,2024 H2,2024-12-15,3,Meets Expectations,54,False,E100227
1600,E100190,2025 H1,2025-06-15,4,Exceeds Expectations,79,False,E100227
1601,E100190,2025 H2,2025-12-15,3,Meets Expectations,65,False,E100227
1602,E100190,2026 H1,2026-06-15,5,Outstanding,115,False,E100227
1603,E100191,2021 H1,2021-06-15,5,Outstanding,122,False,E100187
1604,E100191,2021 H2,2021-12-15,5,Outstanding,63,False,E100187
1605,E100191,2022 H1,2022-06-15,4,Exceeds Expectations,57,False,E100187
1606,E100191,2022 H2,2022-12-15,5,Outstanding,86,False,E100187
1607,E100191,2023 H1,2023-06-15,4,Exceeds Expectations,70,False,E100187
1608,E100191,2023 H2,2023-12-15,5,Outstanding,78,False,E100187
1609,E100191,2024 H1,2024-06-15,4,Exceeds Expectations,61,False,E100187
1610,E100192,2021 H1,2021-06-15,1,Unsatisfactory,30,False,E100302
1611,E100192,2021 H2,2021-12-15,2,Needs Improvement,30,False,E100302
1612,E100192,2022 H1,2022-06-15,2,Needs Improvement,32,False,E100302
1613,E100192,2022 H2,2022-12-15,4,Exceeds Expectations,57,True,E100302
1614,E100192,2023 H1,2023-06-15,4,Exceeds Expectations,66,False,E100302
1615,E100192,2023 H2,2023-12-15,2,Needs Improvement,48,False,E100302
1616,E100192,2024 H1,2024-06-15,4,Exceeds Expectations,80,False,E100302
1617,E100192,2024 H2,2024-12-15,4,Exceeds Expectations,61,False,E100302
1618,E100192,2025 H1,2025-06-15,5,Outstanding,90,False,E100302
1619,E100192,2025 H2,2025-12-15,4,Exceeds Expectations,75,False,E100302
1620,E100192,2026 H1,2026-06-15,4,Exceeds Expectations,55,True,E100302
1621,E100193,2021 H1,2021-06-15,3,Meets Expectations,49,False,E100250
1622,E100193,2021 H2,2021-12-15,5,Outstanding,107,False,E100250
1623,E100193,2022 H1,2022-06-15,4,Exceeds Expectations,58,True,E100250
1624,E100193,2022 H2,2022-12-15,3,Meets Expectations,30,False,E100250
1625,E100193,2023 H1,2023-06-15,4,Exceeds Expectations,66,False,E100250
1626,E100193,2023 H2,2023-12-15,4,Exceeds Expectations,66,False,E100250
1627,E100195,2021 H1,2021-06-15,3,Meets Expectations,50,False,E100250
1628,E100195,2021 H2,2021-12-15,2,Needs Improvement,30,False,E100250
1629,E100195,2022 H1,2022-06-15,5,Outstanding,82,False,E100250
1630,E100195,2022 H2,2022-12-15,4,Exceeds Expectations,98,False,E100250
1631,E100195,2023 H1,2023-06-15,3,Meets Expectations,58,False,E100250
1632,E100196,2021 H1,2021-06-15,4,Exceeds Expectations,75,False,E100216
1633,E100196,2021 H2,2021-12-15,4,Exceeds Expectations,60,False,E100216
1634,E100196,2022 H1,2022-06-15,2,Needs Improvement,35,False,E100216
1635,E100196,2022 H2,2022-12-15,5,Outstanding,99,False,E100216
1636,E100196,2023 H1,2023-06-15,2,Needs Improvement,41,False,E100216
1637,E100196,2023 H2,2023-12-15,4,Exceeds Expectations,73,False,E100216
1638,E100197,2021 H1,2021-06-15,4,Exceeds Expectations,75,True,E100250
1639,E100197,2021 H2,2021-12-15,3,Meets Expectations,48,False,E100250
1640,E100198,2021 H1,2021-06-15,3,Meets Expectations,35,False,E100187
1641,E100198,2021 H2,2021-12-15,4,Exceeds Expectations,76,False,E100187
1642,E100198,2022 H1,2022-06-15,5,Outstanding,96,True,E100187
1643,E100198,2022 H2,2022-12-15,3,Meets Expectations,58,False,E100187
1644,E100198,2023 H1,2023-06-15,3,Meets Expectations,47,False,E100187
1645,E100198,2023 H2,2023-12-15,1,Unsatisfactory,30,False,E100187
1646,E100198,2024 H1,2024-06-15,4,Exceeds Expectations,84,False,E100187
1647,E100198,2024 H2,2024-12-15,5,Outstanding,93,False,E100187
1648,E100198,2025 H1,2025-06-15,2,Needs Improvement,30,False,E100187
1649,E100198,2025 H2,2025-12-15,4,Exceeds Expectations,80,False,E100187
1650,E100198,2026 H1,2026-06-15,4,Exceeds Expectations,67,False,E100187
1651,E100200,2021 H1,2021-06-15,2,Needs Improvement,30,False,E100228
1652,E100200,2021 H2,2021-12-15,2,Needs Improvement,39,False,E100228
1653,E100200,2022 H1,2022-06-15,3,Meets Expectations,51,False,E100228
1654,E100200,2022 H2,2022-12-15,4,Exceeds Expectations,68,False,E100228
1655,E100200,2023 H1,2023-06-15,5,Outstanding,88,False,E100228
1656,E100200,2023 H2,2023-12-15,2,Needs Improvement,30,False,E100228
1657,E100200,2024 H1,2024-06-15,4,Exceeds Expectations,78,False,E100228
1658,E100200,2024 H2,2024-12-15,4,Exceeds Expectations,58,False,E100228
1659,E100201,2021 H1,2021-06-15,3,Meets Expectations,70,False,E100216
1660,E100201,2021 H2,2021-12-15,3,Meets Expectations,47,False,E100216
1661,E100202,2021 H1,2021-06-15,5,Outstanding,79,False,E100194
1662,E100203,2021 H1,2021-06-15,3,Meets Expectations,66,False,E100195
1663,E100203,2021 H2,2021-12-15,5,Outstanding,103,False,E100195
1664,E100203,2022 H1,2022-06-15,4,Exceeds Expectations,92,False,E100195
1665,E100203,2022 H2,2022-12-15,4,Exceeds Expectations,75,False,E100195
1666,E100203,2023 H1,2023-06-15,3,Meets Expectations,50,False,E100195
1667,E100203,2023 H2,2023-12-15,2,Needs Improvement,30,False,E100195
1668,E100203,2024 H1,2024-06-15,4,Exceeds Expectations,70,True,E100195
1669,E100203,2024 H2,2024-12-15,3,Meets Expectations,74,False,E100195
1670,E100203,2025 H1,2025-06-15,4,Exceeds Expectations,70,False,E100195
1671,E100203,2025 H2,2025-12-15,4,Exceeds Expectations,71,False,E100195
1672,E100203,2026 H1,2026-06-15,3,Meets Expectations,66,False,E100195
1673,E100204,2021 H1,2021-06-15,4,Exceeds Expectations,59,False,E100250
1674,E100204,2021 H2,2021-12-15,4,Exceeds Expectations,78,False,E100250
1675,E100205,2021 H1,2021-06-15,5,Outstanding,92,False,E100227
1676,E100205,2021 H2,2021-12-15,3,Meets Expectations,59,False,E100227
1677,E100205,2022 H1,2022-06-15,2,Needs Improvement,63,False,E100227
1678,E100205,2022 H2,2022-12-15,5,Outstanding,99,False,E100227
1679,E100205,2023 H1,2023-06-15,4,Exceeds Expectations,58,False,E100227
1680,E100206,2021 H1,2021-06-15,3,Meets Expectations,58,False,E100250
1681,E100206,2021 H2,2021-12-15,2,Needs Improvement,30,False,E100250
1682,E100207,2021 H1,2021-06-15,3,Meets Expectations,47,False,E100189
1683,E100207,2021 H2,2021-12-15,5,Outstanding,88,False,E100189
1684,E100207,2022 H1,2022-06-15,5,Outstanding,85,False,E100189
1685,E100207,2022 H2,2022-12-15,3,Meets Expectations,54,False,E100189
1686,E100207,2023 H1,2023-06-15,4,Exceeds Expectations,61,False,E100189
1687,E100207,2023 H2,2023-12-15,4,Exceeds Expectations,60,False,E100189
1688,E100207,2024 H1,2024-06-15,5,Outstanding,84,False,E100189
1689,E100207,2024 H2,2024-12-15,4,Exceeds Expectations,66,True,E100189
1690,E100207,2025 H1,2025-06-15,5,Outstanding,85,False,E100189
1691,E100207,2025 H2,2025-12-15,3,Meets Expectations,51,False,E100189
1692,E100208,2021 H1,2021-06-15,3,Meets Expectations,39,False,E100197
1693,E100209,2021 H1,2021-06-15,3,Meets Expectations,57,False,E100250
1694,E100209,2021 H2,2021-12-15,4,Exceeds Expectations,60,True,E100250
1695,E100209,2022 H1,2022-06-15,3,Meets Expectations,53,False,E100250
1696,E100209,2022 H2,2022-12-15,3,Meets Expectations,57,False,E100250
1697,E100210,2021 H1,2021-06-15,4,Exceeds Expectations,75,False,E100302
1698,E100210,2021 H2,2021-12-15,2,Needs Improvement,42,False,E100302
1699,E100210,2022 H1,2022-06-15,4,Exceeds Expectations,56,True,E100302
1700,E100211,2021 H1,2021-06-15,4,Exceeds Expectations,85,False,E100255
1701,E100212,2021 H1,2021-06-15,3,Meets Expectations,60,False,E100307
1702,E100212,2021 H2,2021-12-15,3,Meets Expectations,51,False,E100307
1703,E100212,2022 H1,2022-06-15,3,Meets Expectations,60,False,E100307
1704,E100212,2022 H2,2022-12-15,4,Exceeds Expectations,76,False,E100307
1705,E100212,2023 H1,2023-06-15,4,Exceeds Expectations,79,False,E100307
1706,E100212,2023 H2,2023-12-15,5,Outstanding,84,False,E100307
1707,E100212,2024 H1,2024-06-15,1,Unsatisfactory,30,False,E100307
1708,E100212,2024 H2,2024-12-15,3,Meets Expectations,62,False,E100307
1709,E100213,2021 H1,2021-06-15,1,Unsatisfactory,30,False,E100261
1710,E100213,2021 H2,2021-12-15,5,Outstanding,90,True,E100261
1711,E100213,2022 H1,2022-06-15,4,Exceeds Expectations,64,True,E100261
1712,E100214,2021 H1,2021-06-15,4,Exceeds Expectations,71,True,E100234
1713,E100214,2021 H2,2021-12-15,3,Meets Expectations,54,False,E100234
1714,E100214,2022 H1,2022-06-15,4,Exceeds Expectations,70,False,E100234
1715,E100214,2022 H2,2022-12-15,3,Meets Expectations,53,False,E100234
1716,E100214,2023 H1,2023-06-15,4,Exceeds Expectations,74,False,E100234
1717,E100214,2023 H2,2023-12-15,4,Exceeds Expectations,59,False,E100234
1718,E100214,2024 H1,2024-06-15,3,Meets Expectations,66,False,E100234
1719,E100214,2024 H2,2024-12-15,4,Exceeds Expectations,84,False,E100234
1720,E100216,2021 H1,2021-06-15,4,Exceeds Expectations,74,True,E100250
1721,E100216,2021 H2,2021-12-15,5,Outstanding,85,False,E100250
1722,E100216,2022 H1,2022-06-15,3,Meets Expectations,71,False,E100250
1723,E100216,2022 H2,2022-12-15,4,Exceeds Expectations,69,False,E100250
1724,E100216,2023 H1,2023-06-15,3,Meets Expectations,43,False,E100250
1725,E100216,2023 H2,2023-12-15,3,Meets Expectations,63,False,E100250
1726,E100216,2024 H1,2024-06-15,1,Unsatisfactory,30,False,E100250
1727,E100216,2024 H2,2024-12-15,4,Exceeds Expectations,61,False,E100250
1728,E100216,2025 H1,2025-06-15,3,Meets Expectations,48,False,E100250
1729,E100216,2025 H2,2025-12-15,3,Meets Expectations,56,False,E100250
1730,E100216,2026 H1,2026-06-15,4,Exceeds Expectations,79,False,E100250
1731,E100217,2021 H1,2021-06-15,2,Needs Improvement,31,False,E100216
1732,E100217,2021 H2,2021-12-15,4,Exceeds Expectations,81,False,E100216
1733,E100218,2021 H1,2021-06-15,4,Exceeds Expectations,82,False,E100250
1734,E100218,2021 H2,2021-12-15,4,Exceeds Expectations,77,False,E100250
1735,E100218,2022 H1,2022-06-15,3,Meets Expectations,61,False,E100250
1736,E100218,2022 H2,2022-12-15,2,Needs Improvement,30,False,E100250
1737,E100219,2021 H1,2021-06-15,3,Meets Expectations,70,False,E100250
1738,E100219,2021 H2,2021-12-15,3,Meets Expectations,58,False,E100250
1739,E100219,2022 H1,2022-06-15,4,Exceeds Expectations,77,True,E100250
1740,E100219,2022 H2,2022-12-15,2,Needs Improvement,39,False,E100250
1741,E100219,2023 H1,2023-06-15,3,Meets Expectations,37,False,E100250
1742,E100219,2023 H2,2023-12-15,5,Outstanding,87,False,E100250
1743,E100219,2024 H1,2024-06-15,3,Meets Expectations,64,False,E100250
1744,E100219,2024 H2,2024-12-15,4,Exceeds Expectations,66,False,E100250
1745,E100219,2025 H1,2025-06-15,4,Exceeds Expectations,77,True,E100250
1746,E100219,2025 H2,2025-12-15,2,Needs Improvement,30,False,E100250
1747,E100219,2026 H1,2026-06-15,3,Meets Expectations,55,False,E100250
1748,E100220,2021 H1,2021-06-15,5,Outstanding,84,False,E100224
1749,E100220,2021 H2,2021-12-15,5,Outstanding,95,False,E100224
1750,E100221,2021 H1,2021-06-15,2,Needs Improvement,40,False,E100232
1751,E100221,2021 H2,2021-12-15,5,Outstanding,89,False,E100232
1752,E100221,2022 H1,2022-06-15,3,Meets Expectations,49,False,E100232
1753,E100221,2022 H2,2022-12-15,4,Exceeds Expectations,59,True,E100232
1754,E100221,2023 H1,2023-06-15,5,Outstanding,102,False,E100232
1755,E100221,2023 H2,2023-12-15,4,Exceeds Expectations,61,False,E100232
1756,E100221,2024 H1,2024-06-15,5,Outstanding,103,True,E100232
1757,E100221,2024 H2,2024-12-15,5,Outstanding,94,False,E100232
1758,E100221,2025 H1,2025-06-15,4,Exceeds Expectations,76,False,E100232
1759,E100221,2025 H2,2025-12-15,4,Exceeds Expectations,86,True,E100232
1760,E100221,2026 H1,2026-06-15,2,Needs Improvement,39,False,E100232
1761,E100222,2021 H1,2021-06-15,4,Exceeds Expectations,84,False,E100254
1762,E100222,2021 H2,2021-12-15,3,Meets Expectations,56,False,E100254
1763,E100222,2022 H1,2022-06-15,3,Meets Expectations,58,False,E100254
1764,E100222,2022 H2,2022-12-15,3,Meets Expectations,62,False,E100254
1765,E100222,2023 H1,2023-06-15,4,Exceeds Expectations,59,False,E100254
1766,E100222,2023 H2,2023-12-15,3,Meets Expectations,53,False,E100254
1767,E100222,2024 H1,2024-06-15,5,Outstanding,88,False,E100254
1768,E100222,2024 H2,2024-12-15,3,Meets Expectations,48,False,E100254
1769,E100222,2025 H1,2025-06-15,4,Exceeds Expectations,89,False,E100254
1770,E100222,2025 H2,2025-12-15,3,Meets Expectations,57,False,E100254
1771,E100222,2026 H1,2026-06-15,3,Meets Expectations,61,False,E100254
1772,E100223,2021 H1,2021-06-15,3,Meets Expectations,63,False,E100224
1773,E100223,2021 H2,2021-12-15,1,Unsatisfactory,30,False,E100224
1774,E100223,2022 H1,2022-06-15,3,Meets Expectations,60,False,E100224
1775,E100223,2022 H2,2022-12-15,3,Meets Expectations,42,False,E100224
1776,E100224,2021 H1,2021-06-15,4,Exceeds Expectations,80,False,E100250
1777,E100224,2021 H2,2021-12-15,4,Exceeds Expectations,57,False,E100250
1778,E100224,2022 H1,2022-06-15,4,Exceeds Expectations,77,False,E100250
1779,E100224,2022 H2,2022-12-15,3,Meets Expectations,30,False,E100250
1780,E100224,2023 H1,2023-06-15,3,Meets Expectations,41,False,E100250
1781,E100224,2023 H2,2023-12-15,3,Meets Expectations,41,False,E100250
1782,E100224,2024 H1,2024-06-15,2,Needs Improvement,43,False,E100250
1783,E100224,2024 H2,2024-12-15,4,Exceeds Expectations,76,False,E100250
1784,E100224,2025 H1,2025-06-15,3,Meets Expectations,49,False,E100250
1785,E100224,2025 H2,2025-12-15,3,Meets Expectations,48,False,E100250
1786,E100224,2026 H1,2026-06-15,3,Meets Expectations,44,False,E100250
1787,E100225,2021 H1,2021-06-15,3,Meets Expectations,55,False,E100228
1788,E100225,2021 H2,2021-12-15,2,Needs Improvement,39,False,E100228
1789,E100225,2022 H1,2022-06-15,2,Needs Improvement,39,False,E100228
1790,E100225,2022 H2,2022-12-15,3,Meets Expectations,57,False,E100228
1791,E100225,2023 H1,2023-06-15,4,Exceeds Expectations,61,False,E100228
1792,E100226,2021 H1,2021-06-15,3,Meets Expectations,42,False,E100249
1793,E100226,2021 H2,2021-12-15,3,Meets Expectations,63,False,E100249
1794,E100226,2022 H1,2022-06-15,3,Meets Expectations,53,False,E100249
1795,E100226,2022 H2,2022-12-15,3,Meets Expectations,57,False,E100249
1796,E100226,2023 H1,2023-06-15,4,Exceeds Expectations,67,False,E100249
1797,E100226,2023 H2,2023-12-15,4,Exceeds Expectations,69,False,E100249
1798,E100226,2024 H1,2024-06-15,3,Meets Expectations,57,False,E100249
1799,E100226,2024 H2,2024-12-15,4,Exceeds Expectations,62,True,E100249
1800,E100226,2025 H1,2025-06-15,4,Exceeds Expectations,84,False,E100249
1801,E100226,2025 H2,2025-12-15,3,Meets Expectations,67,False,E100249
1802,E100226,2026 H1,2026-06-15,3,Meets Expectations,53,False,E100249
1803,E100227,2021 H1,2021-06-15,5,Outstanding,98,False,E100250
1804,E100227,2021 H2,2021-12-15,3,Meets Expectations,48,False,E100250
1805,E100227,2022 H1,2022-06-15,4,Exceeds Expectations,75,False,E100250
1806,E100227,2022 H2,2022-12-15,3,Meets Expectations,46,False,E100250
1807,E100227,2023 H1,2023-06-15,3,Meets Expectations,53,False,E100250
1808,E100228,2021 H1,2021-06-15,2,Needs Improvement,40,False,E100250
1809,E100228,2021 H2,2021-12-15,4,Exceeds Expectations,62,True,E100250
1810,E100228,2022 H1,2022-06-15,4,Exceeds Expectations,54,False,E100250
1811,E100228,2022 H2,2022-12-15,4,Exceeds Expectations,80,False,E100250
1812,E100228,2023 H1,2023-06-15,4,Exceeds Expectations,78,False,E100250
1813,E100228,2023 H2,2023-12-15,4,Exceeds Expectations,75,False,E100250
1814,E100228,2024 H1,2024-06-15,3,Meets Expectations,50,False,E100250
1815,E100228,2024 H2,2024-12-15,4,Exceeds Expectations,78,False,E100250
1816,E100228,2025 H1,2025-06-15,4,Exceeds Expectations,81,False,E100250
1817,E100228,2025 H2,2025-12-15,2,Needs Improvement,30,False,E100250
1818,E100229,2021 H1,2021-06-15,2,Needs Improvement,30,False,E100232
1819,E100229,2021 H2,2021-12-15,2,Needs Improvement,30,False,E100232
1820,E100229,2022 H1,2022-06-15,3,Meets Expectations,65,False,E100232
1821,E100229,2022 H2,2022-12-15,4,Exceeds Expectations,78,False,E100232
1822,E100229,2023 H1,2023-06-15,3,Meets Expectations,55,False,E100232
1823,E100230,2021 H1,2021-06-15,4,Exceeds Expectations,70,False,E100209
1824,E100230,2021 H2,2021-12-15,4,Exceeds Expectations,67,True,E100209
1825,E100230,2022 H1,2022-06-15,2,Needs Improvement,34,False,E100209
1826,E100230,2022 H2,2022-12-15,2,Needs Improvement,44,False,E100209
1827,E100230,2023 H1,2023-06-15,4,Exceeds Expectations,86,False,E100209
1828,E100230,2023 H2,2023-12-15,3,Meets Expectations,40,False,E100209
1829,E100230,2024 H1,2024-06-15,2,Needs Improvement,51,False,E100209
1830,E100230,2024 H2,2024-12-15,3,Meets Expectations,39,False,E100209
1831,E100230,2025 H1,2025-06-15,4,Exceeds Expectations,68,False,E100209
1832,E100230,2025 H2,2025-12-15,3,Meets Expectations,68,False,E100209
1833,E100230,2026 H1,2026-06-15,3,Meets Expectations,59,False,E100209
1834,E100231,2021 H1,2021-06-15,4,Exceeds Expectations,99,False,E100250
1835,E100231,2021 H2,2021-12-15,3,Meets Expectations,44,False,E100250
1836,E100231,2022 H1,2022-06-15,3,Meets Expectations,63,False,E100250
1837,E100231,2022 H2,2022-12-15,4,Exceeds Expectations,67,False,E100250
1838,E100231,2023 H1,2023-06-15,4,Exceeds Expectations,85,False,E100250
1839,E100231,2023 H2,2023-12-15,5,Outstanding,93,False,E100250
1840,E100231,2024 H1,2024-06-15,4,Exceeds Expectations,57,False,E100250
1841,E100231,2024 H2,2024-12-15,4,Exceeds Expectations,70,False,E100250
1842,E100231,2025 H1,2025-06-15,2,Needs Improvement,30,False,E100250
1843,E100231,2025 H2,2025-12-15,3,Meets Expectations,56,False,E100250
1844,E100231,2026 H1,2026-06-15,2,Needs Improvement,43,False,E100250
1845,E100232,2021 H1,2021-06-15,4,Exceeds Expectations,70,False,E100250
1846,E100232,2021 H2,2021-12-15,3,Meets Expectations,55,False,E100250
1847,E100232,2022 H1,2022-06-15,3,Meets Expectations,68,False,E100250
1848,E100232,2022 H2,2022-12-15,2,Needs Improvement,32,False,E100250
1849,E100232,2023 H1,2023-06-15,2,Needs Improvement,41,False,E100250
1850,E100232,2023 H2,2023-12-15,4,Exceeds Expectations,79,True,E100250
1851,E100232,2024 H1,2024-06-15,4,Exceeds Expectations,75,False,E100250
1852,E100233,2021 H1,2021-06-15,3,Meets Expectations,55,False,E100250
1853,E100233,2021 H2,2021-12-15,3,Meets Expectations,60,False,E100250
1854,E100233,2022 H1,2022-06-15,3,Meets Expectations,48,False,E100250
1855,E100233,2022 H2,2022-12-15,3,Meets Expectations,69,False,E100250
1856,E100233,2023 H1,2023-06-15,3,Meets Expectations,74,False,E100250
1857,E100233,2023 H2,2023-12-15,5,Outstanding,86,False,E100250
1858,E100233,2024 H1,2024-06-15,4,Exceeds Expectations,77,True,E100250
1859,E100233,2024 H2,2024-12-15,1,Unsatisfactory,30,False,E100250
1860,E100234,2021 H1,2021-06-15,4,Exceeds Expectations,77,True,E100250
1861,E100234,2021 H2,2021-12-15,4,Exceeds Expectations,60,True,E100250
1862,E100234,2022 H1,2022-06-15,5,Outstanding,95,False,E100250
1863,E100234,2022 H2,2022-12-15,4,Exceeds Expectations,81,False,E100250
1864,E100235,2021 H1,2021-06-15,4,Exceeds Expectations,72,False,E100248
1865,E100235,2021 H2,2021-12-15,4,Exceeds Expectations,66,False,E100248
1866,E100235,2022 H1,2022-06-15,4,Exceeds Expectations,73,False,E100248
1867,E100235,2022 H2,2022-12-15,4,Exceeds Expectations,73,False,E100248
1868,E100235,2023 H1,2023-06-15,3,Meets Expectations,52,False,E100248
1869,E100235,2023 H2,2023-12-15,4,Exceeds Expectations,78,False,E100248
1870,E100235,2024 H1,2024-06-15,4,Exceeds Expectations,81,False,E100248
1871,E100235,2024 H2,2024-12-15,3,Meets Expectations,38,False,E100248
1872,E100235,2025 H1,2025-06-15,4,Exceeds Expectations,70,False,E100248
1873,E100235,2025 H2,2025-12-15,4,Exceeds Expectations,86,True,E100248
1874,E100235,2026 H1,2026-06-15,3,Meets Expectations,46,False,E100248
1875,E100236,2021 H1,2021-06-15,2,Needs Improvement,35,False,E100219
1876,E100236,2021 H2,2021-12-15,2,Needs Improvement,39,False,E100219
1877,E100236,2022 H1,2022-06-15,4,Exceeds Expectations,75,False,E100219
1878,E100237,2021 H1,2021-06-15,2,Needs Improvement,47,False,E100195
1879,E100237,2021 H2,2021-12-15,4,Exceeds Expectations,67,True,E100195
1880,E100237,2022 H1,2022-06-15,4,Exceeds Expectations,78,False,E100195
1881,E100237,2022 H2,2022-12-15,2,Needs Improvement,35,False,E100195
1882,E100237,2023 H1,2023-06-15,3,Meets Expectations,49,False,E100195
1883,E100237,2023 H2,2023-12-15,4,Exceeds Expectations,63,True,E100195
1884,E100237,2024 H1,2024-06-15,4,Exceeds Expectations,62,False,E100195
1885,E100237,2024 H2,2024-12-15,4,Exceeds Expectations,65,True,E100195
1886,E100237,2025 H1,2025-06-15,5,Outstanding,98,False,E100195
1887,E100238,2021 H1,2021-06-15,3,Meets Expectations,44,False,E100227
1888,E100238,2021 H2,2021-12-15,4,Exceeds Expectations,82,False,E100227
1889,E100238,2022 H1,2022-06-15,4,Exceeds Expectations,66,True,E100227
1890,E100238,2022 H2,2022-12-15,5,Outstanding,92,False,E100227
1891,E100238,2023 H1,2023-06-15,3,Meets Expectations,76,False,E100227
1892,E100238,2023 H2,2023-12-15,4,Exceeds Expectations,76,False,E100227
1893,E100238,2024 H1,2024-06-15,3,Meets Expectations,53,False,E100227
1894,E100238,2024 H2,2024-12-15,3,Meets Expectations,55,False,E100227
1895,E100238,2025 H1,2025-06-15,4,Exceeds Expectations,52,False,E100227
1896,E100238,2025 H2,2025-12-15,2,Needs Improvement,30,False,E100227
1897,E100238,2026 H1,2026-06-15,2,Needs Improvement,30,False,E100227
1898,E100239,2021 H1,2021-06-15,5,Outstanding,101,False,E100232
1899,E100239,2021 H2,2021-12-15,3,Meets Expectations,59,False,E100232
1900,E100239,2022 H1,2022-06-15,2,Needs Improvement,55,False,E100232
1901,E100239,2022 H2,2022-12-15,3,Meets Expectations,33,False,E100232
1902,E100239,2023 H1,2023-06-15,5,Outstanding,87,True,E100232
1903,E100239,2023 H2,2023-12-15,5,Outstanding,99,False,E100232
1904,E100239,2024 H1,2024-06-15,4,Exceeds Expectations,53,True,E100232
1905,E100239,2024 H2,2024-12-15,3,Meets Expectations,38,False,E100232
1906,E100239,2025 H1,2025-06-15,3,Meets Expectations,55,False,E100232
1907,E100239,2025 H2,2025-12-15,5,Outstanding,83,True,E100232
1908,E100239,2026 H1,2026-06-15,5,Outstanding,74,False,E100232
1909,E100240,2021 H1,2021-06-15,3,Meets Expectations,55,False,E100194
1910,E100240,2021 H2,2021-12-15,1,Unsatisfactory,30,False,E100194
1911,E100240,2022 H1,2022-06-15,4,Exceeds Expectations,81,True,E100194
1912,E100241,2021 H1,2021-06-15,3,Meets Expectations,48,False,E100228
1913,E100241,2021 H2,2021-12-15,4,Exceeds Expectations,54,True,E100228
1914,E100241,2022 H1,2022-06-15,3,Meets Expectations,51,False,E100228
1915,E100241,2022 H2,2022-12-15,5,Outstanding,95,False,E100228
1916,E100241,2023 H1,2023-06-15,3,Meets Expectations,61,False,E100228
1917,E100241,2023 H2,2023-12-15,4,Exceeds Expectations,62,False,E100228
1918,E100241,2024 H1,2024-06-15,4,Exceeds Expectations,80,False,E100228
1919,E100242,2021 H1,2021-06-15,3,Meets Expectations,55,False,E100195
1920,E100242,2021 H2,2021-12-15,5,Outstanding,92,False,E100195
1921,E100242,2022 H1,2022-06-15,3,Meets Expectations,43,False,E100195
1922,E100242,2022 H2,2022-12-15,3,Meets Expectations,54,False,E100195
1923,E100242,2023 H1,2023-06-15,3,Meets Expectations,59,False,E100195
1924,E100242,2023 H2,2023-12-15,3,Meets Expectations,82,False,E100195
1925,E100242,2024 H1,2024-06-15,4,Exceeds Expectations,56,False,E100195
1926,E100242,2024 H2,2024-12-15,4,Exceeds Expectations,68,False,E100195
1927,E100242,2025 H1,2025-06-15,4,Exceeds Expectations,72,False,E100195
1928,E100242,2025 H2,2025-12-15,4,Exceeds Expectations,99,False,E100195
1929,E100242,2026 H1,2026-06-15,3,Meets Expectations,61,False,E100195
1930,E100243,2021 H1,2021-06-15,4,Exceeds Expectations,75,True,E100306
1931,E100244,2021 H1,2021-06-15,2,Needs Improvement,43,False,E100250
1932,E100244,2021 H2,2021-12-15,2,Needs Improvement,53,False,E100250
1933,E100244,2022 H1,2022-06-15,2,Needs Improvement,55,False,E100250
1934,E100244,2022 H2,2022-12-15,3,Meets Expectations,62,False,E100250
1935,E100244,2023 H1,2023-06-15,4,Exceeds Expectations,81,False,E100250
1936,E100244,2023 H2,2023-12-15,2,Needs Improvement,30,False,E100250
1937,E100244,2024 H1,2024-06-15,4,Exceeds Expectations,72,False,E100250
1938,E100244,2024 H2,2024-12-15,3,Meets Expectations,55,False,E100250
1939,E100244,2025 H1,2025-06-15,3,Meets Expectations,76,False,E100250
1940,E100244,2025 H2,2025-12-15,5,Outstanding,104,False,E100250
1941,E100244,2026 H1,2026-06-15,5,Outstanding,94,False,E100250
1942,E100245,2021 H1,2021-06-15,3,Meets Expectations,51,False,E100307
1943,E100245,2021 H2,2021-12-15,4,Exceeds Expectations,73,False,E100307
1944,E100246,2021 H1,2021-06-15,2,Needs Improvement,39,False,E100233
1945,E100246,2021 H2,2021-12-15,2,Needs Improvement,55,False,E100233
1946,E100246,2022 H1,2022-06-15,4,Exceeds Expectations,70,False,E100233
1947,E100246,2022 H2,2022-12-15,3,Meets Expectations,71,False,E100233
1948,E100246,2023 H1,2023-06-15,2,Needs Improvement,31,False,E100233
1949,E100246,2023 H2,2023-12-15,4,Exceeds Expectations,51,False,E100233
1950,E100246,2024 H1,2024-06-15,3,Meets Expectations,49,False,E100233
1951,E100246,2024 H2,2024-12-15,5,Outstanding,88,False,E100233
1952,E100247,2021 H1,2021-06-15,2,Needs Improvement,30,False,E100227
1953,E100247,2021 H2,2021-12-15,1,Unsatisfactory,34,False,E100227
1954,E100247,2022 H1,2022-06-15,3,Meets Expectations,52,False,E100227
1955,E100248,2021 H1,2021-06-15,4,Exceeds Expectations,77,False,E100250
1956,E100248,2021 H2,2021-12-15,3,Meets Expectations,43,False,E100250
1957,E100248,2022 H1,2022-06-15,3,Meets Expectations,55,False,E100250
1958,E100248,2022 H2,2022-12-15,4,Exceeds Expectations,58,False,E100250
1959,E100248,2023 H1,2023-06-15,3,Meets Expectations,66,False,E100250
1960,E100248,2023 H2,2023-12-15,2,Needs Improvement,43,False,E100250
1961,E100248,2024 H1,2024-06-15,2,Needs Improvement,30,False,E100250
1962,E100248,2024 H2,2024-12-15,2,Needs Improvement,39,False,E100250
1963,E100248,2025 H1,2025-06-15,3,Meets Expectations,34,False,E100250
1964,E100248,2025 H2,2025-12-15,4,Exceeds Expectations,82,False,E100250
1965,E100249,2021 H1,2021-06-15,4,Exceeds Expectations,75,False,E100250
1966,E100249,2021 H2,2021-12-15,4,Exceeds Expectations,64,True,E100250
1967,E100249,2022 H1,2022-06-15,3,Meets Expectations,75,False,E100250
1968,E100249,2022 H2,2022-12-15,4,Exceeds Expectations,63,False,E100250
1969,E100249,2023 H1,2023-06-15,4,Exceeds Expectations,68,True,E100250
1970,E100249,2023 H2,2023-12-15,3,Meets Expectations,61,False,E100250
1971,E100249,2024 H1,2024-06-15,3,Meets Expectations,30,False,E100250
1972,E100249,2024 H2,2024-12-15,3,Meets Expectations,58,False,E100250
1973,E100249,2025 H1,2025-06-15,5,Outstanding,100,False,E100250
1974,E100249,2025 H2,2025-12-15,3,Meets Expectations,58,False,E100250
1975,E100250,2021 H1,2021-06-15,3,Meets Expectations,62,False,E000001
1976,E100250,2021 H2,2021-12-15,3,Meets Expectations,61,False,E000001
1977,E100251,2021 H1,2021-06-15,5,Outstanding,115,False,E100228
1978,E100251,2021 H2,2021-12-15,2,Needs Improvement,30,False,E100228
1979,E100251,2022 H1,2022-06-15,3,Meets Expectations,53,False,E100228
1980,E100251,2022 H2,2022-12-15,3,Meets Expectations,66,False,E100228
1981,E100251,2023 H1,2023-06-15,3,Meets Expectations,42,False,E100228
1982,E100251,2023 H2,2023-12-15,5,Outstanding,95,False,E100228
1983,E100251,2024 H1,2024-06-15,4,Exceeds Expectations,60,False,E100228
1984,E100251,2024 H2,2024-12-15,4,Exceeds Expectations,69,False,E100228
1985,E100251,2025 H1,2025-06-15,4,Exceeds Expectations,75,False,E100228
1986,E100251,2025 H2,2025-12-15,5,Outstanding,94,False,E100228
1987,E100251,2026 H1,2026-06-15,3,Meets Expectations,53,False,E100228
1988,E100252,2021 H1,2021-06-15,4,Exceeds Expectations,88,False,E100232
1989,E100252,2021 H2,2021-12-15,3,Meets Expectations,49,False,E100232
1990,E100252,2022 H1,2022-06-15,4,Exceeds Expectations,63,False,E100232
1991,E100252,2022 H2,2022-12-15,3,Meets Expectations,54,False,E100232
1992,E100255,2021 H1,2021-06-15,4,Exceeds Expectations,82,False,E100250
1993,E100255,2021 H2,2021-12-15,4,Exceeds Expectations,72,False,E100250
1994,E100255,2022 H1,2022-06-15,4,Exceeds Expectations,56,False,E100250
1995,E100255,2022 H2,2022-12-15,3,Meets Expectations,70,False,E100250
1996,E100255,2023 H1,2023-06-15,4,Exceeds Expectations,71,True,E100250
1997,E100255,2023 H2,2023-12-15,4,Exceeds Expectations,59,False,E100250
1998,E100255,2024 H1,2024-06-15,4,Exceeds Expectations,71,False,E100250
1999,E100255,2024 H2,2024-12-15,3,Meets Expectations,50,False,E100250
2000,E100255,2025 H1,2025-06-15,5,Outstanding,85,False,E100250
2001,E100255,2025 H2,2025-12-15,2,Needs Improvement,30,False,E100250
2002,E100255,2026 H1,2026-06-15,1,Unsatisfactory,30,False,E100250
2003,E100256,2021 H1,2021-06-15,3,Meets Expectations,40,False,E100268
2004,E100256,2021 H2,2021-12-15,3,Meets Expectations,60,False,E100268
2005,E100256,2022 H1,2022-06-15,3,Meets Expectations,55,False,E100268
2006,E100256,2022 H2,2022-12-15,4,Exceeds Expectations,80,False,E100268
2007,E100257,2021 H1,2021-06-15,4,Exceeds Expectations,62,True,E100228
2008,E100257,2021 H2,2021-12-15,3,Meets Expectations,54,False,E100228
2009,E100257,2022 H1,2022-06-15,4,Exceeds Expectations,75,False,E100228
2010,E100257,2022 H2,2022-12-15,3,Meets Expectations,58,False,E100228
2011,E100259,2021 H1,2021-06-15,5,Outstanding,92,False,E100250
2012,E100259,2021 H2,2021-12-15,4,Exceeds Expectations,68,True,E100250
2013,E100259,2022 H1,2022-06-15,3,Meets Expectations,37,False,E100250
2014,E100259,2022 H2,2022-12-15,4,Exceeds Expectations,44,True,E100250
2015,E100259,2023 H1,2023-06-15,2,Needs Improvement,39,False,E100250
2016,E100259,2023 H2,2023-12-15,3,Meets Expectations,34,False,E100250
2017,E100259,2024 H1,2024-06-15,3,Meets Expectations,38,False,E100250
2018,E100259,2024 H2,2024-12-15,4,Exceeds Expectations,76,False,E100250
2019,E100259,2025 H1,2025-06-15,5,Outstanding,93,False,E100250
2020,E100259,2025 H2,2025-12-15,5,Outstanding,80,True,E100250
2021,E100259,2026 H1,2026-06-15,3,Meets Expectations,56,False,E100250
2022,E100260,2021 H1,2021-06-15,3,Meets Expectations,55,False,E100286
2023,E100260,2021 H2,2021-12-15,3,Meets Expectations,51,False,E100286
2024,E100260,2022 H1,2022-06-15,3,Meets Expectations,46,False,E100286
2025,E100260,2022 H2,2022-12-15,3,Meets Expectations,44,False,E100286
2026,E100260,2023 H1,2023-06-15,3,Meets Expectations,46,False,E100286
2027,E100260,2023 H2,2023-12-15,3,Meets Expectations,68,False,E100286
2028,E100260,2024 H1,2024-06-15,4,Exceeds Expectations,80,True,E100286
2029,E100261,2021 H1,2021-06-15,4,Exceeds Expectations,88,False,E100250
2030,E100261,2021 H2,2021-12-15,3,Meets Expectations,56,False,E100250
2031,E100261,2022 H1,2022-06-15,3,Meets Expectations,45,False,E100250
2032,E100262,2021 H1,2021-06-15,2,Needs Improvement,30,False,E100250
2033,E100262,2021 H2,2021-12-15,3,Meets Expectations,55,False,E100250
2034,E100262,2022 H1,2022-06-15,2,Needs Improvement,30,False,E100250
2035,E100262,2022 H2,2022-12-15,2,Needs Improvement,30,False,E100250
2036,E100262,2023 H1,2023-06-15,3,Meets Expectations,54,False,E100250
2037,E100262,2023 H2,2023-12-15,3,Meets Expectations,51,False,E100250
2038,E100262,2024 H1,2024-06-15,3,Meets Expectations,66,False,E100250
2039,E100262,2024 H2,2024-12-15,3,Meets Expectations,52,False,E100250
2040,E100262,2025 H1,2025-06-15,2,Needs Improvement,40,False,E100250
2041,E100262,2025 H2,2025-12-15,3,Meets Expectations,48,False,E100250
2042,E100262,2026 H1,2026-06-15,2,Needs Improvement,39,False,E100250
2043,E100263,2021 H1,2021-06-15,2,Needs Improvement,41,False,E100259
2044,E100264,2021 H1,2021-06-15,5,Outstanding,101,False,E100268
2045,E100264,2021 H2,2021-12-15,3,Meets Expectations,60,False,E100268
2046,E100264,2022 H1,2022-06-15,3,Meets Expectations,40,False,E100268
2047,E100264,2022 H2,2022-12-15,4,Exceeds Expectations,65,False,E100268
2048,E100264,2023 H1,2023-06-15,2,Needs Improvement,30,False,E100268
2049,E100264,2023 H2,2023-12-15,3,Meets Expectations,63,False,E100268
2050,E100264,2024 H1,2024-06-15,3,Meets Expectations,51,False,E100268
2051,E100264,2024 H2,2024-12-15,3,Meets Expectations,44,False,E100268
2052,E100264,2025 H1,2025-06-15,3,Meets Expectations,66,False,E100268
2053,E100265,2021 H1,2021-06-15,5,Outstanding,100,False,E100231
2054,E100265,2021 H2,2021-12-15,4,Exceeds Expectations,87,True,E100231
2055,E100265,2022 H1,2022-06-15,2,Needs Improvement,63,False,E100231
2056,E100265,2022 H2,2022-12-15,2,Needs Improvement,32,False,E100231
2057,E100267,2021 H1,2021-06-15,1,Unsatisfactory,30,False,E100290
2058,E100267,2021 H2,2021-12-15,2,Needs Improvement,30,False,E100290
2059,E100267,2022 H1,2022-06-15,5,Outstanding,87,False,E100290
2060,E100267,2022 H2,2022-12-15,4,Exceeds Expectations,67,False,E100290
2061,E100267,2023 H1,2023-06-15,3,Meets Expectations,62,False,E100290
2062,E100267,2023 H2,2023-12-15,4,Exceeds Expectations,74,False,E100290
2063,E100267,2024 H1,2024-06-15,3,Meets Expectations,52,False,E100290
2064,E100267,2024 H2,2024-12-15,3,Meets Expectations,61,False,E100290
2065,E100267,2025 H1,2025-06-15,3,Meets Expectations,60,False,E100290
2066,E100267,2025 H2,2025-12-15,3,Meets Expectations,71,False,E100290
2067,E100267,2026 H1,2026-06-15,3,Meets Expectations,57,False,E100290
2068,E100268,2021 H1,2021-06-15,4,Exceeds Expectations,63,False,E100250
2069,E100268,2021 H2,2021-12-15,3,Meets Expectations,59,False,E100250
2070,E100269,2021 H1,2021-06-15,2,Needs Improvement,40,False,E100266
2071,E100269,2021 H2,2021-12-15,2,Needs Improvement,30,False,E100266
2072,E100269,2022 H1,2022-06-15,2,Needs Improvement,40,False,E100266
2073,E100269,2022 H2,2022-12-15,5,Outstanding,77,False,E100266
2074,E100269,2023 H1,2023-06-15,3,Meets Expectations,63,False,E100266
2075,E100269,2023 H2,2023-12-15,4,Exceeds Expectations,65,False,E100266
2076,E100270,2021 H1,2021-06-15,4,Exceeds Expectations,66,False,E100194
2077,E100270,2021 H2,2021-12-15,3,Meets Expectations,45,False,E100194
2078,E100271,2021 H1,2021-06-15,4,Exceeds Expectations,74,False,E100286
2079,E100271,2021 H2,2021-12-15,3,Meets Expectations,57,False,E100286
2080,E100271,2022 H1,2022-06-15,3,Meets Expectations,57,False,E100286
2081,E100271,2022 H2,2022-12-15,4,Exceeds Expectations,75,True,E100286
2082,E100271,2023 H1,2023-06-15,3,Meets Expectations,36,False,E100286
2083,E100271,2023 H2,2023-12-15,4,Exceeds Expectations,66,False,E100286
2084,E100271,2024 H1,2024-06-15,4,Exceeds Expectations,57,True,E100286
2085,E100272,2021 H1,2021-06-15,3,Meets Expectations,52,False,E100302
2086,E100272,2021 H2,2021-12-15,3,Meets Expectations,63,False,E100302
2087,E100272,2022 H1,2022-06-15,4,Exceeds Expectations,71,False,E100302
2088,E100272,2022 H2,2022-12-15,4,Exceeds Expectations,53,False,E100302
2089,E100273,2021 H1,2021-06-15,3,Meets Expectations,62,False,E100228
2090,E100274,2021 H1,2021-06-15,3,Meets Expectations,68,False,E100195
2091,E100274,2021 H2,2021-12-15,3,Meets Expectations,62,False,E100195
2092,E100274,2022 H1,2022-06-15,3,Meets Expectations,58,False,E100195
2093,E100274,2022 H2,2022-12-15,3,Meets Expectations,55,False,E100195
2094,E100274,2023 H1,2023-06-15,4,Exceeds Expectations,79,True,E100195
2095,E100274,2023 H2,2023-12-15,4,Exceeds Expectations,80,False,E100195
2096,E100274,2024 H1,2024-06-15,4,Exceeds Expectations,69,False,E100195
2097,E100274,2024 H2,2024-12-15,4,Exceeds Expectations,80,False,E100195
2098,E100274,2025 H1,2025-06-15,5,Outstanding,95,False,E100195
2099,E100274,2025 H2,2025-12-15,2,Needs Improvement,40,False,E100195
2100,E100274,2026 H1,2026-06-15,5,Outstanding,83,False,E100195
2101,E100275,2021 H1,2021-06-15,2,Needs Improvement,41,False,E100232
2102,E100276,2021 H1,2021-06-15,3,Meets Expectations,54,False,E100224
2103,E100276,2021 H2,2021-12-15,3,Meets Expectations,48,False,E100224
2104,E100276,2022 H1,2022-06-15,3,Meets Expectations,56,False,E100224
2105,E100276,2022 H2,2022-12-15,4,Exceeds Expectations,68,False,E100224
2106,E100276,2023 H1,2023-06-15,5,Outstanding,90,False,E100224
2107,E100276,2023 H2,2023-12-15,4,Exceeds Expectations,67,False,E100224
2108,E100277,2021 H1,2021-06-15,4,Exceeds Expectations,75,True,E100232
2109,E100277,2021 H2,2021-12-15,3,Meets Expectations,42,False,E100232
2110,E100277,2022 H1,2022-06-15,5,Outstanding,88,True,E100232
2111,E100277,2022 H2,2022-12-15,2,Needs Improvement,31,False,E100232
2112,E100277,2023 H1,2023-06-15,5,Outstanding,102,False,E100232
2113,E100277,2023 H2,2023-12-15,4,Exceeds Expectations,80,False,E100232
2114,E100277,2024 H1,2024-06-15,5,Outstanding,91,False,E100232
2115,E100278,2021 H1,2021-06-15,4,Exceeds Expectations,64,False,E100218
2116,E100278,2021 H2,2021-12-15,2,Needs Improvement,36,False,E100218
2117,E100278,2022 H1,2022-06-15,4,Exceeds Expectations,84,False,E100218
2118,E100278,2022 H2,2022-12-15,3,Meets Expectations,45,False,E100218
2119,E100278,2023 H1,2023-06-15,5,Outstanding,88,False,E100218
2120,E100278,2023 H2,2023-12-15,2,Needs Improvement,41,False,E100218
2121,E100278,2024 H1,2024-06-15,5,Outstanding,90,False,E100218
2122,E100278,2024 H2,2024-12-15,3,Meets Expectations,61,False,E100218
2123,E100278,2025 H1,2025-06-15,4,Exceeds Expectations,60,False,E100218
2124,E100278,2025 H2,2025-12-15,5,Outstanding,88,False,E100218
2125,E100278,2026 H1,2026-06-15,3,Meets Expectations,42,False,E100218
2126,E100279,2021 H1,2021-06-15,3,Meets Expectations,68,False,E100204
2127,E100279,2021 H2,2021-12-15,4,Exceeds Expectations,76,False,E100204
2128,E100279,2022 H1,2022-06-15,1,Unsatisfactory,30,False,E100204
2129,E100281,2021 H1,2021-06-15,4,Exceeds Expectations,67,False,E100304
2130,E100281,2021 H2,2021-12-15,4,Exceeds Expectations,79,False,E100304
2131,E100281,2022 H1,2022-06-15,5,Outstanding,71,False,E100304
2132,E100281,2022 H2,2022-12-15,3,Meets Expectations,46,False,E100304
2133,E100281,2023 H1,2023-06-15,3,Meets Expectations,53,False,E100304
2134,E100281,2023 H2,2023-12-15,4,Exceeds Expectations,78,False,E100304
2135,E100281,2024 H1,2024-06-15,3,Meets Expectations,50,False,E100304
2136,E100281,2024 H2,2024-12-15,4,Exceeds Expectations,72,False,E100304
2137,E100281,2025 H1,2025-06-15,3,Meets Expectations,47,False,E100304
2138,E100281,2025 H2,2025-12-15,3,Meets Expectations,39,False,E100304
2139,E100281,2026 H1,2026-06-15,2,Needs Improvement,34,False,E100304
2140,E100282,2021 H1,2021-06-15,3,Meets Expectations,65,False,E100250
2141,E100282,2021 H2,2021-12-15,2,Needs Improvement,40,False,E100250
2142,E100282,2022 H1,2022-06-15,5,Outstanding,92,False,E100250
2143,E100282,2022 H2,2022-12-15,3,Meets Expectations,50,False,E100250
2144,E100283,2021 H1,2021-06-15,5,Outstanding,101,False,E100195
2145,E100283,2021 H2,2021-12-15,3,Meets Expectations,46,False,E100195
2146,E100284,2021 H1,2021-06-15,4,Exceeds Expectations,76,True,E100248
2147,E100284,2021 H2,2021-12-15,5,Outstanding,87,True,E100248
2148,E100284,2022 H1,2022-06-15,2,Needs Improvement,33,False,E100248
2149,E100284,2022 H2,2022-12-15,3,Meets Expectations,30,False,E100248
2150,E100285,2021 H1,2021-06-15,3,Meets Expectations,63,False,E100306
2151,E100285,2021 H2,2021-12-15,4,Exceeds Expectations,68,False,E100306
2152,E100285,2022 H1,2022-06-15,3,Meets Expectations,48,False,E100306
2153,E100285,2022 H2,2022-12-15,3,Meets Expectations,62,False,E100306
2154,E100285,2023 H1,2023-06-15,5,Outstanding,97,False,E100306
2155,E100285,2023 H2,2023-12-15,3,Meets Expectations,45,False,E100306
2156,E100285,2024 H1,2024-06-15,5,Outstanding,90,True,E100306
2157,E100285,2024 H2,2024-12-15,3,Meets Expectations,54,False,E100306
2158,E100285,2025 H1,2025-06-15,2,Needs Improvement,30,False,E100306
2159,E100285,2025 H2,2025-12-15,3,Meets Expectations,62,False,E100306
2160,E100285,2026 H1,2026-06-15,3,Meets Expectations,60,False,E100306
2161,E100286,2021 H1,2021-06-15,4,Exceeds Expectations,58,False,E100250
2162,E100286,2021 H2,2021-12-15,5,Outstanding,77,False,E100250
2163,E100286,2022 H1,2022-06-15,3,Meets Expectations,49,False,E100250
2164,E100286,2022 H2,2022-12-15,4,Exceeds Expectations,65,False,E100250
2165,E100286,2023 H1,2023-06-15,3,Meets Expectations,62,False,E100250
2166,E100286,2023 H2,2023-12-15,3,Meets Expectations,60,False,E100250
2167,E100286,2024 H1,2024-06-15,5,Outstanding,85,False,E100250
2168,E100286,2024 H2,2024-12-15,4,Exceeds Expectations,59,False,E100250
2169,E100286,2025 H1,2025-06-15,3,Meets Expectations,57,False,E100250
2170,E100286,2025 H2,2025-12-15,5,Outstanding,74,False,E100250
2171,E100286,2026 H1,2026-06-15,4,Exceeds Expectations,60,True,E100250
2172,E100287,2021 H1,2021-06-15,3,Meets Expectations,48,False,E100302
2173,E100287,2021 H2,2021-12-15,3,Meets Expectations,55,False,E100302
2174,E100287,2022 H1,2022-06-15,2,Needs Improvement,30,False,E100302
2175,E100287,2022 H2,2022-12-15,3,Meets Expectations,45,False,E100302
2176,E100287,2023 H1,2023-06-15,3,Meets Expectations,45,False,E100302
2177,E100287,2023 H2,2023-12-15,4,Exceeds Expectations,77,False,E100302
2178,E100287,2024 H1,2024-06-15,2,Needs Improvement,47,False,E100302
2179,E100288,2021 H1,2021-06-15,4,Exceeds Expectations,67,False,E100188
2180,E100289,2021 H1,2021-06-15,3,Meets Expectations,63,False,E100227
2181,E100289,2021 H2,2021-12-15,3,Meets Expectations,61,False,E100227
2182,E100289,2022 H1,2022-06-15,4,Exceeds Expectations,80,False,E100227
2183,E100289,2022 H2,2022-12-15,4,Exceeds Expectations,65,True,E100227
2184,E100289,2023 H1,2023-06-15,4,Exceeds Expectations,80,False,E100227
2185,E100289,2023 H2,2023-12-15,4,Exceeds Expectations,78,False,E100227
2186,E100289,2024 H1,2024-06-15,3,Meets Expectations,68,False,E100227
2187,E100289,2024 H2,2024-12-15,4,Exceeds Expectations,88,False,E100227
2188,E100289,2025 H1,2025-06-15,2,Needs Improvement,32,False,E100227
2189,E100289,2025 H2,2025-12-15,3,Meets Expectations,62,False,E100227
2190,E100289,2026 H1,2026-06-15,3,Meets Expectations,46,False,E100227
2191,E100290,2021 H1,2021-06-15,4,Exceeds Expectations,70,False,E100250
2192,E100290,2021 H2,2021-12-15,4,Exceeds Expectations,63,False,E100250
2193,E100291,2021 H1,2021-06-15,4,Exceeds Expectations,80,True,E100227
2194,E100291,2021 H2,2021-12-15,5,Outstanding,79,True,E100227
2195,E100291,2022 H1,2022-06-15,2,Needs Improvement,35,False,E100227
2196,E100292,2021 H1,2021-06-15,4,Exceeds Expectations,63,True,E100216
2197,E100292,2021 H2,2021-12-15,2,Needs Improvement,31,False,E100216
2198,E100292,2022 H1,2022-06-15,4,Exceeds Expectations,73,False,E100216
2199,E100292,2022 H2,2022-12-15,3,Meets Expectations,46,False,E100216
2200,E100292,2023 H1,2023-06-15,3,Meets Expectations,46,False,E100216
2201,E100292,2023 H2,2023-12-15,2,Needs Improvement,41,False,E100216
2202,E100292,2024 H1,2024-06-15,3,Meets Expectations,49,False,E100216
2203,E100292,2024 H2,2024-12-15,3,Meets Expectations,56,False,E100216
2204,E100292,2025 H1,2025-06-15,3,Meets Expectations,48,False,E100216
2205,E100292,2025 H2,2025-12-15,3,Meets Expectations,51,False,E100216
2206,E100292,2026 H1,2026-06-15,5,Outstanding,89,False,E100216
2207,E100293,2021 H1,2021-06-15,3,Meets Expectations,38,False,E100302
2208,E100293,2021 H2,2021-12-15,4,Exceeds Expectations,71,False,E100302
2209,E100295,2021 H1,2021-06-15,4,Exceeds Expectations,79,False,E100254
2210,E100295,2021 H2,2021-12-15,3,Meets Expectations,46,False,E100254
2211,E100295,2022 H1,2022-06-15,3,Meets Expectations,77,False,E100254
2212,E100295,2022 H2,2022-12-15,3,Meets Expectations,48,False,E100254
2213,E100295,2023 H1,2023-06-15,4,Exceeds Expectations,77,False,E100254
2214,E100295,2023 H2,2023-12-15,3,Meets Expectations,38,False,E100254
2215,E100295,2024 H1,2024-06-15,3,Meets Expectations,72,False,E100254
2216,E100295,2024 H2,2024-12-15,3,Meets Expectations,62,False,E100254
2217,E100295,2025 H1,2025-06-15,2,Needs Improvement,44,False,E100254
2218,E100295,2025 H2,2025-12-15,4,Exceeds Expectations,72,True,E100254
2219,E100295,2026 H1,2026-06-15,5,Outstanding,88,False,E100254
2220,E100296,2021 H1,2021-06-15,5,Outstanding,88,True,E100244
2221,E100296,2021 H2,2021-12-15,3,Meets Expectations,57,False,E100244
2222,E100296,2022 H1,2022-06-15,2,Needs Improvement,38,False,E100244
2223,E100296,2022 H2,2022-12-15,3,Meets Expectations,63,False,E100244
2224,E100296,2023 H1,2023-06-15,4,Exceeds Expectations,64,False,E100244
2225,E100296,2023 H2,2023-12-15,3,Meets Expectations,63,False,E100244
2226,E100296,2024 H1,2024-06-15,5,Outstanding,90,False,E100244
2227,E100296,2024 H2,2024-12-15,4,Exceeds Expectations,79,False,E100244
2228,E100296,2025 H1,2025-06-15,4,Exceeds Expectations,49,False,E100244
2229,E100296,2025 H2,2025-12-15,3,Meets Expectations,68,False,E100244
2230,E100296,2026 H1,2026-06-15,3,Meets Expectations,51,False,E100244
2231,E100297,2021 H1,2021-06-15,5,Outstanding,85,False,E100216
2232,E100297,2021 H2,2021-12-15,4,Exceeds Expectations,76,False,E100216
2233,E100297,2022 H1,2022-06-15,4,Exceeds Expectations,78,False,E100216
2234,E100297,2022 H2,2022-12-15,3,Meets Expectations,54,False,E100216
2235,E100297,2023 H1,2023-06-15,3,Meets Expectations,63,False,E100216
2236,E100297,2023 H2,2023-12-15,3,Meets Expectations,56,False,E100216
2237,E100298,2021 H1,2021-06-15,3,Meets Expectations,74,False,E100231
2238,E100298,2021 H2,2021-12-15,3,Meets Expectations,75,False,E100231
2239,E100299,2021 H1,2021-06-15,3,Meets Expectations,63,False,E100194
2240,E100299,2021 H2,2021-12-15,4,Exceeds Expectations,60,True,E100194
2241,E100299,2022 H1,2022-06-15,3,Meets Expectations,65,False,E100194
2242,E100299,2022 H2,2022-12-15,2,Needs Improvement,30,False,E100194
2243,E100299,2023 H1,2023-06-15,2,Needs Improvement,36,False,E100194
2244,E100299,2023 H2,2023-12-15,3,Meets Expectations,54,False,E100194
2245,E100299,2024 H1,2024-06-15,4,Exceeds Expectations,78,True,E100194
2246,E100299,2024 H2,2024-12-15,4,Exceeds Expectations,92,True,E100194
2247,E100299,2025 H1,2025-06-15,5,Outstanding,80,False,E100194
2248,E100299,2025 H2,2025-12-15,4,Exceeds Expectations,77,False,E100194
2249,E100299,2026 H1,2026-06-15,2,Needs Improvement,30,False,E100194
2250,E100300,2021 H1,2021-06-15,2,Needs Improvement,30,False,E100250
2251,E100300,2021 H2,2021-12-15,4,Exceeds Expectations,82,False,E100250
2252,E100300,2022 H1,2022-06-15,5,Outstanding,97,False,E100250
2253,E100300,2022 H2,2022-12-15,4,Exceeds Expectations,90,False,E100250
2254,E100300,2023 H1,2023-06-15,5,Outstanding,84,True,E100250
2255,E100300,2023 H2,2023-12-15,3,Meets Expectations,60,False,E100250
2256,E100300,2024 H1,2024-06-15,2,Needs Improvement,39,False,E100250
2257,E100300,2024 H2,2024-12-15,4,Exceeds Expectations,79,False,E100250
2258,E100300,2025 H1,2025-06-15,4,Exceeds Expectations,68,False,E100250
2259,E100300,2025 H2,2025-12-15,4,Exceeds Expectations,67,False,E100250
2260,E100300,2026 H1,2026-06-15,4,Exceeds Expectations,74,True,E100250
2261,E100301,2021 H1,2021-06-15,4,Exceeds Expectations,53,False,E100227
2262,E100301,2021 H2,2021-12-15,2,Needs Improvement,39,False,E100227
2263,E100301,2022 H1,2022-06-15,2,Needs Improvement,46,False,E100227
2264,E100301,2022 H2,2022-12-15,4,Exceeds Expectations,76,False,E100227
2265,E100301,2023 H1,2023-06-15,3,Meets Expectations,50,False,E100227
2266,E100301,2023 H2,2023-12-15,4,Exceeds Expectations,78,False,E100227
2267,E100301,2024 H1,2024-06-15,3,Meets Expectations,58,False,E100227
2268,E100301,2024 H2,2024-12-15,5,Outstanding,95,True,E100227
2269,E100301,2025 H1,2025-06-15,3,Meets Expectations,51,False,E100227
2270,E100301,2025 H2,2025-12-15,3,Meets Expectations,49,False,E100227
2271,E100301,2026 H1,2026-06-15,2,Needs Improvement,37,False,E100227
2272,E100302,2021 H1,2021-06-15,2,Needs Improvement,43,False,E100250
2273,E100302,2021 H2,2021-12-15,3,Meets Expectations,67,False,E100250
2274,E100302,2022 H1,2022-06-15,3,Meets Expectations,52,False,E100250
2275,E100302,2022 H2,2022-12-15,3,Meets Expectations,42,False,E100250
2276,E100302,2023 H1,2023-06-15,4,Exceeds Expectations,60,False,E100250
2277,E100302,2023 H2,2023-12-15,4,Exceeds Expectations,86,False,E100250
2278,E100303,2021 H1,2021-06-15,4,Exceeds Expectations,67,False,E100197
2279,E100303,2021 H2,2021-12-15,4,Exceeds Expectations,95,True,E100197
2280,E100303,2022 H1,2022-06-15,4,Exceeds Expectations,65,True,E100197
2281,E100303,2022 H2,2022-12-15,3,Meets Expectations,41,False,E100197
2282,E100303,2023 H1,2023-06-15,4,Exceeds Expectations,75,True,E100197
2283,E100303,2023 H2,2023-12-15,3,Meets Expectations,59,False,E100197
2284,E100303,2024 H1,2024-06-15,3,Meets Expectations,52,False,E100197
2285,E100303,2024 H2,2024-12-15,3,Meets Expectations,72,False,E100197
2286,E100303,2025 H1,2025-06-15,2,Needs Improvement,43,False,E100197
2287,E100303,2025 H2,2025-12-15,3,Meets Expectations,71,False,E100197
2288,E100303,2026 H1,2026-06-15,3,Meets Expectations,45,False,E100197
2289,E100305,2021 H1,2021-06-15,4,Exceeds Expectations,72,False,E100286
2290,E100305,2021 H2,2021-12-15,4,Exceeds Expectations,84,False,E100286
2291,E100305,2022 H1,2022-06-15,4,Exceeds Expectations,82,False,E100286
2292,E100305,2022 H2,2022-12-15,2,Needs Improvement,39,False,E100286
2293,E100305,2023 H1,2023-06-15,3,Meets Expectations,69,False,E100286
2294,E100305,2023 H2,2023-12-15,1,Unsatisfactory,30,False,E100286
2295,E100305,2024 H1,2024-06-15,2,Needs Improvement,38,False,E100286
2296,E100305,2024 H2,2024-12-15,4,Exceeds Expectations,72,False,E100286
2297,E100305,2025 H1,2025-06-15,4,Exceeds Expectations,83,False,E100286
2298,E100305,2025 H2,2025-12-15,4,Exceeds Expectations,58,False,E100286
2299,E100305,2026 H1,2026-06-15,3,Meets Expectations,60,False,E100286
2300,E100306,2021 H1,2021-06-15,4,Exceeds Expectations,65,False,E100250
2301,E100306,2021 H2,2021-12-15,4,Exceeds Expectations,77,True,E100250
2302,E100306,2022 H1,2022-06-15,4,Exceeds Expectations,75,False,E100250
2303,E100307,2021 H1,2021-06-15,3,Meets Expectations,68,False,E100250
2304,E100307,2021 H2,2021-12-15,4,Exceeds Expectations,77,False,E100250
2305,E100307,2022 H1,2022-06-15,4,Exceeds Expectations,69,False,E100250
2306,E100307,2022 H2,2022-12-15,4,Exceeds Expectations,70,False,E100250
2307,E100307,2023 H1,2023-06-15,3,Meets Expectations,40,False,E100250
2308,E100307,2023 H2,2023-12-15,2,Needs Improvement,39,False,E100250
2309,E100307,2024 H1,2024-06-15,3,Meets Expectations,48,False,E100250
2310,E100307,2024 H2,2024-12-15,3,Meets Expectations,38,False,E100250
2311,E100307,2025 H1,2025-06-15,4,Exceeds Expectations,92,False,E100250
2312,E100308,2021 H1,2021-06-15,2,Needs Improvement,39,False,E100232
2313,E100308,2021 H2,2021-12-15,2,Needs Improvement,44,False,E100232
2314,E100308,2022 H1,2022-06-15,5,Outstanding,97,False,E100232
2315,E100308,2022 H2,2022-12-15,3,Meets Expectations,46,False,E100232
2316,E100308,2023 H1,2023-06-15,3,Meets Expectations,60,False,E100232
2317,E100309,2021 H1,2021-06-15,3,Meets Expectations,60,False,E100342
2318,E100309,2021 H2,2021-12-15,3,Meets Expectations,53,False,E100342
2319,E100309,2022 H1,2022-06-15,4,Exceeds Expectations,71,False,E100342
2320,E100309,2022 H2,2022-12-15,2,Needs Improvement,30,False,E100342
2321,E100309,2023 H1,2023-06-15,5,Outstanding,94,False,E100342
2322,E100309,2023 H2,2023-12-15,5,Outstanding,81,False,E100342
2323,E100309,2024 H1,2024-06-15,3,Meets Expectations,52,False,E100342
2324,E100309,2024 H2,2024-12-15,2,Needs Improvement,30,False,E100342
2325,E100310,2021 H1,2021-06-15,3,Meets Expectations,64,False,E100315
2326,E100311,2021 H1,2021-06-15,3,Meets Expectations,50,False,E100325
2327,E100311,2021 H2,2021-12-15,3,Meets Expectations,55,False,E100325
2328,E100311,2022 H1,2022-06-15,3,Meets Expectations,50,False,E100325
2329,E100311,2022 H2,2022-12-15,4,Exceeds Expectations,88,False,E100325
2330,E100311,2023 H1,2023-06-15,3,Meets Expectations,38,False,E100325
2331,E100311,2023 H2,2023-12-15,3,Meets Expectations,53,False,E100325
2332,E100311,2024 H1,2024-06-15,2,Needs Improvement,36,False,E100325
2333,E100311,2024 H2,2024-12-15,4,Exceeds Expectations,61,False,E100325
2334,E100311,2025 H1,2025-06-15,3,Meets Expectations,60,False,E100325
2335,E100311,2025 H2,2025-12-15,3,Meets Expectations,55,False,E100325
2336,E100311,2026 H1,2026-06-15,3,Meets Expectations,54,False,E100325
2337,E100312,2021 H1,2021-06-15,5,Outstanding,95,False,E100342
2338,E100312,2021 H2,2021-12-15,2,Needs Improvement,37,False,E100342
2339,E100312,2022 H1,2022-06-15,5,Outstanding,90,False,E100342
2340,E100312,2022 H2,2022-12-15,2,Needs Improvement,30,False,E100342
2341,E100312,2023 H1,2023-06-15,3,Meets Expectations,46,False,E100342
2342,E100312,2023 H2,2023-12-15,5,Outstanding,79,False,E100342
2343,E100312,2024 H1,2024-06-15,3,Meets Expectations,53,False,E100342
2344,E100312,2024 H2,2024-12-15,5,Outstanding,89,False,E100342
2345,E100312,2025 H1,2025-06-15,4,Exceeds Expectations,69,True,E100342
2346,E100312,2025 H2,2025-12-15,3,Meets Expectations,50,False,E100342
2347,E100312,2026 H1,2026-06-15,2,Needs Improvement,46,False,E100342
2348,E100313,2021 H1,2021-06-15,4,Exceeds Expectations,71,False,E100325
2349,E100313,2021 H2,2021-12-15,3,Meets Expectations,41,False,E100325
2350,E100313,2022 H1,2022-06-15,3,Meets Expectations,53,False,E100325
2351,E100313,2022 H2,2022-12-15,4,Exceeds Expectations,76,False,E100325
2352,E100313,2023 H1,2023-06-15,3,Meets Expectations,45,False,E100325
2353,E100313,2023 H2,2023-12-15,3,Meets Expectations,50,False,E100325
2354,E100313,2024 H1,2024-06-15,4,Exceeds Expectations,57,False,E100325
2355,E100313,2024 H2,2024-12-15,4,Exceeds Expectations,72,True,E100325
2356,E100313,2025 H1,2025-06-15,3,Meets Expectations,57,False,E100325
2357,E100313,2025 H2,2025-12-15,4,Exceeds Expectations,52,True,E100325
2358,E100313,2026 H1,2026-06-15,5,Outstanding,89,False,E100325
2359,E100314,2021 H1,2021-06-15,4,Exceeds Expectations,76,False,E100325
2360,E100314,2021 H2,2021-12-15,4,Exceeds Expectations,66,False,E100325
2361,E100314,2022 H1,2022-06-15,3,Meets Expectations,54,False,E100325
2362,E100314,2022 H2,2022-12-15,4,Exceeds Expectations,87,False,E100325
2363,E100314,2023 H1,2023-06-15,3,Meets Expectations,44,False,E100325
2364,E100314,2023 H2,2023-12-15,3,Meets Expectations,46,False,E100325
2365,E100314,2024 H1,2024-06-15,2,Needs Improvement,30,False,E100325
2366,E100314,2024 H2,2024-12-15,2,Needs Improvement,30,False,E100325
2367,E100314,2025 H1,2025-06-15,5,Outstanding,100,False,E100325
2368,E100314,2025 H2,2025-12-15,3,Meets Expectations,43,False,E100325
2369,E100314,2026 H1,2026-06-15,2,Needs Improvement,33,False,E100325
2370,E100315,2021 H1,2021-06-15,4,Exceeds Expectations,70,False,E100325
2371,E100315,2021 H2,2021-12-15,4,Exceeds Expectations,67,False,E100325
2372,E100315,2022 H1,2022-06-15,3,Meets Expectations,59,False,E100325
2373,E100315,2022 H2,2022-12-15,2,Needs Improvement,38,False,E100325
2374,E100315,2023 H1,2023-06-15,4,Exceeds Expectations,69,False,E100325
2375,E100315,2023 H2,2023-12-15,5,Outstanding,96,False,E100325
2376,E100315,2024 H1,2024-06-15,2,Needs Improvement,32,False,E100325
2377,E100315,2024 H2,2024-12-15,3,Meets Expectations,52,False,E100325
2378,E100315,2025 H1,2025-06-15,3,Meets Expectations,43,False,E100325
2379,E100316,2021 H1,2021-06-15,3,Meets Expectations,54,False,E100325
2380,E100316,2021 H2,2021-12-15,3,Meets Expectations,44,False,E100325
2381,E100316,2022 H1,2022-06-15,2,Needs Improvement,39,False,E100325
2382,E100316,2022 H2,2022-12-15,3,Meets Expectations,48,False,E100325
2383,E100316,2023 H1,2023-06-15,4,Exceeds Expectations,46,False,E100325
2384,E100316,2023 H2,2023-12-15,4,Exceeds Expectations,86,False,E100325
2385,E100317,2021 H1,2021-06-15,2,Needs Improvement,30,False,E100325
2386,E100317,2021 H2,2021-12-15,2,Needs Improvement,30,False,E100325
2387,E100317,2022 H1,2022-06-15,4,Exceeds Expectations,69,False,E100325
2388,E100317,2022 H2,2022-12-15,5,Outstanding,86,False,E100325
2389,E100317,2023 H1,2023-06-15,3,Meets Expectations,67,False,E100325
2390,E100317,2023 H2,2023-12-15,1,Unsatisfactory,30,False,E100325
2391,E100317,2024 H1,2024-06-15,4,Exceeds Expectations,83,True,E100325
2392,E100317,2024 H2,2024-12-15,4,Exceeds Expectations,74,False,E100325
2393,E100317,2025 H1,2025-06-15,5,Outstanding,103,False,E100325
2394,E100317,2025 H2,2025-12-15,4,Exceeds Expectations,61,False,E100325
2395,E100317,2026 H1,2026-06-15,4,Exceeds Expectations,80,False,E100325
2396,E100318,2021 H1,2021-06-15,3,Meets Expectations,60,False,E100325
2397,E100318,2021 H2,2021-12-15,3,Meets Expectations,48,False,E100325
2398,E100318,2022 H1,2022-06-15,4,Exceeds Expectations,58,False,E100325
2399,E100318,2022 H2,2022-12-15,4,Exceeds Expectations,64,False,E100325
2400,E100318,2023 H1,2023-06-15,4,Exceeds Expectations,60,False,E100325
2401,E100318,2023 H2,2023-12-15,5,Outstanding,79,True,E100325
2402,E100318,2024 H1,2024-06-15,4,Exceeds Expectations,70,True,E100325
2403,E100318,2024 H2,2024-12-15,4,Exceeds Expectations,79,False,E100325
2404,E100318,2025 H1,2025-06-15,3,Meets Expectations,52,False,E100325
2405,E100318,2025 H2,2025-12-15,3,Meets Expectations,34,False,E100325
2406,E100318,2026 H1,2026-06-15,4,Exceeds Expectations,72,False,E100325
2407,E100319,2021 H1,2021-06-15,3,Meets Expectations,52,False,E100325
2408,E100319,2021 H2,2021-12-15,3,Meets Expectations,33,False,E100325
2409,E100319,2022 H1,2022-06-15,3,Meets Expectations,53,False,E100325
2410,E100319,2022 H2,2022-12-15,3,Meets Expectations,54,False,E100325
2411,E100319,2023 H1,2023-06-15,4,Exceeds Expectations,66,False,E100325
2412,E100319,2023 H2,2023-12-15,2,Needs Improvement,36,False,E100325
2413,E100319,2024 H1,2024-06-15,4,Exceeds Expectations,89,False,E100325
2414,E100319,2024 H2,2024-12-15,3,Meets Expectations,54,False,E100325
2415,E100319,2025 H1,2025-06-15,4,Exceeds Expectations,63,True,E100325
2416,E100319,2025 H2,2025-12-15,4,Exceeds Expectations,77,False,E100325
2417,E100319,2026 H1,2026-06-15,4,Exceeds Expectations,66,False,E100325
2418,E100320,2021 H1,2021-06-15,3,Meets Expectations,51,False,E100341
2419,E100320,2021 H2,2021-12-15,3,Meets Expectations,40,False,E100341
2420,E100320,2022 H1,2022-06-15,4,Exceeds Expectations,80,False,E100341
2421,E100320,2022 H2,2022-12-15,2,Needs Improvement,44,False,E100341
2422,E100320,2023 H1,2023-06-15,2,Needs Improvement,30,False,E100341
2423,E100320,2023 H2,2023-12-15,3,Meets Expectations,54,False,E100341
2424,E100320,2024 H1,2024-06-15,5,Outstanding,96,True,E100341
2425,E100320,2024 H2,2024-12-15,4,Exceeds Expectations,65,True,E100341
2426,E100320,2025 H1,2025-06-15,3,Meets Expectations,44,False,E100341
2427,E100320,2025 H2,2025-12-15,3,Meets Expectations,71,False,E100341
2428,E100320,2026 H1,2026-06-15,3,Meets Expectations,55,False,E100341
2429,E100321,2021 H1,2021-06-15,3,Meets Expectations,44,False,E100325
2430,E100321,2021 H2,2021-12-15,4,Exceeds Expectations,73,False,E100325
2431,E100321,2022 H1,2022-06-15,4,Exceeds Expectations,67,True,E100325
2432,E100321,2022 H2,2022-12-15,3,Meets Expectations,46,False,E100325
2433,E100321,2023 H1,2023-06-15,4,Exceeds Expectations,82,False,E100325
2434,E100321,2023 H2,2023-12-15,4,Exceeds Expectations,89,False,E100325
2435,E100321,2024 H1,2024-06-15,2,Needs Improvement,39,False,E100325
2436,E100321,2024 H2,2024-12-15,4,Exceeds Expectations,57,False,E100325
2437,E100321,2025 H1,2025-06-15,4,Exceeds Expectations,49,False,E100325
2438,E100321,2025 H2,2025-12-15,3,Meets Expectations,37,False,E100325
2439,E100321,2026 H1,2026-06-15,5,Outstanding,88,False,E100325
2440,E100322,2021 H1,2021-06-15,4,Exceeds Expectations,72,False,E100315
2441,E100322,2021 H2,2021-12-15,3,Meets Expectations,65,False,E100315
2442,E100322,2022 H1,2022-06-15,3,Meets Expectations,42,False,E100315
2443,E100322,2022 H2,2022-12-15,3,Meets Expectations,43,False,E100315
2444,E100322,2023 H1,2023-06-15,3,Meets Expectations,51,False,E100315
2445,E100322,2023 H2,2023-12-15,3,Meets Expectations,58,False,E100315
2446,E100322,2024 H1,2024-06-15,5,Outstanding,90,False,E100315
2447,E100322,2024 H2,2024-12-15,3,Meets Expectations,76,False,E100315
2448,E100322,2025 H1,2025-06-15,5,Outstanding,95,True,E100315
2449,E100322,2025 H2,2025-12-15,4,Exceeds Expectations,75,False,E100315
2450,E100322,2026 H1,2026-06-15,1,Unsatisfactory,30,False,E100315
2451,E100323,2021 H1,2021-06-15,4,Exceeds Expectations,86,True,E100316
2452,E100323,2021 H2,2021-12-15,2,Needs Improvement,30,False,E100316
2453,E100323,2022 H1,2022-06-15,3,Meets Expectations,44,False,E100316
2454,E100323,2022 H2,2022-12-15,4,Exceeds Expectations,79,False,E100316
2455,E100324,2021 H1,2021-06-15,2,Needs Improvement,30,False,E100325
2456,E100324,2021 H2,2021-12-15,2,Needs Improvement,31,False,E100325
2457,E100324,2022 H1,2022-06-15,5,Outstanding,90,False,E100325
2458,E100324,2022 H2,2022-12-15,5,Outstanding,97,False,E100325
2459,E100324,2023 H1,2023-06-15,3,Meets Expectations,55,False,E100325
2460,E100324,2023 H2,2023-12-15,3,Meets Expectations,43,False,E100325
2461,E100324,2024 H1,2024-06-15,3,Meets Expectations,61,False,E100325
2462,E100324,2024 H2,2024-12-15,3,Meets Expectations,51,False,E100325
2463,E100324,2025 H1,2025-06-15,3,Meets Expectations,67,False,E100325
2464,E100324,2025 H2,2025-12-15,3,Meets Expectations,50,False,E100325
2465,E100324,2026 H1,2026-06-15,3,Meets Expectations,57,False,E100325
2466,E100325,2021 H1,2021-06-15,3,Meets Expectations,63,False,E000001
2467,E100325,2021 H2,2021-12-15,3,Meets Expectations,71,False,E000001
2468,E100325,2022 H1,2022-06-15,3,Meets Expectations,55,False,E000001
2469,E100325,2022 H2,2022-12-15,4,Exceeds Expectations,71,False,E000001
2470,E100325,2023 H1,2023-06-15,3,Meets Expectations,45,False,E000001
2471,E100326,2021 H1,2021-06-15,4,Exceeds Expectations,73,False,E100341
2472,E100326,2021 H2,2021-12-15,3,Meets Expectations,34,False,E100341
2473,E100326,2022 H1,2022-06-15,4,Exceeds Expectations,78,False,E100341
2474,E100326,2022 H2,2022-12-15,1,Unsatisfactory,30,False,E100341
2475,E100326,2023 H1,2023-06-15,3,Meets Expectations,37,False,E100341
2476,E100326,2023 H2,2023-12-15,3,Meets Expectations,41,False,E100341
2477,E100327,2021 H1,2021-06-15,3,Meets Expectations,59,False,E100319
2478,E100327,2021 H2,2021-12-15,4,Exceeds Expectations,77,False,E100319
2479,E100327,2022 H1,2022-06-15,3,Meets Expectations,80,False,E100319
2480,E100327,2022 H2,2022-12-15,1,Unsatisfactory,30,False,E100319
2481,E100327,2023 H1,2023-06-15,4,Exceeds Expectations,65,True,E100319
2482,E100328,2021 H1,2021-06-15,3,Meets Expectations,54,False,E100337
2483,E100328,2021 H2,2021-12-15,3,Meets Expectations,40,False,E100337
2484,E100328,2022 H1,2022-06-15,4,Exceeds Expectations,80,False,E100337
2485,E100329,2021 H1,2021-06-15,5,Outstanding,71,False,E100361
2486,E100329,2021 H2,2021-12-15,4,Exceeds Expectations,63,False,E100361
2487,E100329,2022 H1,2022-06-15,3,Meets Expectations,47,False,E100361
2488,E100329,2022 H2,2022-12-15,3,Meets Expectations,60,False,E100361
2489,E100329,2023 H1,2023-06-15,5,Outstanding,109,False,E100361
2490,E100329,2023 H2,2023-12-15,4,Exceeds Expectations,60,True,E100361
2491,E100329,2024 H1,2024-06-15,3,Meets Expectations,53,False,E100361
2492,E100329,2024 H2,2024-12-15,4,Exceeds Expectations,79,False,E100361
2493,E100329,2025 H1,2025-06-15,3,Meets Expectations,66,False,E100361
2494,E100329,2025 H2,2025-12-15,5,Outstanding,93,False,E100361
2495,E100329,2026 H1,2026-06-15,3,Meets Expectations,64,False,E100361
2496,E100331,2021 H1,2021-06-15,4,Exceeds Expectations,78,True,E100337
2497,E100332,2021 H1,2021-06-15,3,Meets Expectations,68,False,E100341
2498,E100333,2021 H1,2021-06-15,3,Meets Expectations,53,False,E100325
2499,E100333,2021 H2,2021-12-15,5,Outstanding,89,False,E100325
2500,E100333,2022 H1,2022-06-15,3,Meets Expectations,56,False,E100325
2501,E100333,2022 H2,2022-12-15,3,Meets Expectations,42,False,E100325
2502,E100334,2021 H1,2021-06-15,3,Meets Expectations,52,False,E100313
2503,E100334,2021 H2,2021-12-15,4,Exceeds Expectations,74,True,E100313
2504,E100334,2022 H1,2022-06-15,5,Outstanding,95,True,E100313
2505,E100334,2022 H2,2022-12-15,4,Exceeds Expectations,78,False,E100313
2506,E100334,2023 H1,2023-06-15,5,Outstanding,90,False,E100313
2507,E100334,2023 H2,2023-12-15,3,Meets Expectations,43,False,E100313
2508,E100334,2024 H1,2024-06-15,4,Exceeds Expectations,67,True,E100313
2509,E100334,2024 H2,2024-12-15,4,Exceeds Expectations,73,True,E100313
2510,E100334,2025 H1,2025-06-15,2,Needs Improvement,36,False,E100313
2511,E100334,2025 H2,2025-12-15,3,Meets Expectations,39,False,E100313
2512,E100334,2026 H1,2026-06-15,4,Exceeds Expectations,89,False,E100313
2513,E100335,2021 H1,2021-06-15,3,Meets Expectations,30,False,E100316
2514,E100335,2021 H2,2021-12-15,5,Outstanding,73,True,E100316
2515,E100335,2022 H1,2022-06-15,5,Outstanding,103,False,E100316
2516,E100335,2022 H2,2022-12-15,3,Meets Expectations,47,False,E100316
2517,E100335,2023 H1,2023-06-15,4,Exceeds Expectations,73,True,E100316
2518,E100335,2023 H2,2023-12-15,5,Outstanding,95,False,E100316
2519,E100335,2024 H1,2024-06-15,5,Outstanding,98,True,E100316
2520,E100335,2024 H2,2024-12-15,5,Outstanding,93,False,E100316
2521,E100335,2025 H1,2025-06-15,3,Meets Expectations,49,False,E100316
2522,E100336,2021 H1,2021-06-15,3,Meets Expectations,52,False,E100361
2523,E100336,2021 H2,2021-12-15,2,Needs Improvement,31,False,E100361
2524,E100336,2022 H1,2022-06-15,4,Exceeds Expectations,77,False,E100361
2525,E100336,2022 H2,2022-12-15,5,Outstanding,92,False,E100361
2526,E100336,2023 H1,2023-06-15,4,Exceeds Expectations,69,False,E100361
2527,E100336,2023 H2,2023-12-15,3,Meets Expectations,54,False,E100361
2528,E100336,2024 H1,2024-06-15,5,Outstanding,94,True,E100361
2529,E100336,2024 H2,2024-12-15,2,Needs Improvement,38,False,E100361
2530,E100336,2025 H1,2025-06-15,3,Meets Expectations,47,False,E100361
2531,E100336,2025 H2,2025-12-15,3,Meets Expectations,58,False,E100361
2532,E100336,2026 H1,2026-06-15,4,Exceeds Expectations,65,False,E100361
2533,E100337,2021 H1,2021-06-15,2,Needs Improvement,34,False,E100325
2534,E100337,2021 H2,2021-12-15,3,Meets Expectations,53,False,E100325
2535,E100337,2022 H1,2022-06-15,4,Exceeds Expectations,67,True,E100325
2536,E100337,2022 H2,2022-12-15,4,Exceeds Expectations,78,False,E100325
2537,E100337,2023 H1,2023-06-15,4,Exceeds Expectations,86,False,E100325
2538,E100337,2023 H2,2023-12-15,4,Exceeds Expectations,72,False,E100325
2539,E100337,2024 H1,2024-06-15,3,Meets Expectations,61,False,E100325
2540,E100337,2024 H2,2024-12-15,3,Meets Expectations,35,False,E100325
2541,E100337,2025 H1,2025-06-15,3,Meets Expectations,68,False,E100325
2542,E100337,2025 H2,2025-12-15,2,Needs Improvement,39,False,E100325
2543,E100337,2026 H1,2026-06-15,4,Exceeds Expectations,71,True,E100325
2544,E100338,2021 H1,2021-06-15,3,Meets Expectations,43,False,E100337
2545,E100338,2021 H2,2021-12-15,4,Exceeds Expectations,68,False,E100337
2546,E100338,2022 H1,2022-06-15,5,Outstanding,94,False,E100337
2547,E100338,2022 H2,2022-12-15,3,Meets Expectations,56,False,E100337
2548,E100338,2023 H1,2023-06-15,3,Meets Expectations,52,False,E100337
2549,E100338,2023 H2,2023-12-15,2,Needs Improvement,32,False,E100337
2550,E100338,2024 H1,2024-06-15,4,Exceeds Expectations,70,True,E100337
2551,E100338,2024 H2,2024-12-15,4,Exceeds Expectations,84,False,E100337
2552,E100338,2025 H1,2025-06-15,4,Exceeds Expectations,91,False,E100337
2553,E100338,2025 H2,2025-12-15,4,Exceeds Expectations,72,False,E100337
2554,E100338,2026 H1,2026-06-15,3,Meets Expectations,49,False,E100337
2555,E100339,2021 H1,2021-06-15,3,Meets Expectations,57,False,E100343
2556,E100339,2021 H2,2021-12-15,3,Meets Expectations,40,False,E100343
2557,E100339,2022 H1,2022-06-15,4,Exceeds Expectations,66,False,E100343
2558,E100339,2022 H2,2022-12-15,2,Needs Improvement,47,False,E100343
2559,E100339,2023 H1,2023-06-15,4,Exceeds Expectations,60,False,E100343
2560,E100339,2023 H2,2023-12-15,3,Meets Expectations,45,False,E100343
2561,E100339,2024 H1,2024-06-15,3,Meets Expectations,33,False,E100343
2562,E100339,2024 H2,2024-12-15,3,Meets Expectations,50,False,E100343
2563,E100339,2025 H1,2025-06-15,5,Outstanding,91,True,E100343
2564,E100340,2021 H1,2021-06-15,3,Meets Expectations,56,False,E100319
2565,E100340,2021 H2,2021-12-15,2,Needs Improvement,36,False,E100319
2566,E100341,2021 H1,2021-06-15,3,Meets Expectations,55,False,E100325
2567,E100341,2021 H2,2021-12-15,4,Exceeds Expectations,66,True,E100325
2568,E100341,2022 H1,2022-06-15,4,Exceeds Expectations,65,False,E100325
2569,E100341,2022 H2,2022-12-15,2,Needs Improvement,45,False,E100325
2570,E100341,2023 H1,2023-06-15,4,Exceeds Expectations,74,False,E100325
2571,E100341,2023 H2,2023-12-15,4,Exceeds Expectations,56,False,E100325
2572,E100341,2024 H1,2024-06-15,4,Exceeds Expectations,86,False,E100325
2573,E100341,2024 H2,2024-12-15,4,Exceeds Expectations,70,False,E100325
2574,E100341,2025 H1,2025-06-15,2,Needs Improvement,41,False,E100325
2575,E100341,2025 H2,2025-12-15,4,Exceeds Expectations,82,True,E100325
2576,E100341,2026 H1,2026-06-15,3,Meets Expectations,48,False,E100325
2577,E100342,2021 H1,2021-06-15,3,Meets Expectations,44,False,E100325
2578,E100342,2021 H2,2021-12-15,4,Exceeds Expectations,71,False,E100325
2579,E100342,2022 H1,2022-06-15,4,Exceeds Expectations,73,False,E100325
2580,E100342,2022 H2,2022-12-15,3,Meets Expectations,45,False,E100325
2581,E100342,2023 H1,2023-06-15,5,Outstanding,92,True,E100325
2582,E100342,2023 H2,2023-12-15,4,Exceeds Expectations,76,False,E100325
2583,E100342,2024 H1,2024-06-15,3,Meets Expectations,49,False,E100325
2584,E100342,2024 H2,2024-12-15,3,Meets Expectations,66,False,E100325
2585,E100342,2025 H1,2025-06-15,5,Outstanding,86,False,E100325
2586,E100342,2025 H2,2025-12-15,4,Exceeds Expectations,68,False,E100325
2587,E100342,2026 H1,2026-06-15,2,Needs Improvement,30,False,E100325
2588,E100343,2021 H1,2021-06-15,4,Exceeds Expectations,82,False,E100325
2589,E100343,2021 H2,2021-12-15,3,Meets Expectations,47,False,E100325
2590,E100343,2022 H1,2022-06-15,2,Needs Improvement,32,False,E100325
2591,E100343,2022 H2,2022-12-15,3,Meets Expectations,51,False,E100325
2592,E100343,2023 H1,2023-06-15,2,Needs Improvement,39,False,E100325
2593,E100343,2023 H2,2023-12-15,3,Meets Expectations,51,False,E100325
2594,E100343,2024 H1,2024-06-15,3,Meets Expectations,59,False,E100325
2595,E100343,2024 H2,2024-12-15,4,Exceeds Expectations,84,False,E100325
2596,E100343,2025 H1,2025-06-15,5,Outstanding,95,False,E100325
2597,E100343,2025 H2,2025-12-15,3,Meets Expectations,47,False,E100325
2598,E100343,2026 H1,2026-06-15,4,Exceeds Expectations,60,False,E100325
2599,E100344,2021 H1,2021-06-15,3,Meets Expectations,44,False,E100311
2600,E100344,2021 H2,2021-12-15,4,Exceeds Expectations,80,False,E100311
2601,E100344,2022 H1,2022-06-15,3,Meets Expectations,82,False,E100311
2602,E100344,2022 H2,2022-12-15,3,Meets Expectations,58,False,E100311
2603,E100344,2023 H1,2023-06-15,4,Exceeds Expectations,74,False,E100311
2604,E100344,2023 H2,2023-12-15,3,Meets Expectations,55,False,E100311
2605,E100344,2024 H1,2024-06-15,5,Outstanding,90,False,E100311
2606,E100344,2024 H2,2024-12-15,4,Exceeds Expectations,55,False,E100311
2607,E100344,2025 H1,2025-06-15,3,Meets Expectations,76,False,E100311
2608,E100344,2025 H2,2025-12-15,3,Meets Expectations,48,False,E100311
2609,E100344,2026 H1,2026-06-15,5,Outstanding,83,False,E100311
2610,E100345,2021 H1,2021-06-15,3,Meets Expectations,61,False,E100318
2611,E100345,2021 H2,2021-12-15,5,Outstanding,99,False,E100318
2612,E100345,2022 H1,2022-06-15,3,Meets Expectations,67,False,E100318
2613,E100345,2022 H2,2022-12-15,3,Meets Expectations,48,False,E100318
2614,E100345,2023 H1,2023-06-15,5,Outstanding,103,False,E100318
2615,E100345,2023 H2,2023-12-15,3,Meets Expectations,64,False,E100318
2616,E100345,2024 H1,2024-06-15,5,Outstanding,88,False,E100318
2617,E100345,2024 H2,2024-12-15,4,Exceeds Expectations,60,False,E100318
2618,E100345,2025 H1,2025-06-15,3,Meets Expectations,48,False,E100318
2619,E100345,2025 H2,2025-12-15,3,Meets Expectations,40,False,E100318
2620,E100345,2026 H1,2026-06-15,5,Outstanding,100,False,E100318
2621,E100346,2021 H1,2021-06-15,5,Outstanding,90,True,E100321
2622,E100346,2021 H2,2021-12-15,3,Meets Expectations,57,False,E100321
2623,E100346,2022 H1,2022-06-15,4,Exceeds Expectations,86,False,E100321
2624,E100346,2022 H2,2022-12-15,4,Exceeds Expectations,73,False,E100321
2625,E100346,2023 H1,2023-06-15,4,Exceeds Expectations,53,False,E100321
2626,E100346,2023 H2,2023-12-15,5,Outstanding,97,True,E100321
2627,E100346,2024 H1,2024-06-15,4,Exceeds Expectations,78,False,E100321
2628,E100346,2024 H2,2024-12-15,4,Exceeds Expectations,98,True,E100321
2629,E100346,2025 H1,2025-06-15,3,Meets Expectations,65,False,E100321
2630,E100346,2025 H2,2025-12-15,4,Exceeds Expectations,64,True,E100321
2631,E100346,2026 H1,2026-06-15,4,Exceeds Expectations,75,True,E100321
2632,E100347,2021 H1,2021-06-15,4,Exceeds Expectations,74,True,E100343
2633,E100347,2021 H2,2021-12-15,4,Exceeds Expectations,80,True,E100343
2634,E100348,2021 H1,2021-06-15,3,Meets Expectations,53,False,E100353
2635,E100348,2021 H2,2021-12-15,4,Exceeds Expectations,62,True,E100353
2636,E100348,2022 H1,2022-06-15,4,Exceeds Expectations,72,False,E100353
2637,E100348,2022 H2,2022-12-15,4,Exceeds Expectations,77,True,E100353
2638,E100348,2023 H1,2023-06-15,3,Meets Expectations,50,False,E100353
2639,E100348,2023 H2,2023-12-15,3,Meets Expectations,42,False,E100353
2640,E100348,2024 H1,2024-06-15,4,Exceeds Expectations,74,False,E100353
2641,E100348,2024 H2,2024-12-15,4,Exceeds Expectations,69,False,E100353
2642,E100348,2025 H1,2025-06-15,4,Exceeds Expectations,83,False,E100353
2643,E100349,2021 H1,2021-06-15,5,Outstanding,81,True,E100313
2644,E100349,2021 H2,2021-12-15,5,Outstanding,94,True,E100313
2645,E100349,2022 H1,2022-06-15,4,Exceeds Expectations,69,False,E100313
2646,E100349,2022 H2,2022-12-15,5,Outstanding,93,True,E100313
2647,E100349,2023 H1,2023-06-15,2,Needs Improvement,30,False,E100313
2648,E100349,2023 H2,2023-12-15,4,Exceeds Expectations,77,False,E100313
2649,E100349,2024 H1,2024-06-15,3,Meets Expectations,51,False,E100313
2650,E100349,2024 H2,2024-12-15,4,Exceeds Expectations,69,True,E100313
2651,E100349,2025 H1,2025-06-15,4,Exceeds Expectations,67,False,E100313
2652,E100349,2025 H2,2025-12-15,5,Outstanding,94,False,E100313
2653,E100349,2026 H1,2026-06-15,4,Exceeds Expectations,86,True,E100313
2654,E100350,2021 H1,2021-06-15,2,Needs Improvement,43,False,E100325
2655,E100350,2021 H2,2021-12-15,2,Needs Improvement,38,False,E100325
2656,E100350,2022 H1,2022-06-15,4,Exceeds Expectations,77,True,E100325
2657,E100350,2022 H2,2022-12-15,2,Needs Improvement,39,False,E100325
2658,E100350,2023 H1,2023-06-15,5,Outstanding,85,False,E100325
2659,E100350,2023 H2,2023-12-15,3,Meets Expectations,50,False,E100325
2660,E100350,2024 H1,2024-06-15,4,Exceeds Expectations,65,False,E100325
2661,E100350,2024 H2,2024-12-15,3,Meets Expectations,63,False,E100325
2662,E100351,2021 H1,2021-06-15,3,Meets Expectations,65,False,E100325
2663,E100351,2021 H2,2021-12-15,3,Meets Expectations,54,False,E100325
2664,E100351,2022 H1,2022-06-15,4,Exceeds Expectations,81,False,E100325
2665,E100351,2022 H2,2022-12-15,3,Meets Expectations,46,False,E100325
2666,E100351,2023 H1,2023-06-15,5,Outstanding,89,True,E100325
2667,E100351,2023 H2,2023-12-15,4,Exceeds Expectations,80,True,E100325
2668,E100351,2024 H1,2024-06-15,3,Meets Expectations,42,False,E100325
2669,E100351,2024 H2,2024-12-15,4,Exceeds Expectations,58,False,E100325
2670,E100351,2025 H1,2025-06-15,3,Meets Expectations,61,False,E100325
2671,E100351,2025 H2,2025-12-15,4,Exceeds Expectations,76,False,E100325
2672,E100351,2026 H1,2026-06-15,3,Meets Expectations,67,False,E100325
2673,E100352,2021 H1,2021-06-15,3,Meets Expectations,34,False,E100313
2674,E100352,2021 H2,2021-12-15,2,Needs Improvement,37,False,E100313
2675,E100353,2021 H1,2021-06-15,3,Meets Expectations,61,False,E100325
2676,E100353,2021 H2,2021-12-15,4,Exceeds Expectations,71,False,E100325
2677,E100353,2022 H1,2022-06-15,2,Needs Improvement,30,False,E100325
2678,E100354,2021 H1,2021-06-15,3,Meets Expectations,70,False,E100316
2679,E100354,2021 H2,2021-12-15,3,Meets Expectations,64,False,E100316
2680,E100354,2022 H1,2022-06-15,4,Exceeds Expectations,71,False,E100316
2681,E100354,2022 H2,2022-12-15,3,Meets Expectations,59,False,E100316
2682,E100354,2023 H1,2023-06-15,2,Needs Improvement,35,False,E100316
2683,E100354,2023 H2,2023-12-15,3,Meets Expectations,56,False,E100316
2684,E100354,2024 H1,2024-06-15,3,Meets Expectations,50,False,E100316
2685,E100354,2024 H2,2024-12-15,4,Exceeds Expectations,74,False,E100316
2686,E100354,2025 H1,2025-06-15,5,Outstanding,87,False,E100316
2687,E100354,2025 H2,2025-12-15,2,Needs Improvement,31,False,E100316
2688,E100354,2026 H1,2026-06-15,2,Needs Improvement,51,False,E100316
2689,E100355,2021 H1,2021-06-15,4,Exceeds Expectations,75,False,E100325
2690,E100355,2021 H2,2021-12-15,4,Exceeds Expectations,71,False,E100325
2691,E100355,2022 H1,2022-06-15,2,Needs Improvement,31,False,E100325
2692,E100355,2022 H2,2022-12-15,1,Unsatisfactory,30,False,E100325
2693,E100355,2023 H1,2023-06-15,4,Exceeds Expectations,72,True,E100325
2694,E100355,2023 H2,2023-12-15,3,Meets Expectations,53,False,E100325
2695,E100355,2024 H1,2024-06-15,4,Exceeds Expectations,75,True,E100325
2696,E100355,2024 H2,2024-12-15,2,Needs Improvement,30,False,E100325
2697,E100356,2021 H1,2021-06-15,4,Exceeds Expectations,69,False,E100359
2698,E100356,2021 H2,2021-12-15,5,Outstanding,80,False,E100359
2699,E100356,2022 H1,2022-06-15,3,Meets Expectations,50,False,E100359
2700,E100356,2022 H2,2022-12-15,3,Meets Expectations,44,False,E100359
2701,E100356,2023 H1,2023-06-15,2,Needs Improvement,41,False,E100359
2702,E100356,2023 H2,2023-12-15,5,Outstanding,85,False,E100359
2703,E100356,2024 H1,2024-06-15,4,Exceeds Expectations,70,False,E100359
2704,E100356,2024 H2,2024-12-15,3,Meets Expectations,47,False,E100359
2705,E100356,2025 H1,2025-06-15,4,Exceeds Expectations,74,False,E100359
2706,E100356,2025 H2,2025-12-15,3,Meets Expectations,61,False,E100359
2707,E100356,2026 H1,2026-06-15,5,Outstanding,101,False,E100359
2708,E100357,2021 H1,2021-06-15,3,Meets Expectations,45,False,E100333
2709,E100357,2021 H2,2021-12-15,3,Meets Expectations,49,False,E100333
2710,E100357,2022 H1,2022-06-15,3,Meets Expectations,62,False,E100333
2711,E100357,2022 H2,2022-12-15,2,Needs Improvement,35,False,E100333
2712,E100357,2023 H1,2023-06-15,3,Meets Expectations,46,False,E100333
2713,E100357,2023 H2,2023-12-15,4,Exceeds Expectations,65,False,E100333
2714,E100357,2024 H1,2024-06-15,3,Meets Expectations,62,False,E100333
2715,E100357,2024 H2,2024-12-15,3,Meets Expectations,66,False,E100333
2716,E100357,2025 H1,2025-06-15,3,Meets Expectations,30,False,E100333
2717,E100357,2025 H2,2025-12-15,4,Exceeds Expectations,75,True,E100333
2718,E100358,2021 H1,2021-06-15,4,Exceeds Expectations,76,False,E100325
2719,E100358,2021 H2,2021-12-15,5,Outstanding,93,False,E100325
2720,E100358,2022 H1,2022-06-15,4,Exceeds Expectations,80,False,E100325
2721,E100358,2022 H2,2022-12-15,3,Meets Expectations,49,False,E100325
2722,E100359,2021 H1,2021-06-15,3,Meets Expectations,75,False,E100325
2723,E100359,2021 H2,2021-12-15,3,Meets Expectations,58,False,E100325
2724,E100359,2022 H1,2022-06-15,3,Meets Expectations,56,False,E100325
2725,E100359,2022 H2,2022-12-15,3,Meets Expectations,50,False,E100325
2726,E100359,2023 H1,2023-06-15,2,Needs Improvement,30,False,E100325
2727,E100359,2023 H2,2023-12-15,4,Exceeds Expectations,76,False,E100325
2728,E100359,2024 H1,2024-06-15,4,Exceeds Expectations,90,False,E100325
2729,E100359,2024 H2,2024-12-15,5,Outstanding,80,False,E100325
2730,E100359,2025 H1,2025-06-15,5,Outstanding,78,False,E100325
2731,E100360,2021 H1,2021-06-15,3,Meets Expectations,55,False,E100316
2732,E100360,2021 H2,2021-12-15,4,Exceeds Expectations,59,False,E100316
2733,E100360,2022 H1,2022-06-15,3,Meets Expectations,55,False,E100316
2734,E100360,2022 H2,2022-12-15,2,Needs Improvement,40,False,E100316
2735,E100360,2023 H1,2023-06-15,3,Meets Expectations,59,False,E100316
2736,E100360,2023 H2,2023-12-15,3,Meets Expectations,50,False,E100316
2737,E100360,2024 H1,2024-06-15,5,Outstanding,82,True,E100316
2738,E100360,2024 H2,2024-12-15,3,Meets Expectations,48,False,E100316
2739,E100360,2025 H1,2025-06-15,4,Exceeds Expectations,74,True,E100316
2740,E100360,2025 H2,2025-12-15,4,Exceeds Expectations,66,False,E100316
2741,E100360,2026 H1,2026-06-15,3,Meets Expectations,56,False,E100316
2742,E100361,2021 H1,2021-06-15,2,Needs Improvement,47,False,E100325
2743,E100361,2021 H2,2021-12-15,1,Unsatisfactory,30,False,E100325
2744,E100361,2022 H1,2022-06-15,5,Outstanding,96,False,E100325
2745,E100361,2022 H2,2022-12-15,4,Exceeds Expectations,73,True,E100325
2746,E100361,2023 H1,2023-06-15,3,Meets Expectations,61,False,E100325
2747,E100361,2023 H2,2023-12-15,2,Needs Improvement,30,False,E100325
2748,E100361,2024 H1,2024-06-15,3,Meets Expectations,59,False,E100325
2749,E100361,2024 H2,2024-12-15,2,Needs Improvement,42,False,E100325
2750,E100361,2025 H1,2025-06-15,4,Exceeds Expectations,72,True,E100325
2751,E100361,2025 H2,2025-12-15,2,Needs Improvement,45,False,E100325
2752,E100361,2026 H1,2026-06-15,3,Meets Expectations,53,False,E100325
2753,E100362,2021 H1,2021-06-15,3,Meets Expectations,38,False,E100313
2754,E100362,2021 H2,2021-12-15,3,Meets Expectations,63,False,E100313
2755,E100362,2022 H1,2022-06-15,5,Outstanding,95,False,E100313
2756,E100362,2022 H2,2022-12-15,4,Exceeds Expectations,88,False,E100313
2757,E100362,2023 H1,2023-06-15,5,Outstanding,95,False,E100313
2758,E100363,2021 H1,2021-06-15,3,Meets Expectations,34,False,E000001
2759,E100363,2021 H2,2021-12-15,3,Meets Expectations,55,False,E000001
2760,E100363,2022 H1,2022-06-15,5,Outstanding,96,False,E000001
2761,E100365,2021 H1,2021-06-15,4,Exceeds Expectations,63,False,E100325
2762,E100365,2021 H2,2021-12-15,3,Meets Expectations,66,False,E100325
2763,E100365,2022 H1,2022-06-15,3,Meets Expectations,41,False,E100325
2764,E100365,2022 H2,2022-12-15,3,Meets Expectations,40,False,E100325
2765,E100365,2023 H1,2023-06-15,3,Meets Expectations,42,False,E100325
2766,E100365,2023 H2,2023-12-15,4,Exceeds Expectations,78,False,E100325
2767,E100365,2024 H1,2024-06-15,5,Outstanding,89,True,E100325
2768,E100365,2024 H2,2024-12-15,3,Meets Expectations,57,False,E100325
2769,E100365,2025 H1,2025-06-15,3,Meets Expectations,42,False,E100325
2770,E100365,2025 H2,2025-12-15,3,Meets Expectations,60,False,E100325
2771,E100365,2026 H1,2026-06-15,4,Exceeds Expectations,95,False,E100325
2772,E100366,2021 H1,2021-06-15,2,Needs Improvement,30,False,E100359
2773,E100366,2021 H2,2021-12-15,2,Needs Improvement,37,False,E100359
2774,E100366,2022 H1,2022-06-15,4,Exceeds Expectations,65,True,E100359
2775,E100366,2022 H2,2022-12-15,2,Needs Improvement,55,False,E100359
2776,E100366,2023 H1,2023-06-15,4,Exceeds Expectations,59,False,E100359
2777,E100366,2023 H2,2023-12-15,3,Meets Expectations,76,False,E100359
2778,E100367,2021 H1,2021-06-15,4,Exceeds Expectations,68,True,E100441
2779,E100367,2021 H2,2021-12-15,3,Meets Expectations,67,False,E100441
2780,E100367,2022 H1,2022-06-15,2,Needs Improvement,40,False,E100441
2781,E100367,2022 H2,2022-12-15,4,Exceeds Expectations,83,False,E100441
2782,E100367,2023 H1,2023-06-15,4,Exceeds Expectations,78,True,E100441
2783,E100367,2023 H2,2023-12-15,4,Exceeds Expectations,75,False,E100441
2784,E100367,2024 H1,2024-06-15,5,Outstanding,90,False,E100441
2785,E100367,2024 H2,2024-12-15,4,Exceeds Expectations,67,False,E100441
2786,E100367,2025 H1,2025-06-15,2,Needs Improvement,31,False,E100441
2787,E100367,2025 H2,2025-12-15,3,Meets Expectations,43,False,E100441
2788,E100367,2026 H1,2026-06-15,2,Needs Improvement,47,False,E100441
2789,E100368,2021 H1,2021-06-15,3,Meets Expectations,51,False,E100398
2790,E100368,2021 H2,2021-12-15,3,Meets Expectations,30,False,E100398
2791,E100368,2022 H1,2022-06-15,5,Outstanding,80,False,E100398
2792,E100368,2022 H2,2022-12-15,4,Exceeds Expectations,62,True,E100398
2793,E100368,2023 H1,2023-06-15,4,Exceeds Expectations,81,True,E100398
2794,E100368,2023 H2,2023-12-15,2,Needs Improvement,31,False,E100398
2795,E100368,2024 H1,2024-06-15,3,Meets Expectations,49,False,E100398
2796,E100368,2024 H2,2024-12-15,4,Exceeds Expectations,85,False,E100398
2797,E100368,2025 H1,2025-06-15,3,Meets Expectations,56,False,E100398
2798,E100368,2025 H2,2025-12-15,2,Needs Improvement,60,False,E100398
2799,E100368,2026 H1,2026-06-15,4,Exceeds Expectations,80,False,E100398
2800,E100370,2021 H1,2021-06-15,3,Meets Expectations,64,False,E100445
2801,E100370,2021 H2,2021-12-15,4,Exceeds Expectations,81,False,E100445
2802,E100370,2022 H1,2022-06-15,3,Meets Expectations,55,False,E100445
2803,E100370,2022 H2,2022-12-15,2,Needs Improvement,42,False,E100445
2804,E100370,2023 H1,2023-06-15,4,Exceeds Expectations,53,False,E100445
2805,E100370,2023 H2,2023-12-15,2,Needs Improvement,30,False,E100445
2806,E100370,2024 H1,2024-06-15,4,Exceeds Expectations,43,True,E100445
2807,E100370,2024 H2,2024-12-15,5,Outstanding,82,False,E100445
2808,E100370,2025 H1,2025-06-15,5,Outstanding,90,True,E100445
2809,E100370,2025 H2,2025-12-15,1,Unsatisfactory,30,False,E100445
2810,E100370,2026 H1,2026-06-15,3,Meets Expectations,40,False,E100445
2811,E100371,2021 H1,2021-06-15,2,Needs Improvement,30,False,E100372
2812,E100371,2021 H2,2021-12-15,3,Meets Expectations,68,False,E100372
2813,E100371,2022 H1,2022-06-15,3,Meets Expectations,59,False,E100372
2814,E100372,2021 H1,2021-06-15,2,Needs Improvement,46,False,E100398
2815,E100372,2021 H2,2021-12-15,3,Meets Expectations,56,False,E100398
2816,E100372,2022 H1,2022-06-15,3,Meets Expectations,50,False,E100398
2817,E100372,2022 H2,2022-12-15,2,Needs Improvement,52,False,E100398
2818,E100372,2023 H1,2023-06-15,3,Meets Expectations,46,False,E100398
2819,E100373,2021 H1,2021-06-15,3,Meets Expectations,58,False,E100398
2820,E100373,2021 H2,2021-12-15,4,Exceeds Expectations,66,False,E100398
2821,E100373,2022 H1,2022-06-15,4,Exceeds Expectations,71,False,E100398
2822,E100373,2022 H2,2022-12-15,3,Meets Expectations,50,False,E100398
2823,E100373,2023 H1,2023-06-15,3,Meets Expectations,72,False,E100398
2824,E100373,2023 H2,2023-12-15,4,Exceeds Expectations,79,False,E100398
2825,E100373,2024 H1,2024-06-15,4,Exceeds Expectations,72,False,E100398
2826,E100373,2024 H2,2024-12-15,4,Exceeds Expectations,72,False,E100398
2827,E100373,2025 H1,2025-06-15,3,Meets Expectations,50,False,E100398
2828,E100373,2025 H2,2025-12-15,3,Meets Expectations,59,False,E100398
2829,E100374,2021 H1,2021-06-15,2,Needs Improvement,30,False,E100372
2830,E100374,2021 H2,2021-12-15,4,Exceeds Expectations,83,False,E100372
2831,E100374,2022 H1,2022-06-15,5,Outstanding,85,False,E100372
2832,E100374,2022 H2,2022-12-15,2,Needs Improvement,30,False,E100372
2833,E100374,2023 H1,2023-06-15,5,Outstanding,98,False,E100372
2834,E100374,2023 H2,2023-12-15,4,Exceeds Expectations,78,False,E100372
2835,E100375,2021 H1,2021-06-15,4,Exceeds Expectations,90,True,E100372
2836,E100375,2021 H2,2021-12-15,2,Needs Improvement,30,False,E100372
2837,E100375,2022 H1,2022-06-15,4,Exceeds Expectations,79,False,E100372
2838,E100375,2022 H2,2022-12-15,2,Needs Improvement,44,False,E100372
2839,E100375,2023 H1,2023-06-15,3,Meets Expectations,59,False,E100372
2840,E100375,2023 H2,2023-12-15,2,Needs Improvement,30,False,E100372
2841,E100375,2024 H1,2024-06-15,4,Exceeds Expectations,92,False,E100372
2842,E100375,2024 H2,2024-12-15,3,Meets Expectations,72,False,E100372
2843,E100375,2025 H1,2025-06-15,2,Needs Improvement,30,False,E100372
2844,E100375,2025 H2,2025-12-15,4,Exceeds Expectations,77,False,E100372
2845,E100375,2026 H1,2026-06-15,3,Meets Expectations,59,False,E100372
2846,E100376,2021 H1,2021-06-15,3,Meets Expectations,55,False,E100411
2847,E100376,2021 H2,2021-12-15,4,Exceeds Expectations,90,False,E100411
2848,E100376,2022 H1,2022-06-15,3,Meets Expectations,59,False,E100411
2849,E100377,2021 H1,2021-06-15,4,Exceeds Expectations,94,False,E100372
2850,E100377,2021 H2,2021-12-15,5,Outstanding,96,True,E100372
2851,E100377,2022 H1,2022-06-15,2,Needs Improvement,40,False,E100372
2852,E100377,2022 H2,2022-12-15,4,Exceeds Expectations,61,False,E100372
2853,E100378,2021 H1,2021-06-15,3,Meets Expectations,72,False,E100448
2854,E100379,2021 H1,2021-06-15,5,Outstanding,74,False,E100461
2855,E100379,2021 H2,2021-12-15,3,Meets Expectations,53,False,E100461
2856,E100379,2022 H1,2022-06-15,5,Outstanding,106,False,E100461
2857,E100379,2022 H2,2022-12-15,4,Exceeds Expectations,61,True,E100461
2858,E100380,2021 H1,2021-06-15,3,Meets Expectations,35,False,E100468
2859,E100381,2021 H1,2021-06-15,2,Needs Improvement,62,False,E100437
2860,E100381,2021 H2,2021-12-15,3,Meets Expectations,51,False,E100437
2861,E100381,2022 H1,2022-06-15,3,Meets Expectations,55,False,E100437
2862,E100381,2022 H2,2022-12-15,4,Exceeds Expectations,62,False,E100437
2863,E100381,2023 H1,2023-06-15,5,Outstanding,83,False,E100437
2864,E100381,2023 H2,2023-12-15,2,Needs Improvement,30,False,E100437
2865,E100381,2024 H1,2024-06-15,3,Meets Expectations,63,False,E100437
2866,E100382,2021 H1,2021-06-15,4,Exceeds Expectations,84,False,E100398
2867,E100382,2021 H2,2021-12-15,2,Needs Improvement,49,False,E100398
2868,E100382,2022 H1,2022-06-15,4,Exceeds Expectations,68,False,E100398
2869,E100382,2022 H2,2022-12-15,3,Meets Expectations,44,False,E100398
2870,E100382,2023 H1,2023-06-15,4,Exceeds Expectations,72,False,E100398
2871,E100382,2023 H2,2023-12-15,2,Needs Improvement,32,False,E100398
2872,E100382,2024 H1,2024-06-15,3,Meets Expectations,65,False,E100398
2873,E100382,2024 H2,2024-12-15,4,Exceeds Expectations,67,False,E100398
2874,E100382,2025 H1,2025-06-15,3,Meets Expectations,56,False,E100398
2875,E100383,2021 H1,2021-06-15,3,Meets Expectations,39,False,E100411
2876,E100383,2021 H2,2021-12-15,4,Exceeds Expectations,71,False,E100411
2877,E100383,2022 H1,2022-06-15,3,Meets Expectations,54,False,E100411
2878,E100383,2022 H2,2022-12-15,4,Exceeds Expectations,58,False,E100411
2879,E100383,2023 H1,2023-06-15,3,Meets Expectations,68,False,E100411
2880,E100383,2023 H2,2023-12-15,4,Exceeds Expectations,92,False,E100411
2881,E100383,2024 H1,2024-06-15,4,Exceeds Expectations,79,False,E100411
2882,E100383,2024 H2,2024-12-15,3,Meets Expectations,39,False,E100411
2883,E100383,2025 H1,2025-06-15,4,Exceeds Expectations,71,False,E100411
2884,E100383,2025 H2,2025-12-15,2,Needs Improvement,41,False,E100411
2885,E100383,2026 H1,2026-06-15,4,Exceeds Expectations,63,False,E100411
2886,E100384,2021 H1,2021-06-15,3,Meets Expectations,57,False,E100418
2887,E100384,2021 H2,2021-12-15,3,Meets Expectations,52,False,E100418
2888,E100384,2022 H1,2022-06-15,4,Exceeds Expectations,80,True,E100418
2889,E100384,2022 H2,2022-12-15,3,Meets Expectations,59,False,E100418
2890,E100384,2023 H1,2023-06-15,3,Meets Expectations,55,False,E100418
2891,E100384,2023 H2,2023-12-15,4,Exceeds Expectations,47,True,E100418
2892,E100384,2024 H1,2024-06-15,3,Meets Expectations,65,False,E100418
2893,E100384,2024 H2,2024-12-15,2,Needs Improvement,39,False,E100418
2894,E100384,2025 H1,2025-06-15,5,Outstanding,101,False,E100418
2895,E100384,2025 H2,2025-12-15,4,Exceeds Expectations,89,False,E100418
2896,E100384,2026 H1,2026-06-15,4,Exceeds Expectations,68,False,E100418
2897,E100385,2021 H1,2021-06-15,4,Exceeds Expectations,58,False,E100455
2898,E100386,2021 H1,2021-06-15,4,Exceeds Expectations,71,False,E100398
2899,E100386,2021 H2,2021-12-15,4,Exceeds Expectations,74,False,E100398
2900,E100386,2022 H1,2022-06-15,4,Exceeds Expectations,73,False,E100398
2901,E100386,2022 H2,2022-12-15,3,Meets Expectations,57,False,E100398
2902,E100387,2021 H1,2021-06-15,2,Needs Improvement,34,False,E100428
2903,E100387,2021 H2,2021-12-15,3,Meets Expectations,40,False,E100428
2904,E100387,2022 H1,2022-06-15,3,Meets Expectations,41,False,E100428
2905,E100387,2022 H2,2022-12-15,2,Needs Improvement,30,False,E100428
2906,E100387,2023 H1,2023-06-15,4,Exceeds Expectations,57,False,E100428
2907,E100387,2023 H2,2023-12-15,3,Meets Expectations,55,False,E100428
2908,E100387,2024 H1,2024-06-15,3,Meets Expectations,62,False,E100428
2909,E100387,2024 H2,2024-12-15,5,Outstanding,106,False,E100428
2910,E100387,2025 H1,2025-06-15,3,Meets Expectations,44,False,E100428
2911,E100387,2025 H2,2025-12-15,3,Meets Expectations,59,False,E100428
2912,E100387,2026 H1,2026-06-15,3,Meets Expectations,54,False,E100428
2913,E100388,2021 H1,2021-06-15,3,Meets Expectations,54,False,E100392
2914,E100388,2021 H2,2021-12-15,4,Exceeds Expectations,81,False,E100392
2915,E100388,2022 H1,2022-06-15,4,Exceeds Expectations,61,True,E100392
2916,E100388,2022 H2,2022-12-15,4,Exceeds Expectations,82,False,E100392
2917,E100388,2023 H1,2023-06-15,3,Meets Expectations,57,False,E100392
2918,E100388,2023 H2,2023-12-15,3,Meets Expectations,46,False,E100392
2919,E100388,2024 H1,2024-06-15,3,Meets Expectations,48,False,E100392
2920,E100388,2024 H2,2024-12-15,5,Outstanding,89,False,E100392
2921,E100388,2025 H1,2025-06-15,3,Meets Expectations,51,False,E100392
2922,E100388,2025 H2,2025-12-15,4,Exceeds Expectations,86,False,E100392
2923,E100388,2026 H1,2026-06-15,4,Exceeds Expectations,71,False,E100392
2924,E100389,2021 H1,2021-06-15,5,Outstanding,87,False,E100411
2925,E100389,2021 H2,2021-12-15,3,Meets Expectations,42,False,E100411
2926,E100389,2022 H1,2022-06-15,3,Meets Expectations,42,False,E100411
2927,E100389,2022 H2,2022-12-15,2,Needs Improvement,35,False,E100411
2928,E100389,2023 H1,2023-06-15,3,Meets Expectations,66,False,E100411
2929,E100389,2023 H2,2023-12-15,4,Exceeds Expectations,78,False,E100411
2930,E100389,2024 H1,2024-06-15,4,Exceeds Expectations,61,False,E100411
2931,E100389,2024 H2,2024-12-15,3,Meets Expectations,58,False,E100411
2932,E100389,2025 H1,2025-06-15,2,Needs Improvement,30,False,E100411
2933,E100389,2025 H2,2025-12-15,4,Exceeds Expectations,69,False,E100411
2934,E100389,2026 H1,2026-06-15,1,Unsatisfactory,30,False,E100411
2935,E100390,2021 H1,2021-06-15,3,Meets Expectations,59,False,E100372
2936,E100391,2021 H1,2021-06-15,3,Meets Expectations,65,False,E100428
2937,E100391,2021 H2,2021-12-15,3,Meets Expectations,48,False,E100428
2938,E100391,2022 H1,2022-06-15,5,Outstanding,98,False,E100428
2939,E100391,2022 H2,2022-12-15,4,Exceeds Expectations,64,False,E100428
2940,E100391,2023 H1,2023-06-15,3,Meets Expectations,54,False,E100428
2941,E100391,2023 H2,2023-12-15,3,Meets Expectations,55,False,E100428
2942,E100392,2021 H1,2021-06-15,4,Exceeds Expectations,70,False,E100398
2943,E100393,2021 H1,2021-06-15,3,Meets Expectations,67,False,E100422
2944,E100393,2021 H2,2021-12-15,3,Meets Expectations,49,False,E100422
2945,E100393,2022 H1,2022-06-15,2,Needs Improvement,30,False,E100422
2946,E100393,2022 H2,2022-12-15,3,Meets Expectations,55,False,E100422
2947,E100393,2023 H1,2023-06-15,4,Exceeds Expectations,80,False,E100422
2948,E100393,2023 H2,2023-12-15,5,Outstanding,80,False,E100422
2949,E100393,2024 H1,2024-06-15,3,Meets Expectations,43,False,E100422
2950,E100393,2024 H2,2024-12-15,5,Outstanding,95,False,E100422
2951,E100393,2025 H1,2025-06-15,4,Exceeds Expectations,60,True,E100422
2952,E100393,2025 H2,2025-12-15,3,Meets Expectations,59,False,E100422
2953,E100393,2026 H1,2026-06-15,2,Needs Improvement,31,False,E100422
2954,E100394,2021 H1,2021-06-15,4,Exceeds Expectations,50,False,E100386
2955,E100394,2021 H2,2021-12-15,5,Outstanding,96,False,E100386
2956,E100394,2022 H1,2022-06-15,2,Needs Improvement,35,False,E100386
2957,E100394,2022 H2,2022-12-15,4,Exceeds Expectations,73,False,E100386
2958,E100394,2023 H1,2023-06-15,3,Meets Expectations,52,False,E100386
2959,E100394,2023 H2,2023-12-15,4,Exceeds Expectations,80,False,E100386
2960,E100394,2024 H1,2024-06-15,4,Exceeds Expectations,79,False,E100386
2961,E100395,2021 H1,2021-06-15,4,Exceeds Expectations,77,False,E100398
2962,E100395,2021 H2,2021-12-15,5,Outstanding,88,False,E100398
2963,E100395,2022 H1,2022-06-15,2,Needs Improvement,48,False,E100398
2964,E100395,2022 H2,2022-12-15,4,Exceeds Expectations,77,False,E100398
2965,E100395,2023 H1,2023-06-15,3,Meets Expectations,37,False,E100398
2966,E100395,2023 H2,2023-12-15,4,Exceeds Expectations,69,False,E100398
2967,E100395,2024 H1,2024-06-15,3,Meets Expectations,48,False,E100398
2968,E100395,2024 H2,2024-12-15,3,Meets Expectations,47,False,E100398
2969,E100395,2025 H1,2025-06-15,5,Outstanding,88,False,E100398
2970,E100395,2025 H2,2025-12-15,4,Exceeds Expectations,76,False,E100398
2971,E100395,2026 H1,2026-06-15,5,Outstanding,91,False,E100398
2972,E100396,2021 H1,2021-06-15,4,Exceeds Expectations,79,False,E100395
2973,E100396,2021 H2,2021-12-15,5,Outstanding,97,True,E100395
2974,E100396,2022 H1,2022-06-15,3,Meets Expectations,52,False,E100395
2975,E100396,2022 H2,2022-12-15,2,Needs Improvement,32,False,E100395
2976,E100396,2023 H1,2023-06-15,2,Needs Improvement,43,False,E100395
2977,E100396,2023 H2,2023-12-15,2,Needs Improvement,30,False,E100395
2978,E100396,2024 H1,2024-06-15,4,Exceeds Expectations,80,False,E100395
2979,E100396,2024 H2,2024-12-15,2,Needs Improvement,39,False,E100395
2980,E100396,2025 H1,2025-06-15,4,Exceeds Expectations,55,True,E100395
2981,E100396,2025 H2,2025-12-15,2,Needs Improvement,36,False,E100395
2982,E100396,2026 H1,2026-06-15,4,Exceeds Expectations,67,False,E100395
2983,E100397,2021 H1,2021-06-15,4,Exceeds Expectations,72,False,E100432
2984,E100397,2021 H2,2021-12-15,5,Outstanding,67,False,E100432
2985,E100397,2022 H1,2022-06-15,3,Meets Expectations,50,False,E100432
2986,E100397,2022 H2,2022-12-15,2,Needs Improvement,39,False,E100432
2987,E100397,2023 H1,2023-06-15,3,Meets Expectations,45,False,E100432
2988,E100397,2023 H2,2023-12-15,2,Needs Improvement,36,False,E100432
2989,E100397,2024 H1,2024-06-15,4,Exceeds Expectations,70,False,E100432
2990,E100397,2024 H2,2024-12-15,4,Exceeds Expectations,75,True,E100432
2991,E100398,2021 H1,2021-06-15,5,Outstanding,79,False,E000001
2992,E100398,2021 H2,2021-12-15,2,Needs Improvement,42,False,E000001
2993,E100398,2022 H1,2022-06-15,3,Meets Expectations,40,False,E000001
2994,E100398,2022 H2,2022-12-15,3,Meets Expectations,61,False,E000001
2995,E100398,2023 H1,2023-06-15,4,Exceeds Expectations,79,True,E000001
2996,E100398,2023 H2,2023-12-15,3,Meets Expectations,51,False,E000001
2997,E100398,2024 H1,2024-06-15,3,Meets Expectations,56,False,E000001
2998,E100399,2021 H1,2021-06-15,4,Exceeds Expectations,62,False,E100398
2999,E100400,2021 H1,2021-06-15,4,Exceeds Expectations,72,True,E100398
3000,E100400,2021 H2,2021-12-15,1,Unsatisfactory,30,False,E100398
3001,E100400,2022 H1,2022-06-15,3,Meets Expectations,56,False,E100398
3002,E100400,2022 H2,2022-12-15,3,Meets Expectations,47,False,E100398
3003,E100401,2021 H1,2021-06-15,5,Outstanding,97,False,E100398
3004,E100401,2021 H2,2021-12-15,3,Meets Expectations,38,False,E100398
3005,E100402,2021 H1,2021-06-15,3,Meets Expectations,50,False,E100398
3006,E100402,2021 H2,2021-12-15,2,Needs Improvement,41,False,E100398
3007,E100402,2022 H1,2022-06-15,4,Exceeds Expectations,62,False,E100398
3008,E100402,2022 H2,2022-12-15,4,Exceeds Expectations,81,False,E100398
3009,E100402,2023 H1,2023-06-15,4,Exceeds Expectations,66,False,E100398
3010,E100402,2023 H2,2023-12-15,5,Outstanding,94,False,E100398
3011,E100402,2024 H1,2024-06-15,3,Meets Expectations,70,False,E100398
3012,E100402,2024 H2,2024-12-15,2,Needs Improvement,30,False,E100398
3013,E100402,2025 H1,2025-06-15,3,Meets Expectations,63,False,E100398
3014,E100402,2025 H2,2025-12-15,3,Meets Expectations,52,False,E100398
3015,E100402,2026 H1,2026-06-15,3,Meets Expectations,61,False,E100398
3016,E100403,2021 H1,2021-06-15,4,Exceeds Expectations,57,False,E100412
3017,E100403,2021 H2,2021-12-15,3,Meets Expectations,56,False,E100412
3018,E100403,2022 H1,2022-06-15,3,Meets Expectations,53,False,E100412
3019,E100403,2022 H2,2022-12-15,3,Meets Expectations,62,False,E100412
3020,E100403,2023 H1,2023-06-15,3,Meets Expectations,63,False,E100412
3021,E100403,2023 H2,2023-12-15,3,Meets Expectations,49,False,E100412
3022,E100403,2024 H1,2024-06-15,3,Meets Expectations,54,False,E100412
3023,E100403,2024 H2,2024-12-15,3,Meets Expectations,50,False,E100412
3024,E100404,2021 H1,2021-06-15,2,Needs Improvement,50,False,E100402
3025,E100404,2021 H2,2021-12-15,3,Meets Expectations,41,False,E100402
3026,E100404,2022 H1,2022-06-15,4,Exceeds Expectations,53,False,E100402
3027,E100404,2022 H2,2022-12-15,3,Meets Expectations,42,False,E100402
3028,E100404,2023 H1,2023-06-15,4,Exceeds Expectations,70,False,E100402
3029,E100405,2021 H1,2021-06-15,3,Meets Expectations,52,False,E100431
3030,E100405,2021 H2,2021-12-15,4,Exceeds Expectations,67,False,E100431
3031,E100406,2021 H1,2021-06-15,3,Meets Expectations,63,False,E100424
3032,E100406,2021 H2,2021-12-15,4,Exceeds Expectations,67,True,E100424
3033,E100406,2022 H1,2022-06-15,3,Meets Expectations,50,False,E100424
3034,E100406,2022 H2,2022-12-15,4,Exceeds Expectations,54,False,E100424
3035,E100406,2023 H1,2023-06-15,4,Exceeds Expectations,76,False,E100424
3036,E100406,2023 H2,2023-12-15,3,Meets Expectations,44,False,E100424
3037,E100406,2024 H1,2024-06-15,4,Exceeds Expectations,69,False,E100424
3038,E100406,2024 H2,2024-12-15,5,Outstanding,79,False,E100424
3039,E100407,2021 H1,2021-06-15,3,Meets Expectations,48,False,E100398
3040,E100407,2021 H2,2021-12-15,3,Meets Expectations,57,False,E100398
3041,E100407,2022 H1,2022-06-15,3,Meets Expectations,52,False,E100398
3042,E100407,2022 H2,2022-12-15,3,Meets Expectations,60,False,E100398
3043,E100407,2023 H1,2023-06-15,5,Outstanding,102,False,E100398
3044,E100407,2023 H2,2023-12-15,3,Meets Expectations,49,False,E100398
3045,E100407,2024 H1,2024-06-15,3,Meets Expectations,33,False,E100398
3046,E100408,2021 H1,2021-06-15,3,Meets Expectations,58,False,E100429
3047,E100408,2021 H2,2021-12-15,3,Meets Expectations,53,False,E100429
3048,E100408,2022 H1,2022-06-15,3,Meets Expectations,50,False,E100429
3049,E100408,2022 H2,2022-12-15,3,Meets Expectations,43,False,E100429
3050,E100408,2023 H1,2023-06-15,4,Exceeds Expectations,87,False,E100429
3051,E100408,2023 H2,2023-12-15,3,Meets Expectations,43,False,E100429
3052,E100408,2024 H1,2024-06-15,3,Meets Expectations,44,False,E100429
3053,E100408,2024 H2,2024-12-15,3,Meets Expectations,56,False,E100429
3054,E100408,2025 H1,2025-06-15,4,Exceeds Expectations,56,False,E100429
3055,E100408,2025 H2,2025-12-15,4,Exceeds Expectations,71,False,E100429
3056,E100408,2026 H1,2026-06-15,1,Unsatisfactory,30,False,E100429
3057,E100410,2021 H1,2021-06-15,4,Exceeds Expectations,63,False,E100412
3058,E100410,2021 H2,2021-12-15,3,Meets Expectations,52,False,E100412
3059,E100410,2022 H1,2022-06-15,4,Exceeds Expectations,59,False,E100412
3060,E100410,2022 H2,2022-12-15,4,Exceeds Expectations,84,True,E100412
3061,E100410,2023 H1,2023-06-15,3,Meets Expectations,61,False,E100412
3062,E100410,2023 H2,2023-12-15,3,Meets Expectations,47,False,E100412
3063,E100410,2024 H1,2024-06-15,3,Meets Expectations,56,False,E100412
3064,E100410,2024 H2,2024-12-15,3,Meets Expectations,63,False,E100412
3065,E100410,2025 H1,2025-06-15,3,Meets Expectations,33,False,E100412
3066,E100410,2025 H2,2025-12-15,3,Meets Expectations,41,False,E100412
3067,E100410,2026 H1,2026-06-15,3,Meets Expectations,57,False,E100412
3068,E100411,2021 H1,2021-06-15,3,Meets Expectations,36,False,E100398
3069,E100411,2021 H2,2021-12-15,2,Needs Improvement,48,False,E100398
3070,E100411,2022 H1,2022-06-15,4,Exceeds Expectations,80,False,E100398
3071,E100411,2022 H2,2022-12-15,5,Outstanding,110,True,E100398
3072,E100411,2023 H1,2023-06-15,4,Exceeds Expectations,69,True,E100398
3073,E100412,2021 H1,2021-06-15,3,Meets Expectations,55,False,E100398
3074,E100412,2021 H2,2021-12-15,4,Exceeds Expectations,79,False,E100398
3075,E100412,2022 H1,2022-06-15,2,Needs Improvement,30,False,E100398
3076,E100412,2022 H2,2022-12-15,3,Meets Expectations,54,False,E100398
3077,E100412,2023 H1,2023-06-15,5,Outstanding,66,False,E100398
3078,E100412,2023 H2,2023-12-15,3,Meets Expectations,62,False,E100398
3079,E100412,2024 H1,2024-06-15,2,Needs Improvement,35,False,E100398
3080,E100412,2024 H2,2024-12-15,4,Exceeds Expectations,78,False,E100398
3081,E100412,2025 H1,2025-06-15,4,Exceeds Expectations,69,False,E100398
3082,E100412,2025 H2,2025-12-15,4,Exceeds Expectations,73,True,E100398
3083,E100412,2026 H1,2026-06-15,3,Meets Expectations,62,False,E100398
3084,E100413,2021 H1,2021-06-15,2,Needs Improvement,30,False,E000001
3085,E100413,2021 H2,2021-12-15,4,Exceeds Expectations,52,False,E000001
3086,E100413,2022 H1,2022-06-15,4,Exceeds Expectations,83,False,E000001
3087,E100413,2022 H2,2022-12-15,3,Meets Expectations,58,False,E000001
3088,E100413,2023 H1,2023-06-15,4,Exceeds Expectations,78,False,E000001
3089,E100413,2023 H2,2023-12-15,3,Meets Expectations,65,False,E000001
3090,E100413,2024 H1,2024-06-15,4,Exceeds Expectations,80,False,E000001
3091,E100413,2024 H2,2024-12-15,4,Exceeds Expectations,85,False,E000001
3092,E100413,2025 H1,2025-06-15,3,Meets Expectations,41,False,E000001
3093,E100413,2025 H2,2025-12-15,4,Exceeds Expectations,73,False,E000001
3094,E100413,2026 H1,2026-06-15,5,Outstanding,68,False,E000001
3095,E100414,2021 H1,2021-06-15,3,Meets Expectations,53,False,E100464
3096,E100414,2021 H2,2021-12-15,4,Exceeds Expectations,91,False,E100464
3097,E100414,2022 H1,2022-06-15,3,Meets Expectations,58,False,E100464
3098,E100414,2022 H2,2022-12-15,2,Needs Improvement,38,False,E100464
3099,E100414,2023 H1,2023-06-15,4,Exceeds Expectations,66,False,E100464
3100,E100414,2023 H2,2023-12-15,4,Exceeds Expectations,74,False,E100464
3101,E100414,2024 H1,2024-06-15,5,Outstanding,82,False,E100464
3102,E100414,2024 H2,2024-12-15,3,Meets Expectations,45,False,E100464
3103,E100414,2025 H1,2025-06-15,3,Meets Expectations,38,False,E100464
3104,E100414,2025 H2,2025-12-15,3,Meets Expectations,54,False,E100464
3105,E100414,2026 H1,2026-06-15,5,Outstanding,88,False,E100464
3106,E100415,2021 H1,2021-06-15,5,Outstanding,98,True,E100398
3107,E100416,2021 H1,2021-06-15,4,Exceeds Expectations,70,False,E100464
3108,E100416,2021 H2,2021-12-15,4,Exceeds Expectations,78,True,E100464
3109,E100416,2022 H1,2022-06-15,3,Meets Expectations,59,False,E100464
3110,E100416,2022 H2,2022-12-15,3,Meets Expectations,59,False,E100464
3111,E100416,2023 H1,2023-06-15,5,Outstanding,86,False,E100464
3112,E100416,2023 H2,2023-12-15,2,Needs Improvement,35,False,E100464
3113,E100416,2024 H1,2024-06-15,2,Needs Improvement,38,False,E100464
3114,E100416,2024 H2,2024-12-15,2,Needs Improvement,34,False,E100464
3115,E100416,2025 H1,2025-06-15,5,Outstanding,108,False,E100464
3116,E100417,2021 H1,2021-06-15,4,Exceeds Expectations,62,True,E100431
3117,E100417,2021 H2,2021-12-15,4,Exceeds Expectations,67,False,E100431
3118,E100417,2022 H1,2022-06-15,2,Needs Improvement,55,False,E100431
3119,E100417,2022 H2,2022-12-15,3,Meets Expectations,59,False,E100431
3120,E100417,2023 H1,2023-06-15,3,Meets Expectations,59,False,E100431
3121,E100417,2023 H2,2023-12-15,3,Meets Expectations,52,False,E100431
3122,E100417,2024 H1,2024-06-15,4,Exceeds Expectations,70,True,E100431
3123,E100417,2024 H2,2024-12-15,3,Meets Expectations,63,False,E100431
3124,E100417,2025 H1,2025-06-15,3,Meets Expectations,50,False,E100431
3125,E100417,2025 H2,2025-12-15,2,Needs Improvement,51,False,E100431
3126,E100417,2026 H1,2026-06-15,4,Exceeds Expectations,69,False,E100431
3127,E100418,2021 H1,2021-06-15,3,Meets Expectations,60,False,E100398
3128,E100419,2021 H1,2021-06-15,4,Exceeds Expectations,67,False,E100435
3129,E100419,2021 H2,2021-12-15,3,Meets Expectations,59,False,E100435
3130,E100419,2022 H1,2022-06-15,4,Exceeds Expectations,75,False,E100435
3131,E100420,2021 H1,2021-06-15,4,Exceeds Expectations,79,False,E100398
3132,E100421,2021 H1,2021-06-15,3,Meets Expectations,55,False,E100398
3133,E100421,2021 H2,2021-12-15,3,Meets Expectations,47,False,E100398
3134,E100421,2022 H1,2022-06-15,5,Outstanding,75,False,E100398
3135,E100421,2022 H2,2022-12-15,4,Exceeds Expectations,99,False,E100398
3136,E100421,2023 H1,2023-06-15,5,Outstanding,95,False,E100398
3137,E100421,2023 H2,2023-12-15,5,Outstanding,94,False,E100398
3138,E100421,2024 H1,2024-06-15,3,Meets Expectations,54,False,E100398
3139,E100421,2024 H2,2024-12-15,4,Exceeds Expectations,92,False,E100398
3140,E100421,2025 H1,2025-06-15,4,Exceeds Expectations,71,False,E100398
3141,E100421,2025 H2,2025-12-15,3,Meets Expectations,34,False,E100398
3142,E100421,2026 H1,2026-06-15,3,Meets Expectations,43,False,E100398
3143,E100422,2021 H1,2021-06-15,4,Exceeds Expectations,69,False,E100398
3144,E100422,2021 H2,2021-12-15,4,Exceeds Expectations,97,False,E100398
3145,E100422,2022 H1,2022-06-15,3,Meets Expectations,55,False,E100398
3146,E100422,2022 H2,2022-12-15,4,Exceeds Expectations,69,False,E100398
3147,E100422,2023 H1,2023-06-15,4,Exceeds Expectations,68,False,E100398
3148,E100422,2023 H2,2023-12-15,5,Outstanding,87,True,E100398
3149,E100422,2024 H1,2024-06-15,2,Needs Improvement,30,False,E100398
3150,E100422,2024 H2,2024-12-15,3,Meets Expectations,49,False,E100398
3151,E100422,2025 H1,2025-06-15,4,Exceeds Expectations,80,True,E100398
3152,E100422,2025 H2,2025-12-15,4,Exceeds Expectations,72,False,E100398
3153,E100422,2026 H1,2026-06-15,4,Exceeds Expectations,69,False,E100398
3154,E100423,2021 H1,2021-06-15,2,Needs Improvement,45,False,E100401
3155,E100423,2021 H2,2021-12-15,3,Meets Expectations,51,False,E100401
3156,E100423,2022 H1,2022-06-15,3,Meets Expectations,59,False,E100401
3157,E100423,2022 H2,2022-12-15,4,Exceeds Expectations,69,False,E100401
3158,E100423,2023 H1,2023-06-15,5,Outstanding,89,False,E100401
3159,E100423,2023 H2,2023-12-15,3,Meets Expectations,62,False,E100401
3160,E100423,2024 H1,2024-06-15,4,Exceeds Expectations,80,False,E100401
3161,E100423,2024 H2,2024-12-15,3,Meets Expectations,57,False,E100401
3162,E100423,2025 H1,2025-06-15,3,Meets Expectations,52,False,E100401
3163,E100423,2025 H2,2025-12-15,3,Meets Expectations,56,False,E100401
3164,E100423,2026 H1,2026-06-15,4,Exceeds Expectations,88,False,E100401
3165,E100424,2021 H1,2021-06-15,4,Exceeds Expectations,67,True,E100398
3166,E100424,2021 H2,2021-12-15,3,Meets Expectations,39,False,E100398
3167,E100424,2022 H1,2022-06-15,4,Exceeds Expectations,80,True,E100398
3168,E100424,2022 H2,2022-12-15,3,Meets Expectations,46,False,E100398
3169,E100424,2023 H1,2023-06-15,5,Outstanding,99,True,E100398
3170,E100424,2023 H2,2023-12-15,5,Outstanding,95,True,E100398
3171,E100424,2024 H1,2024-06-15,4,Exceeds Expectations,51,False,E100398
3172,E100425,2021 H1,2021-06-15,3,Meets Expectations,74,False,E100401
3173,E100425,2021 H2,2021-12-15,3,Meets Expectations,56,False,E100401
3174,E100425,2022 H1,2022-06-15,5,Outstanding,98,False,E100401
3175,E100425,2022 H2,2022-12-15,3,Meets Expectations,42,False,E100401
3176,E100425,2023 H1,2023-06-15,5,Outstanding,97,False,E100401
3177,E100425,2023 H2,2023-12-15,4,Exceeds Expectations,77,True,E100401
3178,E100425,2024 H1,2024-06-15,3,Meets Expectations,45,False,E100401
3179,E100425,2024 H2,2024-12-15,4,Exceeds Expectations,65,False,E100401
3180,E100425,2025 H1,2025-06-15,3,Meets Expectations,50,False,E100401
3181,E100425,2025 H2,2025-12-15,4,Exceeds Expectations,64,False,E100401
3182,E100425,2026 H1,2026-06-15,3,Meets Expectations,44,False,E100401
3183,E100426,2021 H1,2021-06-15,3,Meets Expectations,64,False,E100428
3184,E100426,2021 H2,2021-12-15,3,Meets Expectations,54,False,E100428
3185,E100426,2022 H1,2022-06-15,4,Exceeds Expectations,68,False,E100428
3186,E100426,2022 H2,2022-12-15,3,Meets Expectations,49,False,E100428
3187,E100427,2021 H1,2021-06-15,3,Meets Expectations,53,False,E100411
3188,E100427,2021 H2,2021-12-15,3,Meets Expectations,56,False,E100411
3189,E100427,2022 H1,2022-06-15,3,Meets Expectations,47,False,E100411
3190,E100428,2021 H1,2021-06-15,5,Outstanding,94,False,E100398
3191,E100429,2021 H1,2021-06-15,3,Meets Expectations,48,False,E100398
3192,E100429,2021 H2,2021-12-15,4,Exceeds Expectations,63,True,E100398
3193,E100429,2022 H1,2022-06-15,5,Outstanding,75,False,E100398
3194,E100429,2022 H2,2022-12-15,5,Outstanding,85,False,E100398
3195,E100429,2023 H1,2023-06-15,2,Needs Improvement,30,False,E100398
3196,E100429,2023 H2,2023-12-15,3,Meets Expectations,48,False,E100398
3197,E100429,2024 H1,2024-06-15,4,Exceeds Expectations,74,True,E100398
3198,E100429,2024 H2,2024-12-15,5,Outstanding,90,False,E100398
3199,E100429,2025 H1,2025-06-15,2,Needs Improvement,34,False,E100398
3200,E100429,2025 H2,2025-12-15,4,Exceeds Expectations,66,False,E100398
3201,E100429,2026 H1,2026-06-15,4,Exceeds Expectations,79,False,E100398
3202,E100430,2021 H1,2021-06-15,3,Meets Expectations,50,False,E100431
3203,E100430,2021 H2,2021-12-15,2,Needs Improvement,30,False,E100431
3204,E100430,2022 H1,2022-06-15,3,Meets Expectations,55,False,E100431
3205,E100430,2022 H2,2022-12-15,3,Meets Expectations,45,False,E100431
3206,E100430,2023 H1,2023-06-15,4,Exceeds Expectations,82,False,E100431
3207,E100430,2023 H2,2023-12-15,4,Exceeds Expectations,87,False,E100431
3208,E100430,2024 H1,2024-06-15,3,Meets Expectations,58,False,E100431
3209,E100430,2024 H2,2024-12-15,4,Exceeds Expectations,94,False,E100431
3210,E100430,2025 H1,2025-06-15,5,Outstanding,87,False,E100431
3211,E100430,2025 H2,2025-12-15,2,Needs Improvement,30,False,E100431
3212,E100430,2026 H1,2026-06-15,4,Exceeds Expectations,72,True,E100431
3213,E100431,2021 H1,2021-06-15,3,Meets Expectations,34,False,E100398
3214,E100431,2021 H2,2021-12-15,4,Exceeds Expectations,60,True,E100398
3215,E100431,2022 H1,2022-06-15,5,Outstanding,80,False,E100398
3216,E100431,2022 H2,2022-12-15,3,Meets Expectations,47,False,E100398
3217,E100431,2023 H1,2023-06-15,4,Exceeds Expectations,65,False,E100398
3218,E100431,2023 H2,2023-12-15,3,Meets Expectations,50,False,E100398
3219,E100431,2024 H1,2024-06-15,3,Meets Expectations,54,False,E100398
3220,E100431,2024 H2,2024-12-15,4,Exceeds Expectations,79,False,E100398
3221,E100431,2025 H1,2025-06-15,4,Exceeds Expectations,79,False,E100398
3222,E100431,2025 H2,2025-12-15,2,Needs Improvement,35,False,E100398
3223,E100431,2026 H1,2026-06-15,3,Meets Expectations,54,False,E100398
3224,E100433,2021 H1,2021-06-15,4,Exceeds Expectations,74,False,E100398
3225,E100433,2021 H2,2021-12-15,2,Needs Improvement,59,False,E100398
3226,E100433,2022 H1,2022-06-15,5,Outstanding,83,False,E100398
3227,E100433,2022 H2,2022-12-15,2,Needs Improvement,64,False,E100398
3228,E100434,2021 H1,2021-06-15,4,Exceeds Expectations,79,False,E100432
3229,E100434,2021 H2,2021-12-15,2,Needs Improvement,52,False,E100432
3230,E100434,2022 H1,2022-06-15,3,Meets Expectations,52,False,E100432
3231,E100434,2022 H2,2022-12-15,5,Outstanding,85,True,E100432
3232,E100435,2021 H1,2021-06-15,4,Exceeds Expectations,83,False,E100398
3233,E100435,2021 H2,2021-12-15,2,Needs Improvement,47,False,E100398
3234,E100435,2022 H1,2022-06-15,5,Outstanding,89,False,E100398
3235,E100435,2022 H2,2022-12-15,5,Outstanding,82,False,E100398
3236,E100435,2023 H1,2023-06-15,2,Needs Improvement,30,False,E100398
3237,E100436,2021 H1,2021-06-15,4,Exceeds Expectations,76,False,E100398
3238,E100436,2021 H2,2021-12-15,3,Meets Expectations,65,False,E100398
3239,E100436,2022 H1,2022-06-15,3,Meets Expectations,41,False,E100398
3240,E100436,2022 H2,2022-12-15,3,Meets Expectations,68,False,E100398
3241,E100437,2021 H1,2021-06-15,4,Exceeds Expectations,70,True,E100398
3242,E100437,2021 H2,2021-12-15,3,Meets Expectations,48,False,E100398
3243,E100437,2022 H1,2022-06-15,1,Unsatisfactory,30,False,E100398
3244,E100437,2022 H2,2022-12-15,3,Meets Expectations,59,False,E100398
3245,E100437,2023 H1,2023-06-15,3,Meets Expectations,38,False,E100398
3246,E100438,2021 H1,2021-06-15,5,Outstanding,76,True,E100386
3247,E100439,2021 H1,2021-06-15,3,Meets Expectations,55,False,E100372
3248,E100439,2021 H2,2021-12-15,5,Outstanding,80,False,E100372
3249,E100439,2022 H1,2022-06-15,3,Meets Expectations,55,False,E100372
3250,E100439,2022 H2,2022-12-15,2,Needs Improvement,39,False,E100372
3251,E100439,2023 H1,2023-06-15,3,Meets Expectations,50,False,E100372
3252,E100439,2023 H2,2023-12-15,3,Meets Expectations,65,False,E100372
3253,E100439,2024 H1,2024-06-15,3,Meets Expectations,45,False,E100372
3254,E100439,2024 H2,2024-12-15,1,Unsatisfactory,36,False,E100372
3255,E100439,2025 H1,2025-06-15,3,Meets Expectations,66,False,E100372
3256,E100439,2025 H2,2025-12-15,5,Outstanding,93,False,E100372
3257,E100440,2021 H1,2021-06-15,4,Exceeds Expectations,84,True,E100398
3258,E100440,2021 H2,2021-12-15,2,Needs Improvement,44,False,E100398
3259,E100440,2022 H1,2022-06-15,4,Exceeds Expectations,63,True,E100398
3260,E100440,2022 H2,2022-12-15,4,Exceeds Expectations,62,False,E100398
3261,E100440,2023 H1,2023-06-15,4,Exceeds Expectations,74,True,E100398
3262,E100440,2023 H2,2023-12-15,3,Meets Expectations,72,False,E100398
3263,E100440,2024 H1,2024-06-15,4,Exceeds Expectations,63,False,E100398
3264,E100440,2024 H2,2024-12-15,5,Outstanding,86,False,E100398
3265,E100440,2025 H1,2025-06-15,3,Meets Expectations,63,False,E100398
3266,E100440,2025 H2,2025-12-15,4,Exceeds Expectations,69,False,E100398
3267,E100440,2026 H1,2026-06-15,5,Outstanding,82,False,E100398
3268,E100441,2021 H1,2021-06-15,5,Outstanding,82,True,E100398
3269,E100443,2021 H1,2021-06-15,4,Exceeds Expectations,68,False,E100386
3270,E100443,2021 H2,2021-12-15,4,Exceeds Expectations,51,False,E100386
3271,E100444,2021 H1,2021-06-15,2,Needs Improvement,41,False,E100398
3272,E100445,2021 H1,2021-06-15,4,Exceeds Expectations,65,False,E100398
3273,E100445,2021 H2,2021-12-15,4,Exceeds Expectations,65,False,E100398
3274,E100445,2022 H1,2022-06-15,4,Exceeds Expectations,70,False,E100398
3275,E100445,2022 H2,2022-12-15,2,Needs Improvement,53,False,E100398
3276,E100445,2023 H1,2023-06-15,3,Meets Expectations,46,False,E100398
3277,E100445,2023 H2,2023-12-15,3,Meets Expectations,49,False,E100398
3278,E100445,2024 H1,2024-06-15,4,Exceeds Expectations,67,False,E100398
3279,E100445,2024 H2,2024-12-15,3,Meets Expectations,58,False,E100398
3280,E100445,2025 H1,2025-06-15,3,Meets Expectations,58,False,E100398
3281,E100445,2025 H2,2025-12-15,3,Meets Expectations,57,False,E100398
3282,E100446,2021 H1,2021-06-15,2,Needs Improvement,46,False,E100432
3283,E100446,2021 H2,2021-12-15,3,Meets Expectations,51,False,E100432
3284,E100446,2022 H1,2022-06-15,4,Exceeds Expectations,74,False,E100432
3285,E100446,2022 H2,2022-12-15,4,Exceeds Expectations,85,False,E100432
3286,E100446,2023 H1,2023-06-15,3,Meets Expectations,53,False,E100432
3287,E100446,2023 H2,2023-12-15,5,Outstanding,85,False,E100432
3288,E100446,2024 H1,2024-06-15,3,Meets Expectations,61,False,E100432
3289,E100446,2024 H2,2024-12-15,4,Exceeds Expectations,80,False,E100432
3290,E100446,2025 H1,2025-06-15,3,Meets Expectations,52,False,E100432
3291,E100446,2025 H2,2025-12-15,3,Meets Expectations,51,False,E100432
3292,E100446,2026 H1,2026-06-15,4,Exceeds Expectations,68,False,E100432
3293,E100448,2021 H1,2021-06-15,5,Outstanding,80,False,E100398
3294,E100448,2021 H2,2021-12-15,5,Outstanding,77,True,E100398
3295,E100448,2022 H1,2022-06-15,5,Outstanding,99,False,E100398
3296,E100448,2022 H2,2022-12-15,3,Meets Expectations,53,False,E100398
3297,E100448,2023 H1,2023-06-15,4,Exceeds Expectations,79,False,E100398
3298,E100448,2023 H2,2023-12-15,3,Meets Expectations,43,False,E100398
3299,E100448,2024 H1,2024-06-15,4,Exceeds Expectations,74,False,E100398
3300,E100448,2024 H2,2024-12-15,5,Outstanding,88,False,E100398
3301,E100448,2025 H1,2025-06-15,4,Exceeds Expectations,86,False,E100398
3302,E100448,2025 H2,2025-12-15,4,Exceeds Expectations,59,False,E100398
3303,E100448,2026 H1,2026-06-15,2,Needs Improvement,30,False,E100398
3304,E100449,2021 H1,2021-06-15,3,Meets Expectations,49,False,E100398
3305,E100449,2021 H2,2021-12-15,4,Exceeds Expectations,82,False,E100398
3306,E100449,2022 H1,2022-06-15,2,Needs Improvement,42,False,E100398
3307,E100451,2021 H1,2021-06-15,3,Meets Expectations,57,False,E100398
3308,E100451,2021 H2,2021-12-15,5,Outstanding,81,False,E100398
3309,E100452,2021 H1,2021-06-15,4,Exceeds Expectations,82,True,E100445
3310,E100452,2021 H2,2021-12-15,3,Meets Expectations,47,False,E100445
3311,E100453,2021 H1,2021-06-15,3,Meets Expectations,49,False,E100455
3312,E100453,2021 H2,2021-12-15,4,Exceeds Expectations,65,False,E100455
3313,E100453,2022 H1,2022-06-15,4,Exceeds Expectations,76,True,E100455
3314,E100453,2022 H2,2022-12-15,2,Needs Improvement,47,False,E100455
3315,E100453,2023 H1,2023-06-15,5,Outstanding,85,False,E100455
3316,E100453,2023 H2,2023-12-15,4,Exceeds Expectations,85,False,E100455
3317,E100453,2024 H1,2024-06-15,4,Exceeds Expectations,77,False,E100455
3318,E100453,2024 H2,2024-12-15,2,Needs Improvement,33,False,E100455
3319,E100453,2025 H1,2025-06-15,3,Meets Expectations,67,False,E100455
3320,E100453,2025 H2,2025-12-15,2,Needs Improvement,55,False,E100455
3321,E100453,2026 H1,2026-06-15,5,Outstanding,80,False,E100455
3322,E100454,2021 H1,2021-06-15,2,Needs Improvement,46,False,E100437
3323,E100454,2021 H2,2021-12-15,3,Meets Expectations,51,False,E100437
3324,E100454,2022 H1,2022-06-15,4,Exceeds Expectations,60,False,E100437
3325,E100454,2022 H2,2022-12-15,4,Exceeds Expectations,59,True,E100437
3326,E100454,2023 H1,2023-06-15,2,Needs Improvement,45,False,E100437
3327,E100454,2023 H2,2023-12-15,4,Exceeds Expectations,50,True,E100437
3328,E100454,2024 H1,2024-06-15,4,Exceeds Expectations,91,False,E100437
3329,E100454,2024 H2,2024-12-15,3,Meets Expectations,66,False,E100437
3330,E100454,2025 H1,2025-06-15,3,Meets Expectations,64,False,E100437
3331,E100454,2025 H2,2025-12-15,1,Unsatisfactory,30,False,E100437
3332,E100454,2026 H1,2026-06-15,5,Outstanding,105,False,E100437
3333,E100455,2021 H1,2021-06-15,3,Meets Expectations,53,False,E100398
3334,E100455,2021 H2,2021-12-15,2,Needs Improvement,36,False,E100398
3335,E100455,2022 H1,2022-06-15,2,Needs Improvement,41,False,E100398
3336,E100455,2022 H2,2022-12-15,3,Meets Expectations,61,False,E100398
3337,E100455,2023 H1,2023-06-15,3,Meets Expectations,47,False,E100398
3338,E100457,2021 H1,2021-06-15,4,Exceeds Expectations,67,False,E100398
3339,E100457,2021 H2,2021-12-15,3,Meets Expectations,69,False,E100398
3340,E100457,2022 H1,2022-06-15,5,Outstanding,98,False,E100398
3341,E100457,2022 H2,2022-12-15,3,Meets Expectations,78,False,E100398
3342,E100457,2023 H1,2023-06-15,5,Outstanding,83,False,E100398
3343,E100457,2023 H2,2023-12-15,4,Exceeds Expectations,62,False,E100398
3344,E100457,2024 H1,2024-06-15,4,Exceeds Expectations,70,False,E100398
3345,E100458,2021 H1,2021-06-15,3,Meets Expectations,58,False,E100415
3346,E100458,2021 H2,2021-12-15,3,Meets Expectations,51,False,E100415
3347,E100458,2022 H1,2022-06-15,4,Exceeds Expectations,73,False,E100415
3348,E100458,2022 H2,2022-12-15,3,Meets Expectations,51,False,E100415
3349,E100458,2023 H1,2023-06-15,3,Meets Expectations,70,False,E100415
3350,E100458,2023 H2,2023-12-15,4,Exceeds Expectations,55,False,E100415
3351,E100458,2024 H1,2024-06-15,2,Needs Improvement,30,False,E100415
3352,E100459,2021 H1,2021-06-15,3,Meets Expectations,66,False,E100455
3353,E100459,2021 H2,2021-12-15,3,Meets Expectations,58,False,E100455
3354,E100459,2022 H1,2022-06-15,4,Exceeds Expectations,50,True,E100455
3355,E100459,2022 H2,2022-12-15,3,Meets Expectations,38,False,E100455
3356,E100460,2021 H1,2021-06-15,3,Meets Expectations,58,False,E100392
3357,E100461,2021 H1,2021-06-15,2,Needs Improvement,36,False,E100398
3358,E100462,2021 H1,2021-06-15,2,Needs Improvement,30,False,E100412
3359,E100462,2021 H2,2021-12-15,4,Exceeds Expectations,78,False,E100412
3360,E100462,2022 H1,2022-06-15,2,Needs Improvement,35,False,E100412
3361,E100462,2022 H2,2022-12-15,3,Meets Expectations,56,False,E100412
3362,E100462,2023 H1,2023-06-15,4,Exceeds Expectations,97,False,E100412
3363,E100462,2023 H2,2023-12-15,3,Meets Expectations,73,False,E100412
3364,E100462,2024 H1,2024-06-15,3,Meets Expectations,52,False,E100412
3365,E100462,2024 H2,2024-12-15,3,Meets Expectations,49,False,E100412
3366,E100462,2025 H1,2025-06-15,4,Exceeds Expectations,79,False,E100412
3367,E100462,2025 H2,2025-12-15,4,Exceeds Expectations,79,False,E100412
3368,E100462,2026 H1,2026-06-15,4,Exceeds Expectations,75,False,E100412
3369,E100463,2021 H1,2021-06-15,3,Meets Expectations,47,False,E100412
3370,E100464,2021 H1,2021-06-15,3,Meets Expectations,67,False,E100398
3371,E100464,2021 H2,2021-12-15,3,Meets Expectations,59,False,E100398
3372,E100464,2022 H1,2022-06-15,5,Outstanding,95,False,E100398
3373,E100464,2022 H2,2022-12-15,4,Exceeds Expectations,89,False,E100398
3374,E100464,2023 H1,2023-06-15,4,Exceeds Expectations,68,False,E100398
3375,E100464,2023 H2,2023-12-15,5,Outstanding,86,False,E100398
3376,E100464,2024 H1,2024-06-15,3,Meets Expectations,49,False,E100398
3377,E100464,2024 H2,2024-12-15,2,Needs Improvement,30,False,E100398
3378,E100464,2025 H1,2025-06-15,2,Needs Improvement,36,False,E100398
3379,E100465,2021 H1,2021-06-15,4,Exceeds Expectations,75,False,E100401
3380,E100465,2021 H2,2021-12-15,3,Meets Expectations,46,False,E100401
3381,E100465,2022 H1,2022-06-15,5,Outstanding,83,False,E100401
3382,E100466,2021 H1,2021-06-15,4,Exceeds Expectations,82,False,E100464
3383,E100466,2021 H2,2021-12-15,4,Exceeds Expectations,69,True,E100464
3384,E100466,2022 H1,2022-06-15,2,Needs Improvement,30,False,E100464
3385,E100466,2022 H2,2022-12-15,3,Meets Expectations,52,False,E100464
3386,E100466,2023 H1,2023-06-15,3,Meets Expectations,46,False,E100464
3387,E100466,2023 H2,2023-12-15,3,Meets Expectations,67,False,E100464
3388,E100466,2024 H1,2024-06-15,2,Needs Improvement,30,False,E100464
3389,E100466,2024 H2,2024-12-15,2,Needs Improvement,64,False,E100464
3390,E100466,2025 H1,2025-06-15,2,Needs Improvement,32,False,E100464
3391,E100466,2025 H2,2025-12-15,5,Outstanding,103,False,E100464
3392,E100466,2026 H1,2026-06-15,4,Exceeds Expectations,76,False,E100464
3393,E100467,2021 H1,2021-06-15,2,Needs Improvement,30,False,E100398
3394,E100467,2021 H2,2021-12-15,3,Meets Expectations,48,False,E100398
3395,E100467,2022 H1,2022-06-15,4,Exceeds Expectations,71,True,E100398
3396,E100467,2022 H2,2022-12-15,5,Outstanding,92,True,E100398
3397,E100467,2023 H1,2023-06-15,2,Needs Improvement,30,False,E100398
3398,E100467,2023 H2,2023-12-15,3,Meets Expectations,46,False,E100398
3399,E100467,2024 H1,2024-06-15,3,Meets Expectations,61,False,E100398
3400,E100467,2024 H2,2024-12-15,4,Exceeds Expectations,61,False,E100398
3401,E100469,2021 H1,2021-06-15,4,Exceeds Expectations,68,False,E100480
3402,E100469,2021 H2,2021-12-15,3,Meets Expectations,44,False,E100480
3403,E100469,2022 H1,2022-06-15,4,Exceeds Expectations,75,True,E100480
3404,E100469,2022 H2,2022-12-15,5,Outstanding,83,True,E100480
3405,E100469,2023 H1,2023-06-15,3,Meets Expectations,57,False,E100480
3406,E100469,2023 H2,2023-12-15,4,Exceeds Expectations,84,False,E100480
3407,E100469,2024 H1,2024-06-15,3,Meets Expectations,58,False,E100480
3408,E100469,2024 H2,2024-12-15,4,Exceeds Expectations,68,False,E100480
3409,E100469,2025 H1,2025-06-15,4,Exceeds Expectations,73,False,E100480
3410,E100469,2025 H2,2025-12-15,4,Exceeds Expectations,68,False,E100480
3411,E100469,2026 H1,2026-06-15,3,Meets Expectations,55,False,E100480
3412,E100470,2021 H1,2021-06-15,4,Exceeds Expectations,62,False,E100486
3413,E100470,2021 H2,2021-12-15,4,Exceeds Expectations,73,True,E100486
3414,E100470,2022 H1,2022-06-15,3,Meets Expectations,53,False,E100486
3415,E100470,2022 H2,2022-12-15,2,Needs Improvement,38,False,E100486
3416,E100470,2023 H1,2023-06-15,3,Meets Expectations,56,False,E100486
3417,E100470,2023 H2,2023-12-15,3,Meets Expectations,48,False,E100486
3418,E100470,2024 H1,2024-06-15,2,Needs Improvement,30,False,E100486
3419,E100470,2024 H2,2024-12-15,3,Meets Expectations,30,False,E100486
3420,E100470,2025 H1,2025-06-15,2,Needs Improvement,44,False,E100486
3421,E100470,2025 H2,2025-12-15,3,Meets Expectations,60,False,E100486
3422,E100470,2026 H1,2026-06-15,4,Exceeds Expectations,64,False,E100486
3423,E100471,2021 H1,2021-06-15,4,Exceeds Expectations,85,True,E100496
3424,E100471,2021 H2,2021-12-15,2,Needs Improvement,44,False,E100496
3425,E100471,2022 H1,2022-06-15,3,Meets Expectations,38,False,E100496
3426,E100471,2022 H2,2022-12-15,4,Exceeds Expectations,77,False,E100496
3427,E100471,2023 H1,2023-06-15,3,Meets Expectations,72,False,E100496
3428,E100471,2023 H2,2023-12-15,4,Exceeds Expectations,71,False,E100496
3429,E100471,2024 H1,2024-06-15,4,Exceeds Expectations,102,False,E100496
3430,E100471,2024 H2,2024-12-15,4,Exceeds Expectations,85,False,E100496
3431,E100471,2025 H1,2025-06-15,4,Exceeds Expectations,60,True,E100496
3432,E100471,2025 H2,2025-12-15,2,Needs Improvement,35,False,E100496
3433,E100471,2026 H1,2026-06-15,3,Meets Expectations,56,False,E100496
3434,E100472,2021 H1,2021-06-15,5,Outstanding,98,False,E100480
3435,E100472,2021 H2,2021-12-15,2,Needs Improvement,30,False,E100480
3436,E100472,2022 H1,2022-06-15,5,Outstanding,96,False,E100480
3437,E100472,2022 H2,2022-12-15,2,Needs Improvement,34,False,E100480
3438,E100472,2023 H1,2023-06-15,2,Needs Improvement,46,False,E100480
3439,E100472,2023 H2,2023-12-15,4,Exceeds Expectations,70,False,E100480
3440,E100472,2024 H1,2024-06-15,3,Meets Expectations,59,False,E100480
3441,E100472,2024 H2,2024-12-15,5,Outstanding,94,False,E100480
3442,E100472,2025 H1,2025-06-15,4,Exceeds Expectations,75,False,E100480
3443,E100472,2025 H2,2025-12-15,5,Outstanding,108,False,E100480
3444,E100472,2026 H1,2026-06-15,3,Meets Expectations,52,False,E100480
3445,E100473,2021 H1,2021-06-15,3,Meets Expectations,47,False,E100491
3446,E100473,2021 H2,2021-12-15,3,Meets Expectations,53,False,E100491
3447,E100473,2022 H1,2022-06-15,3,Meets Expectations,49,False,E100491
3448,E100473,2022 H2,2022-12-15,3,Meets Expectations,54,False,E100491
3449,E100473,2023 H1,2023-06-15,3,Meets Expectations,57,False,E100491
3450,E100473,2023 H2,2023-12-15,2,Needs Improvement,35,False,E100491
3451,E100473,2024 H1,2024-06-15,5,Outstanding,87,False,E100491
3452,E100473,2024 H2,2024-12-15,4,Exceeds Expectations,60,False,E100491
3453,E100473,2025 H1,2025-06-15,3,Meets Expectations,60,False,E100491
3454,E100473,2025 H2,2025-12-15,1,Unsatisfactory,30,False,E100491
3455,E100473,2026 H1,2026-06-15,3,Meets Expectations,50,False,E100491
3456,E100474,2021 H1,2021-06-15,5,Outstanding,75,False,E100493
3457,E100474,2021 H2,2021-12-15,4,Exceeds Expectations,80,False,E100493
3458,E100474,2022 H1,2022-06-15,3,Meets Expectations,33,False,E100493
3459,E100474,2022 H2,2022-12-15,4,Exceeds Expectations,80,False,E100493
3460,E100474,2023 H1,2023-06-15,5,Outstanding,73,True,E100493
3461,E100474,2023 H2,2023-12-15,3,Meets Expectations,76,False,E100493
3462,E100474,2024 H1,2024-06-15,4,Exceeds Expectations,74,False,E100493
3463,E100474,2024 H2,2024-12-15,4,Exceeds Expectations,72,True,E100493
3464,E100474,2025 H1,2025-06-15,3,Meets Expectations,52,False,E100493
3465,E100474,2025 H2,2025-12-15,5,Outstanding,97,False,E100493
3466,E100474,2026 H1,2026-06-15,4,Exceeds Expectations,53,False,E100493
3467,E100475,2021 H1,2021-06-15,3,Meets Expectations,75,False,E100486
3468,E100476,2021 H1,2021-06-15,3,Meets Expectations,54,False,E100493
3469,E100476,2021 H2,2021-12-15,3,Meets Expectations,39,False,E100493
3470,E100476,2022 H1,2022-06-15,3,Meets Expectations,38,False,E100493
3471,E100476,2022 H2,2022-12-15,2,Needs Improvement,40,False,E100493
3472,E100476,2023 H1,2023-06-15,3,Meets Expectations,72,False,E100493
3473,E100476,2023 H2,2023-12-15,4,Exceeds Expectations,71,True,E100493
3474,E100476,2024 H1,2024-06-15,4,Exceeds Expectations,49,False,E100493
3475,E100476,2024 H2,2024-12-15,3,Meets Expectations,64,False,E100493
3476,E100476,2025 H1,2025-06-15,2,Needs Improvement,42,False,E100493
3477,E100476,2025 H2,2025-12-15,4,Exceeds Expectations,56,False,E100493
3478,E100476,2026 H1,2026-06-15,5,Outstanding,101,False,E100493
3479,E100477,2021 H1,2021-06-15,4,Exceeds Expectations,58,False,E100486
3480,E100477,2021 H2,2021-12-15,3,Meets Expectations,52,False,E100486
3481,E100477,2022 H1,2022-06-15,5,Outstanding,87,False,E100486
3482,E100477,2022 H2,2022-12-15,4,Exceeds Expectations,64,True,E100486
3483,E100477,2023 H1,2023-06-15,5,Outstanding,79,False,E100486
3484,E100477,2023 H2,2023-12-15,4,Exceeds Expectations,85,False,E100486
3485,E100477,2024 H1,2024-06-15,3,Meets Expectations,51,False,E100486
3486,E100477,2024 H2,2024-12-15,3,Meets Expectations,40,False,E100486
3487,E100477,2025 H1,2025-06-15,2,Needs Improvement,51,False,E100486
3488,E100477,2025 H2,2025-12-15,2,Needs Improvement,30,False,E100486
3489,E100477,2026 H1,2026-06-15,2,Needs Improvement,30,False,E100486
3490,E100478,2021 H1,2021-06-15,3,Meets Expectations,55,False,E100486
3491,E100478,2021 H2,2021-12-15,5,Outstanding,99,False,E100486
3492,E100478,2022 H1,2022-06-15,4,Exceeds Expectations,79,False,E100486
3493,E100479,2021 H1,2021-06-15,2,Needs Improvement,36,False,E100493
3494,E100479,2021 H2,2021-12-15,5,Outstanding,109,False,E100493
3495,E100479,2022 H1,2022-06-15,4,Exceeds Expectations,66,True,E100493
3496,E100479,2022 H2,2022-12-15,4,Exceeds Expectations,63,False,E100493
3497,E100479,2023 H1,2023-06-15,5,Outstanding,80,False,E100493
3498,E100479,2023 H2,2023-12-15,2,Needs Improvement,47,False,E100493
3499,E100479,2024 H1,2024-06-15,3,Meets Expectations,61,False,E100493
3500,E100479,2024 H2,2024-12-15,4,Exceeds Expectations,60,False,E100493
3501,E100479,2025 H1,2025-06-15,3,Meets Expectations,46,False,E100493
3502,E100479,2025 H2,2025-12-15,2,Needs Improvement,35,False,E100493
3503,E100479,2026 H1,2026-06-15,3,Meets Expectations,59,False,E100493
3504,E100480,2021 H1,2021-06-15,4,Exceeds Expectations,64,False,E100493
3505,E100480,2021 H2,2021-12-15,2,Needs Improvement,35,False,E100493
3506,E100480,2022 H1,2022-06-15,4,Exceeds Expectations,77,False,E100493
3507,E100480,2022 H2,2022-12-15,5,Outstanding,101,False,E100493
3508,E100480,2023 H1,2023-06-15,3,Meets Expectations,77,False,E100493
3509,E100480,2023 H2,2023-12-15,4,Exceeds Expectations,81,False,E100493
3510,E100480,2024 H1,2024-06-15,5,Outstanding,94,False,E100493
3511,E100480,2024 H2,2024-12-15,4,Exceeds Expectations,75,False,E100493
3512,E100480,2025 H1,2025-06-15,3,Meets Expectations,48,False,E100493
3513,E100480,2025 H2,2025-12-15,2,Needs Improvement,47,False,E100493
3514,E100480,2026 H1,2026-06-15,4,Exceeds Expectations,66,False,E100493
3515,E100482,2021 H1,2021-06-15,3,Meets Expectations,47,False,E100496
3516,E100482,2021 H2,2021-12-15,4,Exceeds Expectations,77,False,E100496
3517,E100482,2022 H1,2022-06-15,3,Meets Expectations,51,False,E100496
3518,E100482,2022 H2,2022-12-15,3,Meets Expectations,48,False,E100496
3519,E100482,2023 H1,2023-06-15,4,Exceeds Expectations,50,False,E100496
3520,E100482,2023 H2,2023-12-15,3,Meets Expectations,71,False,E100496
3521,E100482,2024 H1,2024-06-15,4,Exceeds Expectations,62,False,E100496
3522,E100482,2024 H2,2024-12-15,3,Meets Expectations,48,False,E100496
3523,E100482,2025 H1,2025-06-15,3,Meets Expectations,60,False,E100496
3524,E100482,2025 H2,2025-12-15,3,Meets Expectations,60,False,E100496
3525,E100482,2026 H1,2026-06-15,3,Meets Expectations,57,False,E100496
3526,E100483,2021 H1,2021-06-15,4,Exceeds Expectations,76,False,E100493
3527,E100483,2021 H2,2021-12-15,5,Outstanding,103,False,E100493
3528,E100483,2022 H1,2022-06-15,3,Meets Expectations,75,False,E100493
3529,E100483,2022 H2,2022-12-15,4,Exceeds Expectations,76,False,E100493
3530,E100483,2023 H1,2023-06-15,4,Exceeds Expectations,62,False,E100493
3531,E100483,2023 H2,2023-12-15,5,Outstanding,93,True,E100493
3532,E100483,2024 H1,2024-06-15,5,Outstanding,89,True,E100493
3533,E100483,2024 H2,2024-12-15,3,Meets Expectations,61,False,E100493
3534,E100483,2025 H1,2025-06-15,3,Meets Expectations,50,False,E100493
3535,E100483,2025 H2,2025-12-15,1,Unsatisfactory,32,False,E100493
3536,E100483,2026 H1,2026-06-15,3,Meets Expectations,52,False,E100493
3537,E100484,2021 H1,2021-06-15,4,Exceeds Expectations,78,False,E100486
3538,E100484,2021 H2,2021-12-15,2,Needs Improvement,30,False,E100486
3539,E100484,2022 H1,2022-06-15,5,Outstanding,85,False,E100486
3540,E100484,2022 H2,2022-12-15,4,Exceeds Expectations,68,False,E100486
3541,E100484,2023 H1,2023-06-15,4,Exceeds Expectations,68,False,E100486
3542,E100485,2021 H1,2021-06-15,4,Exceeds Expectations,78,False,E100493
3543,E100485,2021 H2,2021-12-15,4,Exceeds Expectations,76,False,E100493
3544,E100485,2022 H1,2022-06-15,3,Meets Expectations,40,False,E100493
3545,E100485,2022 H2,2022-12-15,2,Needs Improvement,30,False,E100493
3546,E100485,2023 H1,2023-06-15,3,Meets Expectations,63,False,E100493
3547,E100485,2023 H2,2023-12-15,2,Needs Improvement,40,False,E100493
3548,E100486,2021 H1,2021-06-15,3,Meets Expectations,58,False,E100493
3549,E100486,2021 H2,2021-12-15,5,Outstanding,91,False,E100493
3550,E100486,2022 H1,2022-06-15,4,Exceeds Expectations,65,False,E100493
3551,E100486,2022 H2,2022-12-15,3,Meets Expectations,65,False,E100493
3552,E100486,2023 H1,2023-06-15,5,Outstanding,98,False,E100493
3553,E100486,2023 H2,2023-12-15,2,Needs Improvement,30,False,E100493
3554,E100486,2024 H1,2024-06-15,3,Meets Expectations,58,False,E100493
3555,E100486,2024 H2,2024-12-15,3,Meets Expectations,59,False,E100493
3556,E100486,2025 H1,2025-06-15,2,Needs Improvement,46,False,E100493
3557,E100486,2025 H2,2025-12-15,4,Exceeds Expectations,78,False,E100493
3558,E100486,2026 H1,2026-06-15,2,Needs Improvement,39,False,E100493
3559,E100487,2021 H1,2021-06-15,3,Meets Expectations,54,False,E100496
3560,E100487,2021 H2,2021-12-15,3,Meets Expectations,46,False,E100496
3561,E100488,2021 H1,2021-06-15,3,Meets Expectations,60,False,E100485
3562,E100488,2021 H2,2021-12-15,5,Outstanding,84,False,E100485
3563,E100488,2022 H1,2022-06-15,4,Exceeds Expectations,84,False,E100485
3564,E100488,2022 H2,2022-12-15,3,Meets Expectations,56,False,E100485
3565,E100489,2021 H1,2021-06-15,4,Exceeds Expectations,69,True,E100485
3566,E100489,2021 H2,2021-12-15,3,Meets Expectations,59,False,E100485
3567,E100489,2022 H1,2022-06-15,3,Meets Expectations,53,False,E100485
3568,E100489,2022 H2,2022-12-15,3,Meets Expectations,48,False,E100485
3569,E100489,2023 H1,2023-06-15,3,Meets Expectations,50,False,E100485
3570,E100489,2023 H2,2023-12-15,3,Meets Expectations,48,False,E100485
3571,E100489,2024 H1,2024-06-15,3,Meets Expectations,45,False,E100485
3572,E100489,2024 H2,2024-12-15,3,Meets Expectations,38,False,E100485
3573,E100489,2025 H1,2025-06-15,4,Exceeds Expectations,84,False,E100485
3574,E100489,2025 H2,2025-12-15,5,Outstanding,86,False,E100485
3575,E100489,2026 H1,2026-06-15,3,Meets Expectations,48,False,E100485
3576,E100490,2021 H1,2021-06-15,3,Meets Expectations,60,False,E100491
3577,E100490,2021 H2,2021-12-15,2,Needs Improvement,30,False,E100491
3578,E100490,2022 H1,2022-06-15,3,Meets Expectations,49,False,E100491
3579,E100490,2022 H2,2022-12-15,3,Meets Expectations,55,False,E100491
3580,E100490,2023 H1,2023-06-15,4,Exceeds Expectations,75,False,E100491
3581,E100490,2023 H2,2023-12-15,3,Meets Expectations,36,False,E100491
3582,E100490,2024 H1,2024-06-15,5,Outstanding,99,False,E100491
3583,E100490,2024 H2,2024-12-15,5,Outstanding,94,False,E100491
3584,E100490,2025 H1,2025-06-15,5,Outstanding,72,False,E100491
3585,E100490,2025 H2,2025-12-15,2,Needs Improvement,30,False,E100491
3586,E100490,2026 H1,2026-06-15,4,Exceeds Expectations,65,False,E100491
3587,E100491,2021 H1,2021-06-15,4,Exceeds Expectations,81,False,E100493
3588,E100491,2021 H2,2021-12-15,4,Exceeds Expectations,78,False,E100493
3589,E100492,2021 H1,2021-06-15,4,Exceeds Expectations,88,False,E100479
3590,E100492,2021 H2,2021-12-15,5,Outstanding,87,False,E100479
3591,E100492,2022 H1,2022-06-15,3,Meets Expectations,66,False,E100479
3592,E100492,2022 H2,2022-12-15,5,Outstanding,114,False,E100479
3593,E100492,2023 H1,2023-06-15,4,Exceeds Expectations,70,False,E100479
3594,E100492,2023 H2,2023-12-15,2,Needs Improvement,35,False,E100479
3595,E100492,2024 H1,2024-06-15,3,Meets Expectations,43,False,E100479
3596,E100492,2024 H2,2024-12-15,4,Exceeds Expectations,67,False,E100479
3597,E100492,2025 H1,2025-06-15,3,Meets Expectations,69,False,E100479
3598,E100492,2025 H2,2025-12-15,2,Needs Improvement,30,False,E100479
3599,E100492,2026 H1,2026-06-15,4,Exceeds Expectations,67,False,E100479
3600,E100493,2021 H1,2021-06-15,3,Meets Expectations,57,False,E000001
3601,E100493,2021 H2,2021-12-15,3,Meets Expectations,34,False,E000001
3602,E100493,2022 H1,2022-06-15,3,Meets Expectations,38,False,E000001
3603,E100493,2022 H2,2022-12-15,4,Exceeds Expectations,58,False,E000001
3604,E100493,2023 H1,2023-06-15,2,Needs Improvement,30,False,E000001
3605,E100493,2023 H2,2023-12-15,4,Exceeds Expectations,65,False,E000001
3606,E100494,2021 H1,2021-06-15,5,Outstanding,98,False,E000001
3607,E100495,2021 H1,2021-06-15,4,Exceeds Expectations,68,False,E100496
3608,E100495,2021 H2,2021-12-15,2,Needs Improvement,32,False,E100496
3609,E100495,2022 H1,2022-06-15,1,Unsatisfactory,30,False,E100496
3610,E100495,2022 H2,2022-12-15,4,Exceeds Expectations,65,True,E100496
3611,E100495,2023 H1,2023-06-15,3,Meets Expectations,65,False,E100496
3612,E100495,2023 H2,2023-12-15,4,Exceeds Expectations,86,False,E100496
3613,E100495,2024 H1,2024-06-15,3,Meets Expectations,41,False,E100496
3614,E100495,2024 H2,2024-12-15,4,Exceeds Expectations,79,False,E100496
3615,E100495,2025 H1,2025-06-15,4,Exceeds Expectations,67,False,E100496
3616,E100495,2025 H2,2025-12-15,5,Outstanding,110,False,E100496
3617,E100495,2026 H1,2026-06-15,3,Meets Expectations,47,False,E100496
3618,E100496,2021 H1,2021-06-15,3,Meets Expectations,67,False,E100493
3619,E100496,2021 H2,2021-12-15,4,Exceeds Expectations,79,True,E100493
3620,E100496,2022 H1,2022-06-15,3,Meets Expectations,62,False,E100493
3621,E100496,2022 H2,2022-12-15,4,Exceeds Expectations,70,False,E100493
3622,E100496,2023 H1,2023-06-15,4,Exceeds Expectations,87,False,E100493
3623,E100496,2023 H2,2023-12-15,4,Exceeds Expectations,62,False,E100493
3624,E100496,2024 H1,2024-06-15,3,Meets Expectations,61,False,E100493
3625,E100496,2024 H2,2024-12-15,3,Meets Expectations,57,False,E100493
3626,E100496,2025 H1,2025-06-15,3,Meets Expectations,62,False,E100493
3627,E100496,2025 H2,2025-12-15,2,Needs Improvement,39,False,E100493
3628,E100496,2026 H1,2026-06-15,3,Meets Expectations,53,False,E100493
3629,E100497,2021 H1,2021-06-15,4,Exceeds Expectations,83,False,E100496
3630,E100497,2021 H2,2021-12-15,3,Meets Expectations,63,False,E100496
3631,E100497,2022 H1,2022-06-15,3,Meets Expectations,37,False,E100496
3632,E100497,2022 H2,2022-12-15,4,Exceeds Expectations,68,True,E100496
3633,E100497,2023 H1,2023-06-15,2,Needs Improvement,30,False,E100496
3634,E100497,2023 H2,2023-12-15,3,Meets Expectations,57,False,E100496
3635,E100497,2024 H1,2024-06-15,3,Meets Expectations,39,False,E100496
3636,E100497,2024 H2,2024-12-15,3,Meets Expectations,46,False,E100496
3637,E100497,2025 H1,2025-06-15,2,Needs Improvement,45,False,E100496
3638,E100497,2025 H2,2025-12-15,3,Meets Expectations,76,False,E100496
3639,E100497,2026 H1,2026-06-15,4,Exceeds Expectations,80,False,E100496
3640,E100498,2021 H1,2021-06-15,4,Exceeds Expectations,86,False,E100496
3641,E100498,2021 H2,2021-12-15,5,Outstanding,92,False,E100496
3642,E100498,2022 H1,2022-06-15,1,Unsatisfactory,30,False,E100496
3643,E100498,2022 H2,2022-12-15,3,Meets Expectations,56,False,E100496
3644,E100498,2023 H1,2023-06-15,2,Needs Improvement,40,False,E100496
3645,E100498,2023 H2,2023-12-15,3,Meets Expectations,52,False,E100496
3646,E100498,2024 H1,2024-06-15,3,Meets Expectations,30,False,E100496
3647,E100498,2024 H2,2024-12-15,5,Outstanding,86,False,E100496
3648,E100498,2025 H1,2025-06-15,4,Exceeds Expectations,73,False,E100496
3649,E100499,2021 H1,2021-06-15,3,Meets Expectations,54,False,E100493
3650,E100499,2021 H2,2021-12-15,2,Needs Improvement,35,False,E100493
3651,E100499,2022 H1,2022-06-15,3,Meets Expectations,51,False,E100493
3652,E100499,2022 H2,2022-12-15,3,Meets Expectations,60,False,E100493
3653,E100499,2023 H1,2023-06-15,4,Exceeds Expectations,92,False,E100493
3654,E100499,2023 H2,2023-12-15,4,Exceeds Expectations,69,False,E100493
3655,E100499,2024 H1,2024-06-15,2,Needs Improvement,30,False,E100493
3656,E100499,2024 H2,2024-12-15,2,Needs Improvement,33,False,E100493
3657,E100500,2021 H1,2021-06-15,4,Exceeds Expectations,75,False,E100491
3658,E100500,2021 H2,2021-12-15,4,Exceeds Expectations,74,False,E100491
3659,E100500,2022 H1,2022-06-15,4,Exceeds Expectations,84,False,E100491
3660,E100500,2022 H2,2022-12-15,3,Meets Expectations,47,False,E100491
3661,E100500,2023 H1,2023-06-15,5,Outstanding,83,True,E100491
3662,E100500,2023 H2,2023-12-15,5,Outstanding,102,True,E100491
3663,E100500,2024 H1,2024-06-15,3,Meets Expectations,56,False,E100491
3664,E100500,2024 H2,2024-12-15,4,Exceeds Expectations,91,False,E100491
3665,E100500,2025 H1,2025-06-15,3,Meets Expectations,53,False,E100491
3666,E100500,2025 H2,2025-12-15,4,Exceeds Expectations,64,False,E100491
3667,E100501,2021 H1,2021-06-15,3,Meets Expectations,32,False,E100505
3668,E100501,2021 H2,2021-12-15,5,Outstanding,106,False,E100505
3669,E100501,2022 H1,2022-06-15,3,Meets Expectations,44,False,E100505
3670,E100501,2022 H2,2022-12-15,3,Meets Expectations,59,False,E100505
3671,E100501,2023 H1,2023-06-15,3,Meets Expectations,41,False,E100505
3672,E100501,2023 H2,2023-12-15,2,Needs Improvement,37,False,E100505
3673,E100501,2024 H1,2024-06-15,4,Exceeds Expectations,91,False,E100505
3674,E100501,2024 H2,2024-12-15,3,Meets Expectations,59,False,E100505
3675,E100501,2025 H1,2025-06-15,3,Meets Expectations,45,False,E100505
3676,E100501,2025 H2,2025-12-15,4,Exceeds Expectations,82,False,E100505
3677,E100501,2026 H1,2026-06-15,3,Meets Expectations,41,False,E100505
3678,E100502,2021 H1,2021-06-15,4,Exceeds Expectations,77,False,E100512
3679,E100502,2021 H2,2021-12-15,4,Exceeds Expectations,89,False,E100512
3680,E100502,2022 H1,2022-06-15,3,Meets Expectations,61,False,E100512
3681,E100502,2022 H2,2022-12-15,4,Exceeds Expectations,71,True,E100512
3682,E100502,2023 H1,2023-06-15,3,Meets Expectations,58,False,E100512
3683,E100502,2023 H2,2023-12-15,4,Exceeds Expectations,64,False,E100512
3684,E100502,2024 H1,2024-06-15,4,Exceeds Expectations,77,False,E100512
3685,E100502,2024 H2,2024-12-15,3,Meets Expectations,58,False,E100512
3686,E100502,2025 H1,2025-06-15,4,Exceeds Expectations,76,False,E100512
3687,E100502,2025 H2,2025-12-15,3,Meets Expectations,44,False,E100512
3688,E100502,2026 H1,2026-06-15,3,Meets Expectations,70,False,E100512
3689,E100503,2021 H1,2021-06-15,3,Meets Expectations,63,False,E100535
3690,E100503,2021 H2,2021-12-15,3,Meets Expectations,43,False,E100535
3691,E100503,2022 H1,2022-06-15,4,Exceeds Expectations,72,False,E100535
3692,E100503,2022 H2,2022-12-15,4,Exceeds Expectations,70,True,E100535
3693,E100503,2023 H1,2023-06-15,3,Meets Expectations,34,False,E100535
3694,E100503,2023 H2,2023-12-15,4,Exceeds Expectations,75,True,E100535
3695,E100503,2024 H1,2024-06-15,3,Meets Expectations,58,False,E100535
3696,E100503,2024 H2,2024-12-15,2,Needs Improvement,56,False,E100535
3697,E100503,2025 H1,2025-06-15,2,Needs Improvement,31,False,E100535
3698,E100503,2025 H2,2025-12-15,3,Meets Expectations,50,False,E100535
3699,E100503,2026 H1,2026-06-15,3,Meets Expectations,53,False,E100535
3700,E100504,2021 H1,2021-06-15,4,Exceeds Expectations,68,False,E100535
3701,E100504,2021 H2,2021-12-15,3,Meets Expectations,56,False,E100535
3702,E100504,2022 H1,2022-06-15,5,Outstanding,77,False,E100535
3703,E100504,2022 H2,2022-12-15,3,Meets Expectations,59,False,E100535
3704,E100504,2023 H1,2023-06-15,5,Outstanding,123,False,E100535
3705,E100504,2023 H2,2023-12-15,4,Exceeds Expectations,64,False,E100535
3706,E100504,2024 H1,2024-06-15,4,Exceeds Expectations,75,False,E100535
3707,E100504,2024 H2,2024-12-15,3,Meets Expectations,49,False,E100535
3708,E100504,2025 H1,2025-06-15,2,Needs Improvement,30,False,E100535
3709,E100504,2025 H2,2025-12-15,3,Meets Expectations,55,False,E100535
3710,E100505,2021 H1,2021-06-15,4,Exceeds Expectations,68,False,E100535
3711,E100505,2021 H2,2021-12-15,3,Meets Expectations,73,False,E100535
3712,E100505,2022 H1,2022-06-15,2,Needs Improvement,30,False,E100535
3713,E100505,2022 H2,2022-12-15,3,Meets Expectations,69,False,E100535
3714,E100505,2023 H1,2023-06-15,4,Exceeds Expectations,66,False,E100535
3715,E100505,2023 H2,2023-12-15,3,Meets Expectations,53,False,E100535
3716,E100506,2021 H1,2021-06-15,2,Needs Improvement,39,False,E100535
3717,E100506,2021 H2,2021-12-15,3,Meets Expectations,52,False,E100535
3718,E100506,2022 H1,2022-06-15,4,Exceeds Expectations,79,False,E100535
3719,E100506,2022 H2,2022-12-15,3,Meets Expectations,52,False,E100535
3720,E100506,2023 H1,2023-06-15,4,Exceeds Expectations,60,False,E100535
3721,E100506,2023 H2,2023-12-15,2,Needs Improvement,34,False,E100535
3722,E100506,2024 H1,2024-06-15,4,Exceeds Expectations,71,False,E100535
3723,E100506,2024 H2,2024-12-15,4,Exceeds Expectations,69,True,E100535
3724,E100506,2025 H1,2025-06-15,5,Outstanding,88,False,E100535
3725,E100506,2025 H2,2025-12-15,4,Exceeds Expectations,79,False,E100535
3726,E100506,2026 H1,2026-06-15,4,Exceeds Expectations,73,False,E100535
3727,E100507,2021 H1,2021-06-15,3,Meets Expectations,58,False,E100535
3728,E100507,2021 H2,2021-12-15,4,Exceeds Expectations,84,True,E100535
3729,E100507,2022 H1,2022-06-15,3,Meets Expectations,45,False,E100535
3730,E100507,2022 H2,2022-12-15,2,Needs Improvement,30,False,E100535
3731,E100507,2023 H1,2023-06-15,4,Exceeds Expectations,77,False,E100535
3732,E100508,2021 H1,2021-06-15,5,Outstanding,90,False,E100513
3733,E100508,2021 H2,2021-12-15,3,Meets Expectations,72,False,E100513
3734,E100508,2022 H1,2022-06-15,3,Meets Expectations,40,False,E100513
3735,E100508,2022 H2,2022-12-15,3,Meets Expectations,44,False,E100513
3736,E100508,2023 H1,2023-06-15,4,Exceeds Expectations,64,False,E100513
3737,E100508,2023 H2,2023-12-15,5,Outstanding,90,False,E100513
3738,E100508,2024 H1,2024-06-15,4,Exceeds Expectations,81,True,E100513
3739,E100508,2024 H2,2024-12-15,4,Exceeds Expectations,69,True,E100513
3740,E100508,2025 H1,2025-06-15,4,Exceeds Expectations,74,False,E100513
3741,E100508,2025 H2,2025-12-15,4,Exceeds Expectations,55,False,E100513
3742,E100508,2026 H1,2026-06-15,4,Exceeds Expectations,62,False,E100513
3743,E100509,2021 H1,2021-06-15,5,Outstanding,111,False,E100505
3744,E100509,2021 H2,2021-12-15,2,Needs Improvement,50,False,E100505
3745,E100509,2022 H1,2022-06-15,4,Exceeds Expectations,66,False,E100505
3746,E100509,2022 H2,2022-12-15,2,Needs Improvement,30,False,E100505
3747,E100509,2023 H1,2023-06-15,4,Exceeds Expectations,84,False,E100505
3748,E100510,2021 H1,2021-06-15,3,Meets Expectations,45,False,E100535
3749,E100510,2021 H2,2021-12-15,3,Meets Expectations,53,False,E100535
3750,E100510,2022 H1,2022-06-15,4,Exceeds Expectations,71,True,E100535
3751,E100510,2022 H2,2022-12-15,4,Exceeds Expectations,65,False,E100535
3752,E100510,2023 H1,2023-06-15,4,Exceeds Expectations,78,False,E100535
3753,E100510,2023 H2,2023-12-15,3,Meets Expectations,53,False,E100535
3754,E100510,2024 H1,2024-06-15,5,Outstanding,103,False,E100535
3755,E100510,2024 H2,2024-12-15,2,Needs Improvement,38,False,E100535
3756,E100510,2025 H1,2025-06-15,2,Needs Improvement,40,False,E100535
3757,E100511,2021 H1,2021-06-15,3,Meets Expectations,51,False,E100505
3758,E100511,2021 H2,2021-12-15,4,Exceeds Expectations,74,False,E100505
3759,E100511,2022 H1,2022-06-15,3,Meets Expectations,40,False,E100505
3760,E100511,2022 H2,2022-12-15,4,Exceeds Expectations,64,True,E100505
3761,E100511,2023 H1,2023-06-15,3,Meets Expectations,41,False,E100505
3762,E100511,2023 H2,2023-12-15,1,Unsatisfactory,30,False,E100505
3763,E100511,2024 H1,2024-06-15,3,Meets Expectations,46,False,E100505
3764,E100511,2024 H2,2024-12-15,5,Outstanding,98,False,E100505
3765,E100511,2025 H1,2025-06-15,4,Exceeds Expectations,72,False,E100505
3766,E100511,2025 H2,2025-12-15,2,Needs Improvement,41,False,E100505
3767,E100511,2026 H1,2026-06-15,5,Outstanding,89,False,E100505
3768,E100512,2021 H1,2021-06-15,4,Exceeds Expectations,63,False,E100535
3769,E100512,2021 H2,2021-12-15,2,Needs Improvement,30,False,E100535
3770,E100513,2021 H1,2021-06-15,4,Exceeds Expectations,72,False,E100535
3771,E100513,2021 H2,2021-12-15,3,Meets Expectations,59,False,E100535
3772,E100513,2022 H1,2022-06-15,3,Meets Expectations,39,False,E100535
3773,E100513,2022 H2,2022-12-15,4,Exceeds Expectations,65,True,E100535
3774,E100513,2023 H1,2023-06-15,4,Exceeds Expectations,68,True,E100535
3775,E100513,2023 H2,2023-12-15,2,Needs Improvement,39,False,E100535
3776,E100513,2024 H1,2024-06-15,3,Meets Expectations,44,False,E100535
3777,E100513,2024 H2,2024-12-15,3,Meets Expectations,57,False,E100535
3778,E100513,2025 H1,2025-06-15,3,Meets Expectations,43,False,E100535
3779,E100513,2025 H2,2025-12-15,3,Meets Expectations,58,False,E100535
3780,E100513,2026 H1,2026-06-15,3,Meets Expectations,44,False,E100535
3781,E100514,2021 H1,2021-06-15,4,Exceeds Expectations,86,False,E100535
3782,E100514,2021 H2,2021-12-15,3,Meets Expectations,53,False,E100535
3783,E100514,2022 H1,2022-06-15,4,Exceeds Expectations,69,False,E100535
3784,E100514,2022 H2,2022-12-15,4,Exceeds Expectations,58,False,E100535
3785,E100514,2023 H1,2023-06-15,3,Meets Expectations,63,False,E100535
3786,E100514,2023 H2,2023-12-15,2,Needs Improvement,34,False,E100535
3787,E100514,2024 H1,2024-06-15,2,Needs Improvement,35,False,E100535
3788,E100514,2024 H2,2024-12-15,4,Exceeds Expectations,68,False,E100535
3789,E100514,2025 H1,2025-06-15,4,Exceeds Expectations,82,False,E100535
3790,E100514,2025 H2,2025-12-15,2,Needs Improvement,30,False,E100535
3791,E100514,2026 H1,2026-06-15,2,Needs Improvement,37,False,E100535
3792,E100515,2021 H1,2021-06-15,4,Exceeds Expectations,74,False,E100535
3793,E100515,2021 H2,2021-12-15,4,Exceeds Expectations,67,True,E100535
3794,E100515,2022 H1,2022-06-15,4,Exceeds Expectations,73,True,E100535
3795,E100516,2021 H1,2021-06-15,5,Outstanding,91,False,E100518
3796,E100516,2021 H2,2021-12-15,2,Needs Improvement,30,False,E100518
3797,E100516,2022 H1,2022-06-15,2,Needs Improvement,30,False,E100518
3798,E100516,2022 H2,2022-12-15,5,Outstanding,101,False,E100518
3799,E100516,2023 H1,2023-06-15,4,Exceeds Expectations,79,True,E100518
3800,E100516,2023 H2,2023-12-15,4,Exceeds Expectations,82,False,E100518
3801,E100517,2021 H1,2021-06-15,2,Needs Improvement,48,False,E100535
3802,E100517,2021 H2,2021-12-15,3,Meets Expectations,57,False,E100535
3803,E100517,2022 H1,2022-06-15,4,Exceeds Expectations,74,True,E100535
3804,E100517,2022 H2,2022-12-15,3,Meets Expectations,52,False,E100535
3805,E100517,2023 H1,2023-06-15,4,Exceeds Expectations,66,True,E100535
3806,E100517,2023 H2,2023-12-15,3,Meets Expectations,57,False,E100535
3807,E100517,2024 H1,2024-06-15,4,Exceeds Expectations,65,True,E100535
3808,E100517,2024 H2,2024-12-15,5,Outstanding,92,False,E100535
3809,E100517,2025 H1,2025-06-15,1,Unsatisfactory,30,False,E100535
3810,E100517,2025 H2,2025-12-15,4,Exceeds Expectations,79,False,E100535
3811,E100517,2026 H1,2026-06-15,3,Meets Expectations,44,False,E100535
3812,E100518,2021 H1,2021-06-15,3,Meets Expectations,55,False,E100535
3813,E100518,2021 H2,2021-12-15,4,Exceeds Expectations,75,False,E100535
3814,E100518,2022 H1,2022-06-15,4,Exceeds Expectations,83,False,E100535
3815,E100518,2022 H2,2022-12-15,3,Meets Expectations,44,False,E100535
3816,E100518,2023 H1,2023-06-15,4,Exceeds Expectations,77,True,E100535
3817,E100518,2023 H2,2023-12-15,3,Meets Expectations,51,False,E100535
3818,E100518,2024 H1,2024-06-15,2,Needs Improvement,30,False,E100535
3819,E100518,2024 H2,2024-12-15,3,Meets Expectations,32,False,E100535
3820,E100518,2025 H1,2025-06-15,4,Exceeds Expectations,72,False,E100535
3821,E100518,2025 H2,2025-12-15,3,Meets Expectations,61,False,E100535
3822,E100518,2026 H1,2026-06-15,2,Needs Improvement,48,False,E100535
3823,E100519,2021 H1,2021-06-15,3,Meets Expectations,58,False,E100535
3824,E100519,2021 H2,2021-12-15,2,Needs Improvement,37,False,E100535
3825,E100519,2022 H1,2022-06-15,3,Meets Expectations,51,False,E100535
3826,E100519,2022 H2,2022-12-15,3,Meets Expectations,58,False,E100535
3827,E100519,2023 H1,2023-06-15,3,Meets Expectations,34,False,E100535
3828,E100519,2023 H2,2023-12-15,3,Meets Expectations,64,False,E100535
3829,E100519,2024 H1,2024-06-15,2,Needs Improvement,36,False,E100535
3830,E100519,2024 H2,2024-12-15,3,Meets Expectations,59,False,E100535
3831,E100519,2025 H1,2025-06-15,3,Meets Expectations,47,False,E100535
3832,E100519,2025 H2,2025-12-15,2,Needs Improvement,36,False,E100535
3833,E100519,2026 H1,2026-06-15,3,Meets Expectations,45,False,E100535
3834,E100520,2021 H1,2021-06-15,3,Meets Expectations,43,False,E100538
3835,E100520,2021 H2,2021-12-15,4,Exceeds Expectations,77,False,E100538
3836,E100520,2022 H1,2022-06-15,2,Needs Improvement,45,False,E100538
3837,E100520,2022 H2,2022-12-15,3,Meets Expectations,64,False,E100538
3838,E100520,2023 H1,2023-06-15,3,Meets Expectations,72,False,E100538
3839,E100520,2023 H2,2023-12-15,5,Outstanding,89,True,E100538
3840,E100520,2024 H1,2024-06-15,3,Meets Expectations,30,False,E100538
3841,E100520,2024 H2,2024-12-15,3,Meets Expectations,56,False,E100538
3842,E100520,2025 H1,2025-06-15,3,Meets Expectations,55,False,E100538
3843,E100520,2025 H2,2025-12-15,4,Exceeds Expectations,69,False,E100538
3844,E100520,2026 H1,2026-06-15,4,Exceeds Expectations,65,False,E100538
3845,E100521,2021 H1,2021-06-15,2,Needs Improvement,52,False,E100533
3846,E100521,2021 H2,2021-12-15,2,Needs Improvement,33,False,E100533
3847,E100521,2022 H1,2022-06-15,4,Exceeds Expectations,69,False,E100533
3848,E100521,2022 H2,2022-12-15,4,Exceeds Expectations,82,False,E100533
3849,E100521,2023 H1,2023-06-15,3,Meets Expectations,58,False,E100533
3850,E100521,2023 H2,2023-12-15,4,Exceeds Expectations,63,False,E100533
3851,E100522,2021 H1,2021-06-15,2,Needs Improvement,56,False,E100535
3852,E100522,2021 H2,2021-12-15,4,Exceeds Expectations,63,False,E100535
3853,E100523,2021 H1,2021-06-15,5,Outstanding,75,False,E100535
3854,E100523,2021 H2,2021-12-15,3,Meets Expectations,49,False,E100535
3855,E100523,2022 H1,2022-06-15,4,Exceeds Expectations,68,False,E100535
3856,E100523,2022 H2,2022-12-15,3,Meets Expectations,41,False,E100535
3857,E100523,2023 H1,2023-06-15,3,Meets Expectations,51,False,E100535
3858,E100523,2023 H2,2023-12-15,2,Needs Improvement,32,False,E100535
3859,E100525,2021 H1,2021-06-15,3,Meets Expectations,68,False,E100535
3860,E100525,2021 H2,2021-12-15,4,Exceeds Expectations,86,False,E100535
3861,E100525,2022 H1,2022-06-15,2,Needs Improvement,30,False,E100535
3862,E100525,2022 H2,2022-12-15,3,Meets Expectations,45,False,E100535
3863,E100525,2023 H1,2023-06-15,4,Exceeds Expectations,69,False,E100535
3864,E100525,2023 H2,2023-12-15,2,Needs Improvement,64,False,E100535
3865,E100525,2024 H1,2024-06-15,4,Exceeds Expectations,51,False,E100535
3866,E100525,2024 H2,2024-12-15,4,Exceeds Expectations,96,False,E100535
3867,E100525,2025 H1,2025-06-15,4,Exceeds Expectations,61,False,E100535
3868,E100525,2025 H2,2025-12-15,3,Meets Expectations,62,False,E100535
3869,E100525,2026 H1,2026-06-15,3,Meets Expectations,52,False,E100535
3870,E100526,2021 H1,2021-06-15,3,Meets Expectations,59,False,E100535
3871,E100526,2021 H2,2021-12-15,4,Exceeds Expectations,85,True,E100535
3872,E100526,2022 H1,2022-06-15,4,Exceeds Expectations,86,True,E100535
3873,E100526,2022 H2,2022-12-15,5,Outstanding,76,False,E100535
3874,E100526,2023 H1,2023-06-15,3,Meets Expectations,44,False,E100535
3875,E100526,2023 H2,2023-12-15,4,Exceeds Expectations,65,False,E100535
3876,E100526,2024 H1,2024-06-15,3,Meets Expectations,64,False,E100535
3877,E100526,2024 H2,2024-12-15,4,Exceeds Expectations,67,True,E100535
3878,E100526,2025 H1,2025-06-15,4,Exceeds Expectations,74,False,E100535
3879,E100526,2025 H2,2025-12-15,4,Exceeds Expectations,78,False,E100535
3880,E100527,2021 H1,2021-06-15,1,Unsatisfactory,30,False,E100532
3881,E100527,2021 H2,2021-12-15,2,Needs Improvement,36,False,E100532
3882,E100527,2022 H1,2022-06-15,4,Exceeds Expectations,66,True,E100532
3883,E100527,2022 H2,2022-12-15,3,Meets Expectations,32,False,E100532
3884,E100527,2023 H1,2023-06-15,4,Exceeds Expectations,60,False,E100532
3885,E100527,2023 H2,2023-12-15,4,Exceeds Expectations,63,False,E100532
3886,E100527,2024 H1,2024-06-15,4,Exceeds Expectations,75,False,E100532
3887,E100528,2021 H1,2021-06-15,2,Needs Improvement,44,False,E100513
3888,E100528,2021 H2,2021-12-15,4,Exceeds Expectations,82,False,E100513
3889,E100528,2022 H1,2022-06-15,2,Needs Improvement,30,False,E100513
3890,E100528,2022 H2,2022-12-15,3,Meets Expectations,52,False,E100513
3891,E100528,2023 H1,2023-06-15,3,Meets Expectations,34,False,E100513
3892,E100528,2023 H2,2023-12-15,4,Exceeds Expectations,69,False,E100513
3893,E100528,2024 H1,2024-06-15,3,Meets Expectations,54,False,E100513
3894,E100528,2024 H2,2024-12-15,4,Exceeds Expectations,70,True,E100513
3895,E100528,2025 H1,2025-06-15,3,Meets Expectations,40,False,E100513
3896,E100528,2025 H2,2025-12-15,4,Exceeds Expectations,62,True,E100513
3897,E100528,2026 H1,2026-06-15,2,Needs Improvement,36,False,E100513
3898,E100529,2021 H1,2021-06-15,4,Exceeds Expectations,84,False,E100535
3899,E100529,2021 H2,2021-12-15,3,Meets Expectations,46,False,E100535
3900,E100529,2022 H1,2022-06-15,4,Exceeds Expectations,78,True,E100535
3901,E100529,2022 H2,2022-12-15,3,Meets Expectations,60,False,E100535
3902,E100529,2023 H1,2023-06-15,3,Meets Expectations,55,False,E100535
3903,E100529,2023 H2,2023-12-15,2,Needs Improvement,40,False,E100535
3904,E100529,2024 H1,2024-06-15,4,Exceeds Expectations,73,False,E100535
3905,E100529,2024 H2,2024-12-15,2,Needs Improvement,32,False,E100535
3906,E100529,2025 H1,2025-06-15,4,Exceeds Expectations,64,False,E100535
3907,E100529,2025 H2,2025-12-15,4,Exceeds Expectations,94,False,E100535
3908,E100529,2026 H1,2026-06-15,3,Meets Expectations,60,False,E100535
3909,E100530,2021 H1,2021-06-15,3,Meets Expectations,58,False,E100535
3910,E100530,2021 H2,2021-12-15,3,Meets Expectations,52,False,E100535
3911,E100530,2022 H1,2022-06-15,3,Meets Expectations,59,False,E100535
3912,E100530,2022 H2,2022-12-15,2,Needs Improvement,30,False,E100535
3913,E100530,2023 H1,2023-06-15,3,Meets Expectations,48,False,E100535
3914,E100530,2023 H2,2023-12-15,5,Outstanding,95,False,E100535
3915,E100530,2024 H1,2024-06-15,2,Needs Improvement,33,False,E100535
3916,E100530,2024 H2,2024-12-15,4,Exceeds Expectations,75,False,E100535
3917,E100530,2025 H1,2025-06-15,3,Meets Expectations,52,False,E100535
3918,E100530,2025 H2,2025-12-15,4,Exceeds Expectations,58,False,E100535
3919,E100530,2026 H1,2026-06-15,5,Outstanding,92,False,E100535
3920,E100532,2021 H1,2021-06-15,5,Outstanding,89,True,E100535
3921,E100532,2021 H2,2021-12-15,5,Outstanding,83,False,E100535
3922,E100532,2022 H1,2022-06-15,3,Meets Expectations,62,False,E100535
3923,E100532,2022 H2,2022-12-15,4,Exceeds Expectations,63,True,E100535
3924,E100532,2023 H1,2023-06-15,2,Needs Improvement,30,False,E100535
3925,E100532,2023 H2,2023-12-15,3,Meets Expectations,52,False,E100535
3926,E100533,2021 H1,2021-06-15,3,Meets Expectations,61,False,E100535
3927,E100533,2021 H2,2021-12-15,3,Meets Expectations,34,False,E100535
3928,E100533,2022 H1,2022-06-15,4,Exceeds Expectations,83,True,E100535
3929,E100533,2022 H2,2022-12-15,4,Exceeds Expectations,69,False,E100535
3930,E100533,2023 H1,2023-06-15,4,Exceeds Expectations,83,False,E100535
3931,E100533,2023 H2,2023-12-15,2,Needs Improvement,30,False,E100535
3932,E100533,2024 H1,2024-06-15,3,Meets Expectations,42,False,E100535
3933,E100533,2024 H2,2024-12-15,5,Outstanding,91,False,E100535
3934,E100534,2021 H1,2021-06-15,2,Needs Improvement,30,False,E100522
3935,E100534,2021 H2,2021-12-15,4,Exceeds Expectations,83,True,E100522
3936,E100534,2022 H1,2022-06-15,4,Exceeds Expectations,90,False,E100522
3937,E100534,2022 H2,2022-12-15,3,Meets Expectations,41,False,E100522
3938,E100534,2023 H1,2023-06-15,5,Outstanding,83,False,E100522
3939,E100534,2023 H2,2023-12-15,4,Exceeds Expectations,63,False,E100522
3940,E100534,2024 H1,2024-06-15,4,Exceeds Expectations,59,False,E100522
3941,E100534,2024 H2,2024-12-15,5,Outstanding,93,True,E100522
3942,E100534,2025 H1,2025-06-15,2,Needs Improvement,30,False,E100522
3943,E100534,2025 H2,2025-12-15,3,Meets Expectations,65,False,E100522
3944,E100534,2026 H1,2026-06-15,3,Meets Expectations,66,False,E100522
3945,E100535,2021 H1,2021-06-15,2,Needs Improvement,43,False,E000001
3946,E100535,2021 H2,2021-12-15,3,Meets Expectations,61,False,E000001
3947,E100535,2022 H1,2022-06-15,3,Meets Expectations,48,False,E000001
3948,E100535,2022 H2,2022-12-15,2,Needs Improvement,47,False,E000001
3949,E100535,2023 H1,2023-06-15,3,Meets Expectations,49,False,E000001
3950,E100535,2023 H2,2023-12-15,3,Meets Expectations,59,False,E000001
3951,E100535,2024 H1,2024-06-15,1,Unsatisfactory,30,False,E000001
3952,E100535,2024 H2,2024-12-15,5,Outstanding,92,False,E000001
3953,E100535,2025 H1,2025-06-15,3,Meets Expectations,62,False,E000001
3954,E100535,2025 H2,2025-12-15,4,Exceeds Expectations,85,True,E000001
3955,E100535,2026 H1,2026-06-15,3,Meets Expectations,46,False,E000001
3956,E100536,2021 H1,2021-06-15,2,Needs Improvement,46,False,E100503
3957,E100536,2021 H2,2021-12-15,4,Exceeds Expectations,78,False,E100503
3958,E100536,2022 H1,2022-06-15,3,Meets Expectations,39,False,E100503
3959,E100536,2022 H2,2022-12-15,4,Exceeds Expectations,74,True,E100503
3960,E100536,2023 H1,2023-06-15,3,Meets Expectations,60,False,E100503
3961,E100536,2023 H2,2023-12-15,5,Outstanding,86,False,E100503
3962,E100536,2024 H1,2024-06-15,3,Meets Expectations,63,False,E100503
3963,E100536,2024 H2,2024-12-15,5,Outstanding,90,False,E100503
3964,E100536,2025 H1,2025-06-15,2,Needs Improvement,46,False,E100503
3965,E100536,2025 H2,2025-12-15,3,Meets Expectations,58,False,E100503
3966,E100536,2026 H1,2026-06-15,4,Exceeds Expectations,78,False,E100503
3967,E100537,2021 H1,2021-06-15,3,Meets Expectations,53,False,E100504
3968,E100537,2021 H2,2021-12-15,3,Meets Expectations,56,False,E100504
3969,E100537,2022 H1,2022-06-15,2,Needs Improvement,44,False,E100504
3970,E100537,2022 H2,2022-12-15,4,Exceeds Expectations,71,False,E100504
3971,E100537,2023 H1,2023-06-15,3,Meets Expectations,36,False,E100504
3972,E100537,2023 H2,2023-12-15,3,Meets Expectations,46,False,E100504
3973,E100537,2024 H1,2024-06-15,3,Meets Expectations,45,False,E100504
3974,E100537,2024 H2,2024-12-15,4,Exceeds Expectations,86,False,E100504
3975,E100537,2025 H1,2025-06-15,4,Exceeds Expectations,58,True,E100504
3976,E100537,2025 H2,2025-12-15,1,Unsatisfactory,30,False,E100504
3977,E100537,2026 H1,2026-06-15,3,Meets Expectations,43,False,E100504
3978,E100538,2021 H1,2021-06-15,3,Meets Expectations,78,False,E100535
3979,E100538,2021 H2,2021-12-15,5,Outstanding,107,False,E100535
3980,E100538,2022 H1,2022-06-15,3,Meets Expectations,51,False,E100535
3981,E100538,2022 H2,2022-12-15,4,Exceeds Expectations,72,True,E100535
3982,E100538,2023 H1,2023-06-15,4,Exceeds Expectations,59,False,E100535
3983,E100538,2023 H2,2023-12-15,4,Exceeds Expectations,57,False,E100535
3984,E100538,2024 H1,2024-06-15,1,Unsatisfactory,30,False,E100535
3985,E100539,2021 H1,2021-06-15,4,Exceeds Expectations,75,False,E100544
3986,E100539,2021 H2,2021-12-15,3,Meets Expectations,32,False,E100544
3987,E100539,2022 H1,2022-06-15,2,Needs Improvement,33,False,E100544
3988,E100539,2022 H2,2022-12-15,3,Meets Expectations,53,False,E100544
3989,E100539,2023 H1,2023-06-15,5,Outstanding,91,False,E100544
3990,E100539,2023 H2,2023-12-15,5,Outstanding,82,False,E100544
3991,E100539,2024 H1,2024-06-15,1,Unsatisfactory,30,False,E100544
3992,E100539,2024 H2,2024-12-15,5,Outstanding,104,False,E100544
3993,E100540,2021 H1,2021-06-15,3,Meets Expectations,48,False,E100544
3994,E100540,2021 H2,2021-12-15,3,Meets Expectations,59,False,E100544
3995,E100540,2022 H1,2022-06-15,3,Meets Expectations,57,False,E100544
3996,E100540,2022 H2,2022-12-15,4,Exceeds Expectations,79,True,E100544
3997,E100540,2023 H1,2023-06-15,2,Needs Improvement,45,False,E100544
3998,E100540,2023 H2,2023-12-15,3,Meets Expectations,48,False,E100544
3999,E100540,2024 H1,2024-06-15,4,Exceeds Expectations,72,False,E100544
4000,E100540,2024 H2,2024-12-15,5,Outstanding,100,True,E100544
4001,E100540,2025 H1,2025-06-15,4,Exceeds Expectations,71,True,E100544
4002,E100540,2025 H2,2025-12-15,2,Needs Improvement,30,False,E100544
4003,E100541,2021 H1,2021-06-15,5,Outstanding,95,True,E100544
4004,E100541,2021 H2,2021-12-15,5,Outstanding,91,False,E100544
4005,E100541,2022 H1,2022-06-15,3,Meets Expectations,54,False,E100544
4006,E100541,2022 H2,2022-12-15,4,Exceeds Expectations,72,False,E100544
4007,E100541,2023 H1,2023-06-15,5,Outstanding,98,False,E100544
4008,E100541,2023 H2,2023-12-15,4,Exceeds Expectations,80,False,E100544
4009,E100541,2024 H1,2024-06-15,4,Exceeds Expectations,75,True,E100544
4010,E100541,2024 H2,2024-12-15,4,Exceeds Expectations,79,True,E100544
4011,E100541,2025 H1,2025-06-15,4,Exceeds Expectations,71,False,E100544
4012,E100541,2025 H2,2025-12-15,4,Exceeds Expectations,61,False,E100544
4013,E100541,2026 H1,2026-06-15,4,Exceeds Expectations,72,False,E100544
4014,E100542,2021 H1,2021-06-15,4,Exceeds Expectations,65,False,E100544
4015,E100542,2021 H2,2021-12-15,3,Meets Expectations,45,False,E100544
4016,E100542,2022 H1,2022-06-15,4,Exceeds Expectations,55,True,E100544
4017,E100542,2022 H2,2022-12-15,3,Meets Expectations,33,False,E100544
4018,E100542,2023 H1,2023-06-15,3,Meets Expectations,54,False,E100544
4019,E100542,2023 H2,2023-12-15,4,Exceeds Expectations,85,True,E100544
4020,E100542,2024 H1,2024-06-15,2,Needs Improvement,32,False,E100544
4021,E100543,2021 H1,2021-06-15,4,Exceeds Expectations,68,False,E100544
4022,E100544,2021 H1,2021-06-15,3,Meets Expectations,36,False,E000001
4023,E100544,2021 H2,2021-12-15,2,Needs Improvement,48,False,E000001
4024,E100544,2022 H1,2022-06-15,4,Exceeds Expectations,98,False,E000001
4025,E100544,2022 H2,2022-12-15,4,Exceeds Expectations,62,True,E000001
4026,E100544,2023 H1,2023-06-15,4,Exceeds Expectations,77,False,E000001
4027,E100544,2023 H2,2023-12-15,4,Exceeds Expectations,70,False,E000001
4028,E100544,2024 H1,2024-06-15,3,Meets Expectations,58,False,E000001
4029,E100544,2024 H2,2024-12-15,3,Meets Expectations,64,False,E000001
4030,E100544,2025 H1,2025-06-15,2,Needs Improvement,30,False,E000001
4031,E100544,2025 H2,2025-12-15,3,Meets Expectations,59,False,E000001
4032,E100544,2026 H1,2026-06-15,4,Exceeds Expectations,76,True,E000001
4033,E100545,2021 H1,2021-06-15,3,Meets Expectations,52,False,E100544
4034,E100545,2021 H2,2021-12-15,3,Meets Expectations,64,False,E100544
4035,E100545,2022 H1,2022-06-15,4,Exceeds Expectations,85,False,E100544
4036,E100545,2022 H2,2022-12-15,4,Exceeds Expectations,69,False,E100544
4037,E100545,2023 H1,2023-06-15,3,Meets Expectations,54,False,E100544
4038,E100545,2023 H2,2023-12-15,3,Meets Expectations,61,False,E100544
4039,E100545,2024 H1,2024-06-15,4,Exceeds Expectations,66,True,E100544
4040,E100545,2024 H2,2024-12-15,5,Outstanding,92,False,E100544
4041,E100545,2025 H1,2025-06-15,3,Meets Expectations,60,False,E100544
4042,E100545,2025 H2,2025-12-15,2,Needs Improvement,39,False,E100544
4043,E100545,2026 H1,2026-06-15,3,Meets Expectations,54,False,E100544
4044,E100546,2021 H1,2021-06-15,3,Meets Expectations,52,False,E100544
4045,E100546,2021 H2,2021-12-15,3,Meets Expectations,53,False,E100544
4046,E100546,2022 H1,2022-06-15,5,Outstanding,84,False,E100544
4047,E100546,2022 H2,2022-12-15,4,Exceeds Expectations,58,False,E100544
4048,E100546,2023 H1,2023-06-15,2,Needs Improvement,32,False,E100544
4049,E100546,2023 H2,2023-12-15,5,Outstanding,77,False,E100544
4050,E100546,2024 H1,2024-06-15,4,Exceeds Expectations,83,False,E100544
4051,E100546,2024 H2,2024-12-15,5,Outstanding,96,True,E100544
4052,E100546,2025 H1,2025-06-15,3,Meets Expectations,41,False,E100544
4053,E100546,2025 H2,2025-12-15,2,Needs Improvement,54,False,E100544
4054,E100546,2026 H1,2026-06-15,4,Exceeds Expectations,78,False,E100544
4055,E100547,2021 H1,2021-06-15,1,Unsatisfactory,30,False,E000001
4056,E100547,2021 H2,2021-12-15,4,Exceeds Expectations,75,False,E000001
4057,E100547,2022 H1,2022-06-15,3,Meets Expectations,55,False,E000001
4058,E100547,2022 H2,2022-12-15,2,Needs Improvement,36,False,E000001
4059,E100547,2023 H1,2023-06-15,2,Needs Improvement,46,False,E000001
4060,E100547,2023 H2,2023-12-15,4,Exceeds Expectations,79,True,E000001
4061,E100547,2024 H1,2024-06-15,2,Needs Improvement,36,False,E000001
4062,E100547,2024 H2,2024-12-15,4,Exceeds Expectations,79,False,E000001
4063,E100547,2025 H1,2025-06-15,5,Outstanding,80,True,E000001
4064,E100547,2025 H2,2025-12-15,3,Meets Expectations,58,False,E000001
4065,E100547,2026 H1,2026-06-15,4,Exceeds Expectations,80,False,E000001
4066,E100548,2021 H1,2021-06-15,2,Needs Improvement,32,False,E100544
4067,E100548,2021 H2,2021-12-15,3,Meets Expectations,61,False,E100544
4068,E100548,2022 H1,2022-06-15,4,Exceeds Expectations,75,False,E100544
4069,E100548,2022 H2,2022-12-15,5,Outstanding,89,False,E100544
4070,E100548,2023 H1,2023-06-15,3,Meets Expectations,70,False,E100544
4071,E100548,2023 H2,2023-12-15,3,Meets Expectations,46,False,E100544
4072,E100548,2024 H1,2024-06-15,4,Exceeds Expectations,64,False,E100544
4073,E100548,2024 H2,2024-12-15,4,Exceeds Expectations,85,False,E100544
4074,E100549,2021 H1,2021-06-15,3,Meets Expectations,67,False,E100551
4075,E100549,2021 H2,2021-12-15,4,Exceeds Expectations,56,True,E100551
4076,E100549,2022 H1,2022-06-15,4,Exceeds Expectations,87,False,E100551
4077,E100549,2022 H2,2022-12-15,4,Exceeds Expectations,68,False,E100551
4078,E100549,2023 H1,2023-06-15,4,Exceeds Expectations,66,True,E100551
4079,E100549,2023 H2,2023-12-15,5,Outstanding,92,False,E100551
4080,E100549,2024 H1,2024-06-15,4,Exceeds Expectations,70,False,E100551
4081,E100549,2024 H2,2024-12-15,4,Exceeds Expectations,63,False,E100551
4082,E100549,2025 H1,2025-06-15,5,Outstanding,90,False,E100551
4083,E100549,2025 H2,2025-12-15,4,Exceeds Expectations,62,False,E100551
4084,E100549,2026 H1,2026-06-15,5,Outstanding,94,False,E100551
4085,E100550,2021 H1,2021-06-15,4,Exceeds Expectations,66,False,E100544
4086,E100550,2021 H2,2021-12-15,5,Outstanding,84,True,E100544
4087,E100550,2022 H1,2022-06-15,4,Exceeds Expectations,68,False,E100544
4088,E100550,2022 H2,2022-12-15,2,Needs Improvement,31,False,E100544
4089,E100550,2023 H1,2023-06-15,2,Needs Improvement,35,False,E100544
4090,E100550,2023 H2,2023-12-15,5,Outstanding,108,False,E100544
4091,E100550,2024 H1,2024-06-15,5,Outstanding,87,False,E100544
4092,E100550,2024 H2,2024-12-15,3,Meets Expectations,56,False,E100544
4093,E100550,2025 H1,2025-06-15,2,Needs Improvement,30,False,E100544
4094,E100550,2025 H2,2025-12-15,3,Meets Expectations,45,False,E100544
4095,E100550,2026 H1,2026-06-15,3,Meets Expectations,39,False,E100544
4096,E100551,2021 H1,2021-06-15,3,Meets Expectations,38,False,E100544
4097,E100551,2021 H2,2021-12-15,3,Meets Expectations,37,False,E100544
4098,E100551,2022 H1,2022-06-15,4,Exceeds Expectations,92,True,E100544
4099,E100551,2022 H2,2022-12-15,3,Meets Expectations,45,False,E100544
4100,E100551,2023 H1,2023-06-15,4,Exceeds Expectations,65,False,E100544
4101,E100551,2023 H2,2023-12-15,2,Needs Improvement,30,False,E100544
4102,E100551,2024 H1,2024-06-15,2,Needs Improvement,47,False,E100544
4103,E100551,2024 H2,2024-12-15,5,Outstanding,84,False,E100544
4104,E100551,2025 H1,2025-06-15,4,Exceeds Expectations,84,False,E100544
4105,E100551,2025 H2,2025-12-15,2,Needs Improvement,38,False,E100544
4106,E100552,2021 H1,2021-06-15,2,Needs Improvement,33,False,E100555
4107,E100552,2021 H2,2021-12-15,4,Exceeds Expectations,86,False,E100555
4108,E100552,2022 H1,2022-06-15,4,Exceeds Expectations,49,True,E100555
4109,E100552,2022 H2,2022-12-15,2,Needs Improvement,33,False,E100555
4110,E100552,2023 H1,2023-06-15,4,Exceeds Expectations,73,False,E100555
4111,E100552,2023 H2,2023-12-15,3,Meets Expectations,64,False,E100555
4112,E100552,2024 H1,2024-06-15,3,Meets Expectations,42,False,E100555
4113,E100552,2024 H2,2024-12-15,3,Meets Expectations,81,False,E100555
4114,E100552,2025 H1,2025-06-15,5,Outstanding,99,False,E100555
4115,E100552,2025 H2,2025-12-15,4,Exceeds Expectations,62,False,E100555
4116,E100552,2026 H1,2026-06-15,3,Meets Expectations,47,False,E100555
4117,E100553,2021 H1,2021-06-15,3,Meets Expectations,44,False,E100580
4118,E100553,2021 H2,2021-12-15,4,Exceeds Expectations,64,False,E100580
4119,E100554,2021 H1,2021-06-15,3,Meets Expectations,58,False,E100555
4120,E100554,2021 H2,2021-12-15,5,Outstanding,79,False,E100555
4121,E100554,2022 H1,2022-06-15,3,Meets Expectations,54,False,E100555
4122,E100554,2022 H2,2022-12-15,3,Meets Expectations,31,False,E100555
4123,E100554,2023 H1,2023-06-15,5,Outstanding,79,True,E100555
4124,E100554,2023 H2,2023-12-15,4,Exceeds Expectations,79,True,E100555
4125,E100554,2024 H1,2024-06-15,2,Needs Improvement,38,False,E100555
4126,E100554,2024 H2,2024-12-15,4,Exceeds Expectations,51,False,E100555
4127,E100554,2025 H1,2025-06-15,3,Meets Expectations,58,False,E100555
4128,E100554,2025 H2,2025-12-15,4,Exceeds Expectations,54,False,E100555
4129,E100554,2026 H1,2026-06-15,3,Meets Expectations,63,False,E100555
4130,E100555,2021 H1,2021-06-15,4,Exceeds Expectations,79,False,E000001
4131,E100555,2021 H2,2021-12-15,4,Exceeds Expectations,63,False,E000001
4132,E100556,2021 H1,2021-06-15,4,Exceeds Expectations,79,False,E100562
4133,E100556,2021 H2,2021-12-15,3,Meets Expectations,53,False,E100562
4134,E100556,2022 H1,2022-06-15,4,Exceeds Expectations,84,True,E100562
4135,E100556,2022 H2,2022-12-15,3,Meets Expectations,57,False,E100562
4136,E100556,2023 H1,2023-06-15,5,Outstanding,84,False,E100562
4137,E100557,2021 H1,2021-06-15,5,Outstanding,81,True,E100555
4138,E100557,2021 H2,2021-12-15,3,Meets Expectations,61,False,E100555
4139,E100557,2022 H1,2022-06-15,4,Exceeds Expectations,74,False,E100555
4140,E100557,2022 H2,2022-12-15,2,Needs Improvement,34,False,E100555
4141,E100557,2023 H1,2023-06-15,3,Meets Expectations,52,False,E100555
4142,E100557,2023 H2,2023-12-15,5,Outstanding,78,False,E100555
4143,E100557,2024 H1,2024-06-15,3,Meets Expectations,52,False,E100555
4144,E100557,2024 H2,2024-12-15,3,Meets Expectations,44,False,E100555
4145,E100557,2025 H1,2025-06-15,4,Exceeds Expectations,68,False,E100555
4146,E100557,2025 H2,2025-12-15,3,Meets Expectations,49,False,E100555
4147,E100557,2026 H1,2026-06-15,3,Meets Expectations,44,False,E100555
4148,E100558,2021 H1,2021-06-15,3,Meets Expectations,39,False,E100555
4149,E100558,2021 H2,2021-12-15,5,Outstanding,91,False,E100555
4150,E100558,2022 H1,2022-06-15,3,Meets Expectations,64,False,E100555
4151,E100558,2022 H2,2022-12-15,4,Exceeds Expectations,78,True,E100555
4152,E100558,2023 H1,2023-06-15,4,Exceeds Expectations,89,False,E100555
4153,E100558,2023 H2,2023-12-15,5,Outstanding,108,True,E100555
4154,E100558,2024 H1,2024-06-15,1,Unsatisfactory,30,False,E100555
4155,E100558,2024 H2,2024-12-15,3,Meets Expectations,67,False,E100555
4156,E100558,2025 H1,2025-06-15,3,Meets Expectations,50,False,E100555
4157,E100558,2025 H2,2025-12-15,3,Meets Expectations,50,False,E100555
4158,E100558,2026 H1,2026-06-15,3,Meets Expectations,59,False,E100555
4159,E100559,2021 H1,2021-06-15,3,Meets Expectations,52,False,E100580
4160,E100559,2021 H2,2021-12-15,3,Meets Expectations,56,False,E100580
4161,E100559,2022 H1,2022-06-15,2,Needs Improvement,30,False,E100580
4162,E100559,2022 H2,2022-12-15,2,Needs Improvement,42,False,E100580
4163,E100559,2023 H1,2023-06-15,2,Needs Improvement,45,False,E100580
4164,E100559,2023 H2,2023-12-15,4,Exceeds Expectations,61,False,E100580
4165,E100559,2024 H1,2024-06-15,4,Exceeds Expectations,62,True,E100580
4166,E100559,2024 H2,2024-12-15,3,Meets Expectations,48,False,E100580
4167,E100559,2025 H1,2025-06-15,4,Exceeds Expectations,80,False,E100580
4168,E100559,2025 H2,2025-12-15,4,Exceeds Expectations,84,True,E100580
4169,E100559,2026 H1,2026-06-15,4,Exceeds Expectations,74,False,E100580
4170,E100560,2021 H1,2021-06-15,2,Needs Improvement,36,False,E100566
4171,E100560,2021 H2,2021-12-15,2,Needs Improvement,30,False,E100566
4172,E100560,2022 H1,2022-06-15,4,Exceeds Expectations,60,False,E100566
4173,E100560,2022 H2,2022-12-15,4,Exceeds Expectations,70,False,E100566
4174,E100560,2023 H1,2023-06-15,3,Meets Expectations,50,False,E100566
4175,E100560,2023 H2,2023-12-15,4,Exceeds Expectations,68,False,E100566
4176,E100560,2024 H1,2024-06-15,3,Meets Expectations,57,False,E100566
4177,E100560,2024 H2,2024-12-15,3,Meets Expectations,42,False,E100566
4178,E100560,2025 H1,2025-06-15,3,Meets Expectations,41,False,E100566
4179,E100560,2025 H2,2025-12-15,3,Meets Expectations,66,False,E100566
4180,E100560,2026 H1,2026-06-15,3,Meets Expectations,62,False,E100566
4181,E100561,2021 H1,2021-06-15,4,Exceeds Expectations,56,False,E100566
4182,E100561,2021 H2,2021-12-15,3,Meets Expectations,65,False,E100566
4183,E100561,2022 H1,2022-06-15,3,Meets Expectations,47,False,E100566
4184,E100561,2022 H2,2022-12-15,3,Meets Expectations,56,False,E100566
4185,E100561,2023 H1,2023-06-15,2,Needs Improvement,30,False,E100566
4186,E100561,2023 H2,2023-12-15,3,Meets Expectations,35,False,E100566
4187,E100561,2024 H1,2024-06-15,2,Needs Improvement,30,False,E100566
4188,E100561,2024 H2,2024-12-15,3,Meets Expectations,66,False,E100566
4189,E100561,2025 H1,2025-06-15,4,Exceeds Expectations,76,False,E100566
4190,E100561,2025 H2,2025-12-15,5,Outstanding,89,True,E100566
4191,E100561,2026 H1,2026-06-15,4,Exceeds Expectations,67,False,E100566
4192,E100562,2021 H1,2021-06-15,4,Exceeds Expectations,65,False,E100555
4193,E100562,2021 H2,2021-12-15,2,Needs Improvement,33,False,E100555
4194,E100562,2022 H1,2022-06-15,5,Outstanding,72,True,E100555
4195,E100562,2022 H2,2022-12-15,2,Needs Improvement,38,False,E100555
4196,E100562,2023 H1,2023-06-15,4,Exceeds Expectations,81,False,E100555
4197,E100562,2023 H2,2023-12-15,4,Exceeds Expectations,71,False,E100555
4198,E100562,2024 H1,2024-06-15,2,Needs Improvement,45,False,E100555
4199,E100562,2024 H2,2024-12-15,3,Meets Expectations,44,False,E100555
4200,E100562,2025 H1,2025-06-15,5,Outstanding,86,False,E100555
4201,E100562,2025 H2,2025-12-15,4,Exceeds Expectations,81,False,E100555
4202,E100562,2026 H1,2026-06-15,3,Meets Expectations,54,False,E100555
4203,E100563,2021 H1,2021-06-15,5,Outstanding,80,False,E100566
4204,E100563,2021 H2,2021-12-15,4,Exceeds Expectations,75,True,E100566
4205,E100563,2022 H1,2022-06-15,1,Unsatisfactory,30,False,E100566
4206,E100563,2022 H2,2022-12-15,2,Needs Improvement,44,False,E100566
4207,E100563,2023 H1,2023-06-15,3,Meets Expectations,52,False,E100566
4208,E100563,2023 H2,2023-12-15,3,Meets Expectations,65,False,E100566
4209,E100563,2024 H1,2024-06-15,3,Meets Expectations,57,False,E100566
4210,E100563,2024 H2,2024-12-15,3,Meets Expectations,62,False,E100566
4211,E100563,2025 H1,2025-06-15,4,Exceeds Expectations,55,False,E100566
4212,E100563,2025 H2,2025-12-15,3,Meets Expectations,44,False,E100566
4213,E100563,2026 H1,2026-06-15,4,Exceeds Expectations,73,True,E100566
4214,E100564,2021 H1,2021-06-15,4,Exceeds Expectations,65,False,E100580
4215,E100564,2021 H2,2021-12-15,3,Meets Expectations,49,False,E100580
4216,E100564,2022 H1,2022-06-15,2,Needs Improvement,30,False,E100580
4217,E100564,2022 H2,2022-12-15,2,Needs Improvement,48,False,E100580
4218,E100564,2023 H1,2023-06-15,2,Needs Improvement,32,False,E100580
4219,E100564,2023 H2,2023-12-15,5,Outstanding,84,False,E100580
4220,E100564,2024 H1,2024-06-15,4,Exceeds Expectations,67,False,E100580
4221,E100564,2024 H2,2024-12-15,4,Exceeds Expectations,69,False,E100580
4222,E100564,2025 H1,2025-06-15,2,Needs Improvement,54,False,E100580
4223,E100565,2021 H1,2021-06-15,4,Exceeds Expectations,69,False,E100555
4224,E100565,2021 H2,2021-12-15,3,Meets Expectations,45,False,E100555
4225,E100565,2022 H1,2022-06-15,3,Meets Expectations,44,False,E100555
4226,E100565,2022 H2,2022-12-15,3,Meets Expectations,66,False,E100555
4227,E100565,2023 H1,2023-06-15,3,Meets Expectations,67,False,E100555
4228,E100565,2023 H2,2023-12-15,2,Needs Improvement,46,False,E100555
4229,E100565,2024 H1,2024-06-15,4,Exceeds Expectations,82,True,E100555
4230,E100565,2024 H2,2024-12-15,4,Exceeds Expectations,71,True,E100555
4231,E100565,2025 H1,2025-06-15,4,Exceeds Expectations,73,False,E100555
4232,E100565,2025 H2,2025-12-15,3,Meets Expectations,44,False,E100555
4233,E100565,2026 H1,2026-06-15,3,Meets Expectations,59,False,E100555
4234,E100566,2021 H1,2021-06-15,3,Meets Expectations,61,False,E100555
4235,E100566,2021 H2,2021-12-15,4,Exceeds Expectations,58,False,E100555
4236,E100566,2022 H1,2022-06-15,3,Meets Expectations,46,False,E100555
4237,E100566,2022 H2,2022-12-15,5,Outstanding,88,False,E100555
4238,E100566,2023 H1,2023-06-15,4,Exceeds Expectations,64,True,E100555
4239,E100566,2023 H2,2023-12-15,3,Meets Expectations,48,False,E100555
4240,E100566,2024 H1,2024-06-15,2,Needs Improvement,30,False,E100555
4241,E100566,2024 H2,2024-12-15,4,Exceeds Expectations,106,False,E100555
4242,E100567,2021 H1,2021-06-15,2,Needs Improvement,34,False,E100558
4243,E100567,2021 H2,2021-12-15,4,Exceeds Expectations,80,False,E100558
4244,E100567,2022 H1,2022-06-15,3,Meets Expectations,48,False,E100558
4245,E100567,2022 H2,2022-12-15,4,Exceeds Expectations,79,False,E100558
4246,E100567,2023 H1,2023-06-15,4,Exceeds Expectations,78,True,E100558
4247,E100567,2023 H2,2023-12-15,2,Needs Improvement,43,False,E100558
4248,E100567,2024 H1,2024-06-15,4,Exceeds Expectations,49,False,E100558
4249,E100567,2024 H2,2024-12-15,4,Exceeds Expectations,67,False,E100558
4250,E100567,2025 H1,2025-06-15,4,Exceeds Expectations,69,False,E100558
4251,E100567,2025 H2,2025-12-15,4,Exceeds Expectations,76,False,E100558
4252,E100567,2026 H1,2026-06-15,2,Needs Improvement,49,False,E100558
4253,E100568,2021 H1,2021-06-15,3,Meets Expectations,44,False,E100566
4254,E100568,2021 H2,2021-12-15,4,Exceeds Expectations,73,False,E100566
4255,E100568,2022 H1,2022-06-15,5,Outstanding,78,False,E100566
4256,E100569,2021 H1,2021-06-15,4,Exceeds Expectations,76,False,E100555
4257,E100569,2021 H2,2021-12-15,5,Outstanding,104,False,E100555
4258,E100569,2022 H1,2022-06-15,4,Exceeds Expectations,77,False,E100555
4259,E100569,2022 H2,2022-12-15,3,Meets Expectations,54,False,E100555
4260,E100569,2023 H1,2023-06-15,4,Exceeds Expectations,77,False,E100555
4261,E100569,2023 H2,2023-12-15,4,Exceeds Expectations,71,False,E100555
4262,E100569,2024 H1,2024-06-15,2,Needs Improvement,30,False,E100555
4263,E100569,2024 H2,2024-12-15,3,Meets Expectations,56,False,E100555
4264,E100569,2025 H1,2025-06-15,4,Exceeds Expectations,71,False,E100555
4265,E100569,2025 H2,2025-12-15,3,Meets Expectations,36,False,E100555
4266,E100569,2026 H1,2026-06-15,3,Meets Expectations,44,False,E100555
4267,E100570,2021 H1,2021-06-15,4,Exceeds Expectations,78,True,E100562
4268,E100570,2021 H2,2021-12-15,3,Meets Expectations,57,False,E100562
4269,E100570,2022 H1,2022-06-15,3,Meets Expectations,43,False,E100562
4270,E100571,2021 H1,2021-06-15,4,Exceeds Expectations,72,False,E100555
4271,E100571,2021 H2,2021-12-15,4,Exceeds Expectations,71,False,E100555
4272,E100571,2022 H1,2022-06-15,5,Outstanding,84,False,E100555
4273,E100571,2022 H2,2022-12-15,2,Needs Improvement,38,False,E100555
4274,E100571,2023 H1,2023-06-15,4,Exceeds Expectations,60,True,E100555
4275,E100571,2023 H2,2023-12-15,3,Meets Expectations,59,False,E100555
4276,E100572,2021 H1,2021-06-15,1,Unsatisfactory,39,False,E100555
4277,E100572,2021 H2,2021-12-15,4,Exceeds Expectations,67,False,E100555
4278,E100572,2022 H1,2022-06-15,4,Exceeds Expectations,72,True,E100555
4279,E100572,2022 H2,2022-12-15,3,Meets Expectations,61,False,E100555
4280,E100572,2023 H1,2023-06-15,4,Exceeds Expectations,52,False,E100555
4281,E100572,2023 H2,2023-12-15,3,Meets Expectations,48,False,E100555
4282,E100572,2024 H1,2024-06-15,3,Meets Expectations,57,False,E100555
4283,E100572,2024 H2,2024-12-15,1,Unsatisfactory,30,False,E100555
4284,E100572,2025 H1,2025-06-15,3,Meets Expectations,61,False,E100555
4285,E100572,2025 H2,2025-12-15,3,Meets Expectations,50,False,E100555
4286,E100572,2026 H1,2026-06-15,5,Outstanding,79,False,E100555
4287,E100573,2021 H1,2021-06-15,3,Meets Expectations,47,False,E100580
4288,E100573,2021 H2,2021-12-15,5,Outstanding,76,False,E100580
4289,E100573,2022 H1,2022-06-15,4,Exceeds Expectations,55,False,E100580
4290,E100573,2022 H2,2022-12-15,2,Needs Improvement,30,False,E100580
4291,E100573,2023 H1,2023-06-15,3,Meets Expectations,64,False,E100580
4292,E100573,2023 H2,2023-12-15,3,Meets Expectations,59,False,E100580
4293,E100573,2024 H1,2024-06-15,3,Meets Expectations,54,False,E100580
4294,E100573,2024 H2,2024-12-15,4,Exceeds Expectations,78,False,E100580
4295,E100573,2025 H1,2025-06-15,4,Exceeds Expectations,53,False,E100580
4296,E100573,2025 H2,2025-12-15,3,Meets Expectations,55,False,E100580
4297,E100573,2026 H1,2026-06-15,3,Meets Expectations,48,False,E100580
4298,E100574,2021 H1,2021-06-15,3,Meets Expectations,63,False,E100580
4299,E100574,2021 H2,2021-12-15,4,Exceeds Expectations,80,False,E100580
4300,E100574,2022 H1,2022-06-15,5,Outstanding,71,False,E100580
4301,E100574,2022 H2,2022-12-15,4,Exceeds Expectations,69,False,E100580
4302,E100574,2023 H1,2023-06-15,4,Exceeds Expectations,81,False,E100580
4303,E100574,2023 H2,2023-12-15,3,Meets Expectations,55,False,E100580
4304,E100574,2024 H1,2024-06-15,4,Exceeds Expectations,79,False,E100580
4305,E100574,2024 H2,2024-12-15,5,Outstanding,92,True,E100580
4306,E100574,2025 H1,2025-06-15,3,Meets Expectations,45,False,E100580
4307,E100574,2025 H2,2025-12-15,4,Exceeds Expectations,62,True,E100580
4308,E100574,2026 H1,2026-06-15,4,Exceeds Expectations,89,False,E100580
4309,E100575,2021 H1,2021-06-15,4,Exceeds Expectations,58,False,E100558
4310,E100575,2021 H2,2021-12-15,2,Needs Improvement,30,False,E100558
4311,E100575,2022 H1,2022-06-15,3,Meets Expectations,50,False,E100558
4312,E100575,2022 H2,2022-12-15,4,Exceeds Expectations,80,False,E100558
4313,E100575,2023 H1,2023-06-15,4,Exceeds Expectations,65,True,E100558
4314,E100576,2021 H1,2021-06-15,3,Meets Expectations,47,False,E100566
4315,E100576,2021 H2,2021-12-15,5,Outstanding,83,False,E100566
4316,E100576,2022 H1,2022-06-15,2,Needs Improvement,34,False,E100566
4317,E100576,2022 H2,2022-12-15,5,Outstanding,89,False,E100566
4318,E100576,2023 H1,2023-06-15,3,Meets Expectations,40,False,E100566
4319,E100576,2023 H2,2023-12-15,4,Exceeds Expectations,81,True,E100566
4320,E100576,2024 H1,2024-06-15,3,Meets Expectations,61,False,E100566
4321,E100576,2024 H2,2024-12-15,1,Unsatisfactory,34,False,E100566
4322,E100576,2025 H1,2025-06-15,4,Exceeds Expectations,65,False,E100566
4323,E100576,2025 H2,2025-12-15,3,Meets Expectations,75,False,E100566
4324,E100576,2026 H1,2026-06-15,4,Exceeds Expectations,75,False,E100566
4325,E100577,2021 H1,2021-06-15,3,Meets Expectations,48,False,E100566
4326,E100577,2021 H2,2021-12-15,2,Needs Improvement,43,False,E100566
4327,E100577,2022 H1,2022-06-15,3,Meets Expectations,53,False,E100566
4328,E100577,2022 H2,2022-12-15,4,Exceeds Expectations,79,False,E100566
4329,E100577,2023 H1,2023-06-15,3,Meets Expectations,59,False,E100566
4330,E100577,2023 H2,2023-12-15,4,Exceeds Expectations,64,False,E100566
4331,E100577,2024 H1,2024-06-15,3,Meets Expectations,57,False,E100566
4332,E100577,2024 H2,2024-12-15,4,Exceeds Expectations,76,False,E100566
4333,E100577,2025 H1,2025-06-15,4,Exceeds Expectations,67,True,E100566
4334,E100577,2025 H2,2025-12-15,3,Meets Expectations,59,False,E100566
4335,E100577,2026 H1,2026-06-15,3,Meets Expectations,49,False,E100566
4336,E100578,2021 H1,2021-06-15,2,Needs Improvement,30,False,E100566
4337,E100578,2021 H2,2021-12-15,3,Meets Expectations,44,False,E100566
4338,E100578,2022 H1,2022-06-15,3,Meets Expectations,54,False,E100566
4339,E100579,2021 H1,2021-06-15,4,Exceeds Expectations,77,False,E100580
4340,E100579,2021 H2,2021-12-15,4,Exceeds Expectations,82,False,E100580
4341,E100579,2022 H1,2022-06-15,5,Outstanding,88,False,E100580
4342,E100581,2021 H1,2021-06-15,3,Meets Expectations,61,False,E100580
4343,E100581,2021 H2,2021-12-15,2,Needs Improvement,35,False,E100580
4344,E100581,2022 H1,2022-06-15,3,Meets Expectations,46,False,E100580
4345,E100581,2022 H2,2022-12-15,3,Meets Expectations,61,False,E100580
4346,E100581,2023 H1,2023-06-15,5,Outstanding,97,True,E100580
4347,E100581,2023 H2,2023-12-15,2,Needs Improvement,33,False,E100580
4348,E100581,2024 H1,2024-06-15,3,Meets Expectations,43,False,E100580
4349,E100581,2024 H2,2024-12-15,3,Meets Expectations,46,False,E100580
4350,E100581,2025 H1,2025-06-15,3,Meets Expectations,60,False,E100580
4351,E100581,2025 H2,2025-12-15,4,Exceeds Expectations,88,False,E100580
4352,E100581,2026 H1,2026-06-15,2,Needs Improvement,30,False,E100580
4353,E100582,2021 H1,2021-06-15,3,Meets Expectations,49,False,E100555
4354,E100582,2021 H2,2021-12-15,4,Exceeds Expectations,76,False,E100555
4355,E100582,2022 H1,2022-06-15,4,Exceeds Expectations,56,False,E100555
4356,E100583,2021 H1,2021-06-15,3,Meets Expectations,35,False,E100580
4357,E100583,2021 H2,2021-12-15,4,Exceeds Expectations,63,True,E100580
4358,E100583,2022 H1,2022-06-15,3,Meets Expectations,39,False,E100580
4359,E100583,2022 H2,2022-12-15,3,Meets Expectations,50,False,E100580
4360,E100583,2023 H1,2023-06-15,3,Meets Expectations,54,False,E100580
4361,E100583,2023 H2,2023-12-15,4,Exceeds Expectations,82,False,E100580
4362,E100583,2024 H1,2024-06-15,4,Exceeds Expectations,73,False,E100580
4363,E100583,2024 H2,2024-12-15,3,Meets Expectations,51,False,E100580
4364,E100583,2025 H1,2025-06-15,3,Meets Expectations,57,False,E100580
4365,E100583,2025 H2,2025-12-15,3,Meets Expectations,52,False,E100580
4366,E100583,2026 H1,2026-06-15,4,Exceeds Expectations,81,False,E100580
4367,E100584,2021 H1,2021-06-15,3,Meets Expectations,48,False,E100555
4368,E100584,2021 H2,2021-12-15,4,Exceeds Expectations,71,True,E100555
4369,E100584,2022 H1,2022-06-15,2,Needs Improvement,53,False,E100555
4370,E100584,2022 H2,2022-12-15,3,Meets Expectations,49,False,E100555
4371,E100584,2023 H1,2023-06-15,2,Needs Improvement,46,False,E100555
4372,E100584,2023 H2,2023-12-15,3,Meets Expectations,58,False,E100555
4373,E100584,2024 H1,2024-06-15,4,Exceeds Expectations,65,False,E100555
4374,E100584,2024 H2,2024-12-15,3,Meets Expectations,56,False,E100555
4375,E100584,2025 H1,2025-06-15,2,Needs Improvement,42,False,E100555
4376,E100584,2025 H2,2025-12-15,3,Meets Expectations,46,False,E100555
4377,E100584,2026 H1,2026-06-15,3,Meets Expectations,51,False,E100555
4378,E100585,2021 H1,2021-06-15,3,Meets Expectations,67,False,E100566
4379,E100585,2021 H2,2021-12-15,2,Needs Improvement,30,False,E100566
4380,E100585,2022 H1,2022-06-15,3,Meets Expectations,65,False,E100566
4381,E100585,2022 H2,2022-12-15,3,Meets Expectations,44,False,E100566
4382,E100585,2023 H1,2023-06-15,3,Meets Expectations,60,False,E100566
4383,E100585,2023 H2,2023-12-15,4,Exceeds Expectations,58,False,E100566
4384,E100585,2024 H1,2024-06-15,4,Exceeds Expectations,67,False,E100566
4385,E100585,2024 H2,2024-12-15,2,Needs Improvement,45,False,E100566
4386,E100585,2025 H1,2025-06-15,2,Needs Improvement,30,False,E100566
4387,E100585,2025 H2,2025-12-15,4,Exceeds Expectations,57,False,E100566
4388,E100585,2026 H1,2026-06-15,3,Meets Expectations,44,False,E100566
4389,E100586,2021 H1,2021-06-15,3,Meets Expectations,46,False,E100555
4390,E100586,2021 H2,2021-12-15,2,Needs Improvement,40,False,E100555
4391,E100586,2022 H1,2022-06-15,4,Exceeds Expectations,63,False,E100555
4392,E100586,2022 H2,2022-12-15,4,Exceeds Expectations,97,False,E100555
4393,E100586,2023 H1,2023-06-15,3,Meets Expectations,53,False,E100555
4394,E100586,2023 H2,2023-12-15,3,Meets Expectations,54,False,E100555
4395,E100586,2024 H1,2024-06-15,3,Meets Expectations,35,False,E100555
4396,E100586,2024 H2,2024-12-15,4,Exceeds Expectations,65,True,E100555
4397,E100586,2025 H1,2025-06-15,2,Needs Improvement,30,False,E100555
4398,E100586,2025 H2,2025-12-15,2,Needs Improvement,52,False,E100555
4399,E100586,2026 H1,2026-06-15,3,Meets Expectations,48,False,E100555
4400,E100587,2021 H1,2021-06-15,4,Exceeds Expectations,80,True,E100555
4401,E100587,2021 H2,2021-12-15,3,Meets Expectations,43,False,E100555
4402,E100587,2022 H1,2022-06-15,5,Outstanding,94,True,E100555
4403,E100587,2022 H2,2022-12-15,3,Meets Expectations,68,False,E100555
4404,E100587,2023 H1,2023-06-15,3,Meets Expectations,46,False,E100555
4405,E100587,2023 H2,2023-12-15,2,Needs Improvement,30,False,E100555
4406,E100587,2024 H1,2024-06-15,4,Exceeds Expectations,39,False,E100555
4407,E100587,2024 H2,2024-12-15,2,Needs Improvement,35,False,E100555
4408,E100587,2025 H1,2025-06-15,4,Exceeds Expectations,77,True,E100555
4409,E100587,2025 H2,2025-12-15,5,Outstanding,88,False,E100555
4410,E100587,2026 H1,2026-06-15,5,Outstanding,73,False,E100555
4411,E100588,2021 H1,2021-06-15,3,Meets Expectations,62,False,E100566
4412,E100588,2021 H2,2021-12-15,4,Exceeds Expectations,63,False,E100566
4413,E100588,2022 H1,2022-06-15,4,Exceeds Expectations,65,False,E100566
4414,E100588,2022 H2,2022-12-15,3,Meets Expectations,72,False,E100566
4415,E100588,2023 H1,2023-06-15,4,Exceeds Expectations,78,False,E100566
4416,E100588,2023 H2,2023-12-15,4,Exceeds Expectations,60,True,E100566
4417,E100588,2024 H1,2024-06-15,3,Meets Expectations,60,False,E100566
4418,E100588,2024 H2,2024-12-15,4,Exceeds Expectations,81,False,E100566
4419,E100588,2025 H1,2025-06-15,3,Meets Expectations,45,False,E100566
4420,E100588,2025 H2,2025-12-15,4,Exceeds Expectations,57,False,E100566
4421,E100588,2026 H1,2026-06-15,3,Meets Expectations,65,False,E100566
4422,E100589,2021 H1,2021-06-15,3,Meets Expectations,61,False,E100566
4423,E100589,2021 H2,2021-12-15,2,Needs Improvement,33,False,E100566
4424,E100589,2022 H1,2022-06-15,2,Needs Improvement,30,False,E100566
4425,E100590,2021 H1,2021-06-15,3,Meets Expectations,52,False,E100613
4426,E100590,2021 H2,2021-12-15,3,Meets Expectations,55,False,E100613
4427,E100590,2022 H1,2022-06-15,4,Exceeds Expectations,75,False,E100613
4428,E100590,2022 H2,2022-12-15,3,Meets Expectations,57,False,E100613
4429,E100590,2023 H1,2023-06-15,2,Needs Improvement,30,False,E100613
4430,E100590,2023 H2,2023-12-15,2,Needs Improvement,36,False,E100613
4431,E100590,2024 H1,2024-06-15,4,Exceeds Expectations,88,False,E100613
4432,E100590,2024 H2,2024-12-15,4,Exceeds Expectations,55,False,E100613
4433,E100590,2025 H1,2025-06-15,4,Exceeds Expectations,79,False,E100613
4434,E100590,2025 H2,2025-12-15,3,Meets Expectations,50,False,E100613
4435,E100590,2026 H1,2026-06-15,4,Exceeds Expectations,70,False,E100613
4436,E100592,2021 H1,2021-06-15,3,Meets Expectations,50,False,E100621
4437,E100592,2021 H2,2021-12-15,4,Exceeds Expectations,56,True,E100621
4438,E100592,2022 H1,2022-06-15,3,Meets Expectations,49,False,E100621
4439,E100592,2022 H2,2022-12-15,3,Meets Expectations,42,False,E100621
4440,E100592,2023 H1,2023-06-15,5,Outstanding,86,True,E100621
4441,E100592,2023 H2,2023-12-15,3,Meets Expectations,61,False,E100621
4442,E100592,2024 H1,2024-06-15,3,Meets Expectations,36,False,E100621
4443,E100592,2024 H2,2024-12-15,2,Needs Improvement,34,False,E100621
4444,E100592,2025 H1,2025-06-15,4,Exceeds Expectations,71,False,E100621
4445,E100592,2025 H2,2025-12-15,2,Needs Improvement,45,False,E100621
4446,E100592,2026 H1,2026-06-15,3,Meets Expectations,75,False,E100621
4447,E100593,2021 H1,2021-06-15,3,Meets Expectations,58,False,E100608
4448,E100594,2021 H1,2021-06-15,4,Exceeds Expectations,74,True,E100614
4449,E100594,2021 H2,2021-12-15,3,Meets Expectations,61,False,E100614
4450,E100594,2022 H1,2022-06-15,3,Meets Expectations,55,False,E100614
4451,E100594,2022 H2,2022-12-15,3,Meets Expectations,54,False,E100614
4452,E100594,2023 H1,2023-06-15,4,Exceeds Expectations,59,False,E100614
4453,E100594,2023 H2,2023-12-15,3,Meets Expectations,48,False,E100614
4454,E100594,2024 H1,2024-06-15,4,Exceeds Expectations,70,False,E100614
4455,E100595,2021 H1,2021-06-15,3,Meets Expectations,34,False,E100628
4456,E100595,2021 H2,2021-12-15,4,Exceeds Expectations,71,True,E100628
4457,E100595,2022 H1,2022-06-15,3,Meets Expectations,53,False,E100628
4458,E100595,2022 H2,2022-12-15,4,Exceeds Expectations,76,False,E100628
4459,E100595,2023 H1,2023-06-15,2,Needs Improvement,41,False,E100628
4460,E100595,2023 H2,2023-12-15,2,Needs Improvement,43,False,E100628
4461,E100595,2024 H1,2024-06-15,3,Meets Expectations,61,False,E100628
4462,E100595,2024 H2,2024-12-15,4,Exceeds Expectations,65,False,E100628
4463,E100595,2025 H1,2025-06-15,3,Meets Expectations,56,False,E100628
4464,E100595,2025 H2,2025-12-15,3,Meets Expectations,46,False,E100628
4465,E100595,2026 H1,2026-06-15,4,Exceeds Expectations,84,True,E100628
4466,E100596,2021 H1,2021-06-15,2,Needs Improvement,41,False,E100628
4467,E100596,2021 H2,2021-12-15,3,Meets Expectations,60,False,E100628
4468,E100596,2022 H1,2022-06-15,4,Exceeds Expectations,75,True,E100628
4469,E100596,2022 H2,2022-12-15,2,Needs Improvement,54,False,E100628
4470,E100596,2023 H1,2023-06-15,3,Meets Expectations,51,False,E100628
4471,E100597,2021 H1,2021-06-15,4,Exceeds Expectations,53,False,E100609
4472,E100597,2021 H2,2021-12-15,4,Exceeds Expectations,81,False,E100609
4473,E100598,2021 H1,2021-06-15,2,Needs Improvement,40,False,E100621
4474,E100598,2021 H2,2021-12-15,3,Meets Expectations,57,False,E100621
4475,E100598,2022 H1,2022-06-15,2,Needs Improvement,48,False,E100621
4476,E100598,2022 H2,2022-12-15,4,Exceeds Expectations,61,False,E100621
4477,E100598,2023 H1,2023-06-15,3,Meets Expectations,64,False,E100621
4478,E100598,2023 H2,2023-12-15,4,Exceeds Expectations,65,False,E100621
4479,E100598,2024 H1,2024-06-15,4,Exceeds Expectations,68,False,E100621
4480,E100598,2024 H2,2024-12-15,2,Needs Improvement,33,False,E100621
4481,E100598,2025 H1,2025-06-15,4,Exceeds Expectations,65,False,E100621
4482,E100598,2025 H2,2025-12-15,4,Exceeds Expectations,81,False,E100621
4483,E100598,2026 H1,2026-06-15,4,Exceeds Expectations,76,False,E100621
4484,E100599,2021 H1,2021-06-15,2,Needs Improvement,33,False,E100613
4485,E100599,2021 H2,2021-12-15,4,Exceeds Expectations,71,True,E100613
4486,E100599,2022 H1,2022-06-15,4,Exceeds Expectations,71,True,E100613
4487,E100599,2022 H2,2022-12-15,4,Exceeds Expectations,80,True,E100613
4488,E100599,2023 H1,2023-06-15,3,Meets Expectations,42,False,E100613
4489,E100599,2023 H2,2023-12-15,4,Exceeds Expectations,84,False,E100613
4490,E100599,2024 H1,2024-06-15,3,Meets Expectations,58,False,E100613
4491,E100599,2024 H2,2024-12-15,4,Exceeds Expectations,57,True,E100613
4492,E100599,2025 H1,2025-06-15,5,Outstanding,86,False,E100613
4493,E100599,2025 H2,2025-12-15,5,Outstanding,97,False,E100613
4494,E100599,2026 H1,2026-06-15,4,Exceeds Expectations,88,False,E100613
4495,E100600,2021 H1,2021-06-15,4,Exceeds Expectations,84,False,E100592
4496,E100600,2021 H2,2021-12-15,4,Exceeds Expectations,67,True,E100592
4497,E100600,2022 H1,2022-06-15,2,Needs Improvement,49,False,E100592
4498,E100600,2022 H2,2022-12-15,4,Exceeds Expectations,78,False,E100592
4499,E100601,2021 H1,2021-06-15,4,Exceeds Expectations,77,True,E100628
4500,E100601,2021 H2,2021-12-15,4,Exceeds Expectations,71,True,E100628
4501,E100601,2022 H1,2022-06-15,5,Outstanding,102,False,E100628
4502,E100601,2022 H2,2022-12-15,3,Meets Expectations,49,False,E100628
4503,E100601,2023 H1,2023-06-15,2,Needs Improvement,54,False,E100628
4504,E100601,2023 H2,2023-12-15,3,Meets Expectations,59,False,E100628
4505,E100601,2024 H1,2024-06-15,3,Meets Expectations,58,False,E100628
4506,E100601,2024 H2,2024-12-15,4,Exceeds Expectations,84,False,E100628
4507,E100602,2021 H1,2021-06-15,4,Exceeds Expectations,57,True,E100636
4508,E100602,2021 H2,2021-12-15,4,Exceeds Expectations,90,False,E100636
4509,E100602,2022 H1,2022-06-15,3,Meets Expectations,66,False,E100636
4510,E100602,2022 H2,2022-12-15,3,Meets Expectations,59,False,E100636
4511,E100602,2023 H1,2023-06-15,3,Meets Expectations,35,False,E100636
4512,E100602,2023 H2,2023-12-15,3,Meets Expectations,64,False,E100636
4513,E100602,2024 H1,2024-06-15,4,Exceeds Expectations,71,False,E100636
4514,E100603,2021 H1,2021-06-15,4,Exceeds Expectations,57,False,E100623
4515,E100604,2021 H1,2021-06-15,3,Meets Expectations,45,False,E100621
4516,E100604,2021 H2,2021-12-15,2,Needs Improvement,44,False,E100621
4517,E100604,2022 H1,2022-06-15,4,Exceeds Expectations,69,True,E100621
4518,E100604,2022 H2,2022-12-15,3,Meets Expectations,39,False,E100621
4519,E100604,2023 H1,2023-06-15,3,Meets Expectations,60,False,E100621
4520,E100605,2021 H1,2021-06-15,3,Meets Expectations,65,False,E100621
4521,E100605,2021 H2,2021-12-15,2,Needs Improvement,30,False,E100621
4522,E100605,2022 H1,2022-06-15,3,Meets Expectations,60,False,E100621
4523,E100605,2022 H2,2022-12-15,4,Exceeds Expectations,58,False,E100621
4524,E100605,2023 H1,2023-06-15,3,Meets Expectations,57,False,E100621
4525,E100605,2023 H2,2023-12-15,4,Exceeds Expectations,53,True,E100621
4526,E100605,2024 H1,2024-06-15,3,Meets Expectations,57,False,E100621
4527,E100605,2024 H2,2024-12-15,2,Needs Improvement,38,False,E100621
4528,E100605,2025 H1,2025-06-15,3,Meets Expectations,61,False,E100621
4529,E100605,2025 H2,2025-12-15,4,Exceeds Expectations,62,False,E100621
4530,E100606,2021 H1,2021-06-15,3,Meets Expectations,65,False,E100613
4531,E100606,2021 H2,2021-12-15,4,Exceeds Expectations,76,False,E100613
4532,E100606,2022 H1,2022-06-15,2,Needs Improvement,40,False,E100613
4533,E100606,2022 H2,2022-12-15,3,Meets Expectations,63,False,E100613
4534,E100606,2023 H1,2023-06-15,4,Exceeds Expectations,70,True,E100613
4535,E100606,2023 H2,2023-12-15,3,Meets Expectations,61,False,E100613
4536,E100606,2024 H1,2024-06-15,4,Exceeds Expectations,56,False,E100613
4537,E100606,2024 H2,2024-12-15,3,Meets Expectations,62,False,E100613
4538,E100606,2025 H1,2025-06-15,2,Needs Improvement,30,False,E100613
4539,E100606,2025 H2,2025-12-15,4,Exceeds Expectations,62,False,E100613
4540,E100606,2026 H1,2026-06-15,2,Needs Improvement,30,False,E100613
4541,E100607,2021 H1,2021-06-15,3,Meets Expectations,48,False,E100621
4542,E100607,2021 H2,2021-12-15,3,Meets Expectations,58,False,E100621
4543,E100607,2022 H1,2022-06-15,5,Outstanding,78,False,E100621
4544,E100607,2022 H2,2022-12-15,2,Needs Improvement,44,False,E100621
4545,E100607,2023 H1,2023-06-15,5,Outstanding,75,True,E100621
4546,E100607,2023 H2,2023-12-15,4,Exceeds Expectations,77,False,E100621
4547,E100607,2024 H1,2024-06-15,3,Meets Expectations,37,False,E100621
4548,E100607,2024 H2,2024-12-15,5,Outstanding,65,True,E100621
4549,E100607,2025 H1,2025-06-15,1,Unsatisfactory,30,False,E100621
4550,E100607,2025 H2,2025-12-15,3,Meets Expectations,62,False,E100621
4551,E100607,2026 H1,2026-06-15,2,Needs Improvement,38,False,E100621
4552,E100609,2021 H1,2021-06-15,5,Outstanding,83,False,E100621
4553,E100609,2021 H2,2021-12-15,4,Exceeds Expectations,78,False,E100621
4554,E100609,2022 H1,2022-06-15,3,Meets Expectations,71,False,E100621
4555,E100609,2022 H2,2022-12-15,3,Meets Expectations,48,False,E100621
4556,E100609,2023 H1,2023-06-15,3,Meets Expectations,30,False,E100621
4557,E100609,2023 H2,2023-12-15,2,Needs Improvement,35,False,E100621
4558,E100609,2024 H1,2024-06-15,4,Exceeds Expectations,60,False,E100621
4559,E100609,2024 H2,2024-12-15,2,Needs Improvement,30,False,E100621
4560,E100609,2025 H1,2025-06-15,3,Meets Expectations,73,False,E100621
4561,E100609,2025 H2,2025-12-15,4,Exceeds Expectations,78,False,E100621
4562,E100609,2026 H1,2026-06-15,5,Outstanding,109,False,E100621
4563,E100611,2021 H1,2021-06-15,4,Exceeds Expectations,80,True,E100617
4564,E100611,2021 H2,2021-12-15,3,Meets Expectations,50,False,E100617
4565,E100611,2022 H1,2022-06-15,3,Meets Expectations,61,False,E100617
4566,E100611,2022 H2,2022-12-15,4,Exceeds Expectations,84,True,E100617
4567,E100611,2023 H1,2023-06-15,4,Exceeds Expectations,68,False,E100617
4568,E100611,2023 H2,2023-12-15,4,Exceeds Expectations,90,True,E100617
4569,E100611,2024 H1,2024-06-15,3,Meets Expectations,55,False,E100617
4570,E100611,2024 H2,2024-12-15,3,Meets Expectations,55,False,E100617
4571,E100611,2025 H1,2025-06-15,4,Exceeds Expectations,81,True,E100617
4572,E100611,2025 H2,2025-12-15,3,Meets Expectations,56,False,E100617
4573,E100611,2026 H1,2026-06-15,2,Needs Improvement,30,False,E100617
4574,E100612,2021 H1,2021-06-15,4,Exceeds Expectations,57,False,E100621
4575,E100612,2021 H2,2021-12-15,4,Exceeds Expectations,63,False,E100621
4576,E100612,2022 H1,2022-06-15,2,Needs Improvement,40,False,E100621
4577,E100612,2022 H2,2022-12-15,5,Outstanding,94,False,E100621
4578,E100612,2023 H1,2023-06-15,3,Meets Expectations,47,False,E100621
4579,E100612,2023 H2,2023-12-15,3,Meets Expectations,51,False,E100621
4580,E100612,2024 H1,2024-06-15,4,Exceeds Expectations,73,False,E100621
4581,E100612,2024 H2,2024-12-15,3,Meets Expectations,37,False,E100621
4582,E100612,2025 H1,2025-06-15,2,Needs Improvement,30,False,E100621
4583,E100612,2025 H2,2025-12-15,3,Meets Expectations,53,False,E100621
4584,E100612,2026 H1,2026-06-15,5,Outstanding,92,False,E100621
4585,E100613,2021 H1,2021-06-15,3,Meets Expectations,62,False,E100621
4586,E100613,2021 H2,2021-12-15,4,Exceeds Expectations,73,False,E100621
4587,E100613,2022 H1,2022-06-15,3,Meets Expectations,68,False,E100621
4588,E100614,2021 H1,2021-06-15,4,Exceeds Expectations,59,True,E100621
4589,E100614,2021 H2,2021-12-15,3,Meets Expectations,57,False,E100621
4590,E100614,2022 H1,2022-06-15,3,Meets Expectations,59,False,E100621
4591,E100615,2021 H1,2021-06-15,2,Needs Improvement,44,False,E100621
4592,E100615,2021 H2,2021-12-15,3,Meets Expectations,48,False,E100621
4593,E100615,2022 H1,2022-06-15,4,Exceeds Expectations,71,False,E100621
4594,E100615,2022 H2,2022-12-15,3,Meets Expectations,52,False,E100621
4595,E100615,2023 H1,2023-06-15,3,Meets Expectations,48,False,E100621
4596,E100615,2023 H2,2023-12-15,4,Exceeds Expectations,71,True,E100621
4597,E100615,2024 H1,2024-06-15,4,Exceeds Expectations,55,False,E100621
4598,E100615,2024 H2,2024-12-15,3,Meets Expectations,67,False,E100621
4599,E100615,2025 H1,2025-06-15,3,Meets Expectations,51,False,E100621
4600,E100615,2025 H2,2025-12-15,5,Outstanding,66,False,E100621
4601,E100615,2026 H1,2026-06-15,5,Outstanding,95,True,E100621
4602,E100616,2021 H1,2021-06-15,3,Meets Expectations,63,False,E100636
4603,E100616,2021 H2,2021-12-15,3,Meets Expectations,43,False,E100636
4604,E100616,2022 H1,2022-06-15,3,Meets Expectations,50,False,E100636
4605,E100616,2022 H2,2022-12-15,3,Meets Expectations,56,False,E100636
4606,E100616,2023 H1,2023-06-15,3,Meets Expectations,56,False,E100636
4607,E100616,2023 H2,2023-12-15,5,Outstanding,87,True,E100636
4608,E100616,2024 H1,2024-06-15,5,Outstanding,102,False,E100636
4609,E100616,2024 H2,2024-12-15,2,Needs Improvement,30,False,E100636
4610,E100616,2025 H1,2025-06-15,2,Needs Improvement,51,False,E100636
4611,E100616,2025 H2,2025-12-15,3,Meets Expectations,49,False,E100636
4612,E100616,2026 H1,2026-06-15,2,Needs Improvement,46,False,E100636
4613,E100617,2021 H1,2021-06-15,3,Meets Expectations,32,False,E100621
4614,E100617,2021 H2,2021-12-15,5,Outstanding,89,True,E100621
4615,E100617,2022 H1,2022-06-15,4,Exceeds Expectations,71,False,E100621
4616,E100617,2022 H2,2022-12-15,3,Meets Expectations,53,False,E100621
4617,E100617,2023 H1,2023-06-15,4,Exceeds Expectations,64,True,E100621
4618,E100617,2023 H2,2023-12-15,2,Needs Improvement,30,False,E100621
4619,E100617,2024 H1,2024-06-15,3,Meets Expectations,57,False,E100621
4620,E100617,2024 H2,2024-12-15,3,Meets Expectations,44,False,E100621
4621,E100618,2021 H1,2021-06-15,3,Meets Expectations,54,False,E100636
4622,E100618,2021 H2,2021-12-15,4,Exceeds Expectations,71,False,E100636
4623,E100618,2022 H1,2022-06-15,3,Meets Expectations,67,False,E100636
4624,E100618,2022 H2,2022-12-15,3,Meets Expectations,44,False,E100636
4625,E100618,2023 H1,2023-06-15,3,Meets Expectations,65,False,E100636
4626,E100618,2023 H2,2023-12-15,4,Exceeds Expectations,71,False,E100636
4627,E100618,2024 H1,2024-06-15,2,Needs Improvement,30,False,E100636
4628,E100618,2024 H2,2024-12-15,3,Meets Expectations,49,False,E100636
4629,E100618,2025 H1,2025-06-15,3,Meets Expectations,67,False,E100636
4630,E100618,2025 H2,2025-12-15,5,Outstanding,82,False,E100636
4631,E100618,2026 H1,2026-06-15,4,Exceeds Expectations,81,True,E100636
4632,E100619,2021 H1,2021-06-15,3,Meets Expectations,46,False,E100621
4633,E100619,2021 H2,2021-12-15,3,Meets Expectations,59,False,E100621
4634,E100619,2022 H1,2022-06-15,4,Exceeds Expectations,82,False,E100621
4635,E100619,2022 H2,2022-12-15,5,Outstanding,95,False,E100621
4636,E100619,2023 H1,2023-06-15,3,Meets Expectations,44,False,E100621
4637,E100619,2023 H2,2023-12-15,4,Exceeds Expectations,42,False,E100621
4638,E100619,2024 H1,2024-06-15,3,Meets Expectations,33,False,E100621
4639,E100619,2024 H2,2024-12-15,3,Meets Expectations,62,False,E100621
4640,E100619,2025 H1,2025-06-15,5,Outstanding,66,False,E100621
4641,E100619,2025 H2,2025-12-15,5,Outstanding,87,False,E100621
4642,E100619,2026 H1,2026-06-15,3,Meets Expectations,62,False,E100621
4643,E100620,2021 H1,2021-06-15,3,Meets Expectations,46,False,E100628
4644,E100620,2021 H2,2021-12-15,3,Meets Expectations,45,False,E100628
4645,E100620,2022 H1,2022-06-15,4,Exceeds Expectations,84,False,E100628
4646,E100621,2021 H1,2021-06-15,4,Exceeds Expectations,72,False,E000001
4647,E100621,2021 H2,2021-12-15,3,Meets Expectations,57,False,E000001
4648,E100621,2022 H1,2022-06-15,5,Outstanding,80,False,E000001
4649,E100621,2022 H2,2022-12-15,4,Exceeds Expectations,76,False,E000001
4650,E100621,2023 H1,2023-06-15,3,Meets Expectations,56,False,E000001
4651,E100621,2023 H2,2023-12-15,3,Meets Expectations,45,False,E000001
4652,E100621,2024 H1,2024-06-15,3,Meets Expectations,46,False,E000001
4653,E100621,2024 H2,2024-12-15,2,Needs Improvement,55,False,E000001
4654,E100621,2025 H1,2025-06-15,3,Meets Expectations,69,False,E000001
4655,E100621,2025 H2,2025-12-15,4,Exceeds Expectations,54,True,E000001
4656,E100621,2026 H1,2026-06-15,3,Meets Expectations,57,False,E000001
4657,E100622,2021 H1,2021-06-15,3,Meets Expectations,55,False,E100621
4658,E100622,2021 H2,2021-12-15,2,Needs Improvement,36,False,E100621
4659,E100622,2022 H1,2022-06-15,3,Meets Expectations,73,False,E100621
4660,E100622,2022 H2,2022-12-15,3,Meets Expectations,61,False,E100621
4661,E100622,2023 H1,2023-06-15,5,Outstanding,100,False,E100621
4662,E100622,2023 H2,2023-12-15,4,Exceeds Expectations,71,True,E100621
4663,E100623,2021 H1,2021-06-15,4,Exceeds Expectations,66,False,E100621
4664,E100623,2021 H2,2021-12-15,4,Exceeds Expectations,61,False,E100621
4665,E100623,2022 H1,2022-06-15,3,Meets Expectations,74,False,E100621
4666,E100623,2022 H2,2022-12-15,4,Exceeds Expectations,56,True,E100621
4667,E100623,2023 H1,2023-06-15,4,Exceeds Expectations,62,False,E100621
4668,E100623,2023 H2,2023-12-15,4,Exceeds Expectations,75,True,E100621
4669,E100623,2024 H1,2024-06-15,4,Exceeds Expectations,65,True,E100621
4670,E100623,2024 H2,2024-12-15,5,Outstanding,83,False,E100621
4671,E100623,2025 H1,2025-06-15,4,Exceeds Expectations,69,True,E100621
4672,E100623,2025 H2,2025-12-15,2,Needs Improvement,32,False,E100621
4673,E100623,2026 H1,2026-06-15,2,Needs Improvement,41,False,E100621
4674,E100624,2021 H1,2021-06-15,3,Meets Expectations,50,False,E100621
4675,E100624,2021 H2,2021-12-15,4,Exceeds Expectations,65,False,E100621
4676,E100624,2022 H1,2022-06-15,1,Unsatisfactory,30,False,E100621
4677,E100624,2022 H2,2022-12-15,3,Meets Expectations,50,False,E100621
4678,E100624,2023 H1,2023-06-15,4,Exceeds Expectations,62,True,E100621
4679,E100624,2023 H2,2023-12-15,4,Exceeds Expectations,72,False,E100621
4680,E100624,2024 H1,2024-06-15,3,Meets Expectations,51,False,E100621
4681,E100624,2024 H2,2024-12-15,4,Exceeds Expectations,78,False,E100621
4682,E100624,2025 H1,2025-06-15,2,Needs Improvement,43,False,E100621
4683,E100624,2025 H2,2025-12-15,3,Meets Expectations,36,False,E100621
4684,E100624,2026 H1,2026-06-15,3,Meets Expectations,43,False,E100621
4685,E100625,2021 H1,2021-06-15,4,Exceeds Expectations,57,False,E100621
4686,E100625,2021 H2,2021-12-15,4,Exceeds Expectations,74,False,E100621
4687,E100625,2022 H1,2022-06-15,4,Exceeds Expectations,78,False,E100621
4688,E100626,2021 H1,2021-06-15,3,Meets Expectations,42,False,E100619
4689,E100626,2021 H2,2021-12-15,2,Needs Improvement,37,False,E100619
4690,E100626,2022 H1,2022-06-15,3,Meets Expectations,65,False,E100619
4691,E100626,2022 H2,2022-12-15,4,Exceeds Expectations,85,False,E100619
4692,E100626,2023 H1,2023-06-15,2,Needs Improvement,30,False,E100619
4693,E100626,2023 H2,2023-12-15,4,Exceeds Expectations,85,False,E100619
4694,E100626,2024 H1,2024-06-15,5,Outstanding,94,False,E100619
4695,E100626,2024 H2,2024-12-15,3,Meets Expectations,62,False,E100619
4696,E100626,2025 H1,2025-06-15,3,Meets Expectations,46,False,E100619
4697,E100626,2025 H2,2025-12-15,4,Exceeds Expectations,79,False,E100619
4698,E100626,2026 H1,2026-06-15,3,Meets Expectations,45,False,E100619
4699,E100627,2021 H1,2021-06-15,4,Exceeds Expectations,58,False,E100617
4700,E100628,2021 H1,2021-06-15,4,Exceeds Expectations,75,False,E100621
4701,E100628,2021 H2,2021-12-15,3,Meets Expectations,68,False,E100621
4702,E100628,2022 H1,2022-06-15,3,Meets Expectations,49,False,E100621
4703,E100628,2022 H2,2022-12-15,1,Unsatisfactory,49,False,E100621
4704,E100628,2023 H1,2023-06-15,3,Meets Expectations,38,False,E100621
4705,E100628,2023 H2,2023-12-15,3,Meets Expectations,65,False,E100621
4706,E100629,2021 H1,2021-06-15,2,Needs Improvement,39,False,E100628
4707,E100629,2021 H2,2021-12-15,4,Exceeds Expectations,68,False,E100628
4708,E100629,2022 H1,2022-06-15,3,Meets Expectations,56,False,E100628
4709,E100629,2022 H2,2022-12-15,4,Exceeds Expectations,55,False,E100628
4710,E100629,2023 H1,2023-06-15,1,Unsatisfactory,30,False,E100628
4711,E100629,2023 H2,2023-12-15,4,Exceeds Expectations,75,False,E100628
4712,E100629,2024 H1,2024-06-15,3,Meets Expectations,65,False,E100628
4713,E100629,2024 H2,2024-12-15,4,Exceeds Expectations,72,True,E100628
4714,E100629,2025 H1,2025-06-15,3,Meets Expectations,57,False,E100628
4715,E100629,2025 H2,2025-12-15,4,Exceeds Expectations,66,False,E100628
4716,E100629,2026 H1,2026-06-15,2,Needs Improvement,38,False,E100628
4717,E100630,2021 H1,2021-06-15,3,Meets Expectations,61,False,E100621
4718,E100630,2021 H2,2021-12-15,5,Outstanding,77,True,E100621
4719,E100630,2022 H1,2022-06-15,4,Exceeds Expectations,57,False,E100621
4720,E100630,2022 H2,2022-12-15,5,Outstanding,80,True,E100621
4721,E100631,2021 H1,2021-06-15,3,Meets Expectations,48,False,E100617
4722,E100631,2021 H2,2021-12-15,4,Exceeds Expectations,74,False,E100617
4723,E100631,2022 H1,2022-06-15,4,Exceeds Expectations,84,False,E100617
4724,E100631,2022 H2,2022-12-15,3,Meets Expectations,47,False,E100617
4725,E100631,2023 H1,2023-06-15,3,Meets Expectations,55,False,E100617
4726,E100631,2023 H2,2023-12-15,3,Meets Expectations,40,False,E100617
4727,E100631,2024 H1,2024-06-15,4,Exceeds Expectations,67,False,E100617
4728,E100632,2021 H1,2021-06-15,5,Outstanding,88,True,E100609
4729,E100633,2021 H1,2021-06-15,2,Needs Improvement,38,False,E100621
4730,E100633,2021 H2,2021-12-15,4,Exceeds Expectations,76,False,E100621
4731,E100633,2022 H1,2022-06-15,5,Outstanding,82,False,E100621
4732,E100633,2022 H2,2022-12-15,4,Exceeds Expectations,84,False,E100621
4733,E100633,2023 H1,2023-06-15,4,Exceeds Expectations,82,False,E100621
4734,E100633,2023 H2,2023-12-15,3,Meets Expectations,65,False,E100621
4735,E100633,2024 H1,2024-06-15,4,Exceeds Expectations,68,False,E100621
4736,E100634,2021 H1,2021-06-15,3,Meets Expectations,59,False,E100619
4737,E100634,2021 H2,2021-12-15,3,Meets Expectations,56,False,E100619
4738,E100634,2022 H1,2022-06-15,3,Meets Expectations,45,False,E100619
4739,E100634,2022 H2,2022-12-15,3,Meets Expectations,48,False,E100619
4740,E100634,2023 H1,2023-06-15,4,Exceeds Expectations,74,True,E100619
4741,E100634,2023 H2,2023-12-15,3,Meets Expectations,52,False,E100619
4742,E100634,2024 H1,2024-06-15,2,Needs Improvement,43,False,E100619
4743,E100634,2024 H2,2024-12-15,3,Meets Expectations,64,False,E100619
4744,E100634,2025 H1,2025-06-15,2,Needs Improvement,43,False,E100619
4745,E100634,2025 H2,2025-12-15,3,Meets Expectations,67,False,E100619
4746,E100634,2026 H1,2026-06-15,5,Outstanding,113,False,E100619
4747,E100635,2021 H1,2021-06-15,4,Exceeds Expectations,64,False,E100609
4748,E100635,2021 H2,2021-12-15,4,Exceeds Expectations,74,False,E100609
4749,E100635,2022 H1,2022-06-15,3,Meets Expectations,63,False,E100609
4750,E100635,2022 H2,2022-12-15,3,Meets Expectations,79,False,E100609
4751,E100635,2023 H1,2023-06-15,4,Exceeds Expectations,69,False,E100609
4752,E100635,2023 H2,2023-12-15,2,Needs Improvement,30,False,E100609
4753,E100635,2024 H1,2024-06-15,3,Meets Expectations,61,False,E100609
4754,E100635,2024 H2,2024-12-15,4,Exceeds Expectations,81,True,E100609
4755,E100635,2025 H1,2025-06-15,2,Needs Improvement,30,False,E100609
4756,E100635,2025 H2,2025-12-15,3,Meets Expectations,62,False,E100609
4757,E100635,2026 H1,2026-06-15,3,Meets Expectations,66,False,E100609
4758,E100636,2021 H1,2021-06-15,3,Meets Expectations,50,False,E100621
4759,E100636,2021 H2,2021-12-15,3,Meets Expectations,40,False,E100621
4760,E100636,2022 H1,2022-06-15,3,Meets Expectations,59,False,E100621
4761,E100636,2022 H2,2022-12-15,3,Meets Expectations,39,False,E100621
4762,E100636,2023 H1,2023-06-15,1,Unsatisfactory,30,False,E100621
4763,E100636,2023 H2,2023-12-15,2,Needs Improvement,45,False,E100621
4764,E100636,2024 H1,2024-06-15,2,Needs Improvement,31,False,E100621
4765,E100636,2024 H2,2024-12-15,2,Needs Improvement,39,False,E100621
4766,E100636,2025 H1,2025-06-15,4,Exceeds Expectations,77,False,E100621
4767,E100636,2025 H2,2025-12-15,3,Meets Expectations,56,False,E100621
4768,E100636,2026 H1,2026-06-15,4,Exceeds Expectations,68,False,E100621
4769,E100637,2021 H1,2021-06-15,3,Meets Expectations,64,False,E100621
4770,E100637,2021 H2,2021-12-15,3,Meets Expectations,54,False,E100621
4771,E100637,2022 H1,2022-06-15,5,Outstanding,86,False,E100621
4772,E100637,2022 H2,2022-12-15,4,Exceeds Expectations,78,False,E100621
4773,E100637,2023 H1,2023-06-15,4,Exceeds Expectations,73,False,E100621
4774,E100637,2023 H2,2023-12-15,2,Needs Improvement,54,False,E100621
4775,E100637,2024 H1,2024-06-15,3,Meets Expectations,60,False,E100621
4776,E100637,2024 H2,2024-12-15,4,Exceeds Expectations,75,False,E100621
4777,E100637,2025 H1,2025-06-15,5,Outstanding,99,False,E100621
4778,E100637,2025 H2,2025-12-15,2,Needs Improvement,35,False,E100621
4779,E100637,2026 H1,2026-06-15,1,Unsatisfactory,30,False,E100621
4780,E100639,2021 H1,2021-06-15,3,Meets Expectations,44,False,E100598
4781,E100639,2021 H2,2021-12-15,4,Exceeds Expectations,78,True,E100598
4782,E100639,2022 H1,2022-06-15,2,Needs Improvement,57,False,E100598
4783,E100639,2022 H2,2022-12-15,4,Exceeds Expectations,71,False,E100598
4784,E100639,2023 H1,2023-06-15,3,Meets Expectations,36,False,E100598
4785,E100639,2023 H2,2023-12-15,3,Meets Expectations,43,False,E100598
4786,E100639,2024 H1,2024-06-15,3,Meets Expectations,60,False,E100598
4787,E100639,2024 H2,2024-12-15,3,Meets Expectations,57,False,E100598
4788,E100639,2025 H1,2025-06-15,4,Exceeds Expectations,74,False,E100598
4789,E100639,2025 H2,2025-12-15,5,Outstanding,92,False,E100598
4790,E100639,2026 H1,2026-06-15,5,Outstanding,108,False,E100598
4791,E100640,2021 H1,2021-06-15,3,Meets Expectations,84,False,E100621
4792,E100640,2021 H2,2021-12-15,5,Outstanding,79,False,E100621
4793,E100640,2022 H1,2022-06-15,5,Outstanding,83,True,E100621
4794,E100640,2022 H2,2022-12-15,4,Exceeds Expectations,83,True,E100621
4795,E100640,2023 H1,2023-06-15,4,Exceeds Expectations,65,True,E100621
4796,E100640,2023 H2,2023-12-15,3,Meets Expectations,43,False,E100621
4797,E100640,2024 H1,2024-06-15,5,Outstanding,99,False,E100621
4798,E100640,2024 H2,2024-12-15,5,Outstanding,72,False,E100621
4799,E100640,2025 H1,2025-06-15,4,Exceeds Expectations,65,False,E100621
4800,E100640,2025 H2,2025-12-15,2,Needs Improvement,30,False,E100621
4801,E100641,2021 H1,2021-06-15,3,Meets Expectations,51,False,E100124
4802,E100641,2021 H2,2021-12-15,4,Exceeds Expectations,73,False,E100124
4803,E100641,2022 H1,2022-06-15,4,Exceeds Expectations,70,False,E100124
4804,E100641,2022 H2,2022-12-15,3,Meets Expectations,63,False,E100124
4805,E100641,2023 H1,2023-06-15,4,Exceeds Expectations,71,True,E100124
4806,E100641,2023 H2,2023-12-15,3,Meets Expectations,49,False,E100124
4807,E100641,2024 H1,2024-06-15,4,Exceeds Expectations,78,False,E100124
4808,E100641,2024 H2,2024-12-15,3,Meets Expectations,70,False,E100124
4809,E100641,2025 H1,2025-06-15,3,Meets Expectations,49,False,E100124
4810,E100641,2025 H2,2025-12-15,4,Exceeds Expectations,78,False,E100124
4811,E100641,2026 H1,2026-06-15,4,Exceeds Expectations,78,False,E100124
4812,E100642,2021 H1,2021-06-15,4,Exceeds Expectations,61,True,E100159
4813,E100643,2021 H1,2021-06-15,3,Meets Expectations,69,False,E100307
4814,E100643,2021 H2,2021-12-15,3,Meets Expectations,43,False,E100307
4815,E100643,2022 H1,2022-06-15,4,Exceeds Expectations,67,False,E100307
4816,E100644,2021 H1,2021-06-15,4,Exceeds Expectations,70,False,E100325
4817,E100644,2021 H2,2021-12-15,3,Meets Expectations,44,False,E100325
4818,E100644,2022 H1,2022-06-15,4,Exceeds Expectations,69,False,E100325
4819,E100644,2022 H2,2022-12-15,4,Exceeds Expectations,63,False,E100325
4820,E100645,2021 H1,2021-06-15,4,Exceeds Expectations,71,True,E100398
4821,E100645,2021 H2,2021-12-15,3,Meets Expectations,58,False,E100398
4822,E100645,2022 H1,2022-06-15,2,Needs Improvement,30,False,E100398
4823,E100645,2022 H2,2022-12-15,3,Meets Expectations,55,False,E100398
4824,E100645,2023 H1,2023-06-15,4,Exceeds Expectations,65,False,E100398
4825,E100645,2023 H2,2023-12-15,4,Exceeds Expectations,67,False,E100398
4826,E100646,2021 H1,2021-06-15,3,Meets Expectations,59,False,E100535
4827,E100646,2021 H2,2021-12-15,4,Exceeds Expectations,78,True,E100535
4828,E100646,2022 H1,2022-06-15,4,Exceeds Expectations,75,False,E100535
4829,E100646,2022 H2,2022-12-15,4,Exceeds Expectations,81,True,E100535
4830,E100646,2023 H1,2023-06-15,5,Outstanding,100,False,E100535
4831,E100646,2023 H2,2023-12-15,2,Needs Improvement,31,False,E100535
4832,E100646,2024 H1,2024-06-15,5,Outstanding,74,False,E100535
4833,E100646,2024 H2,2024-12-15,3,Meets Expectations,72,False,E100535
4834,E100646,2025 H1,2025-06-15,2,Needs Improvement,30,False,E100535
4835,E100646,2025 H2,2025-12-15,3,Meets Expectations,40,False,E100535
4836,E100646,2026 H1,2026-06-15,4,Exceeds Expectations,77,True,E100535
4837,E100647,2021 H1,2021-06-15,4,Exceeds Expectations,56,False,E100555
4838,E100647,2021 H2,2021-12-15,4,Exceeds Expectations,71,False,E100555
4839,E100647,2022 H1,2022-06-15,2,Needs Improvement,55,False,E100555
4840,E100647,2022 H2,2022-12-15,3,Meets Expectations,58,False,E100555
4841,E100647,2023 H1,2023-06-15,3,Meets Expectations,59,False,E100555
4842,E100647,2023 H2,2023-12-15,3,Meets Expectations,62,False,E100555
4843,E100647,2024 H1,2024-06-15,5,Outstanding,91,True,E100555
4844,E100647,2024 H2,2024-12-15,2,Needs Improvement,30,False,E100555
4845,E100647,2025 H1,2025-06-15,5,Outstanding,95,False,E100555
4846,E100647,2025 H2,2025-12-15,3,Meets Expectations,64,False,E100555
4847,E100647,2026 H1,2026-06-15,3,Meets Expectations,62,False,E100555
4848,E100648,2021 H1,2021-06-15,2,Needs Improvement,31,False,E100302
4849,E100648,2021 H2,2021-12-15,3,Meets Expectations,39,False,E100302
4850,E100648,2022 H1,2022-06-15,3,Meets Expectations,52,False,E100302
4851,E100648,2022 H2,2022-12-15,3,Meets Expectations,58,False,E100302
4852,E100648,2023 H1,2023-06-15,3,Meets Expectations,48,False,E100302
4853,E100648,2023 H2,2023-12-15,4,Exceeds Expectations,79,False,E100302
4854,E100648,2024 H1,2024-06-15,4,Exceeds Expectations,59,False,E100302
4855,E100649,2021 H1,2021-06-15,4,Exceeds Expectations,78,False,E100401
4856,E100650,2021 H1,2021-06-15,4,Exceeds Expectations,67,False,E100449
4857,E100650,2021 H2,2021-12-15,5,Outstanding,101,False,E100449
4858,E100650,2022 H1,2022-06-15,5,Outstanding,76,False,E100449
4859,E100650,2022 H2,2022-12-15,3,Meets Expectations,40,False,E100449
4860,E100651,2021 H1,2021-06-15,3,Meets Expectations,40,False,E100544
4861,E100651,2021 H2,2021-12-15,2,Needs Improvement,42,False,E100544
4862,E100651,2022 H1,2022-06-15,3,Meets Expectations,42,False,E100544
4863,E100651,2022 H2,2022-12-15,5,Outstanding,93,True,E100544
4864,E100651,2023 H1,2023-06-15,2,Needs Improvement,33,False,E100544
4865,E100651,2023 H2,2023-12-15,4,Exceeds Expectations,68,False,E100544
4866,E100652,2021 H1,2021-06-15,3,Meets Expectations,47,False,E100614
4867,E100652,2021 H2,2021-12-15,4,Exceeds Expectations,78,False,E100614
4868,E100652,2022 H1,2022-06-15,2,Needs Improvement,30,False,E100614
4869,E100652,2022 H2,2022-12-15,3,Meets Expectations,66,False,E100614
4870,E100652,2023 H1,2023-06-15,3,Meets Expectations,50,False,E100614
4871,E100652,2023 H2,2023-12-15,4,Exceeds Expectations,59,False,E100614
4872,E100652,2024 H1,2024-06-15,4,Exceeds Expectations,68,False,E100614
4873,E100652,2024 H2,2024-12-15,3,Meets Expectations,45,False,E100614
4874,E100652,2025 H1,2025-06-15,4,Exceeds Expectations,73,False,E100614
4875,E100652,2025 H2,2025-12-15,4,Exceeds Expectations,68,True,E100614
4876,E100652,2026 H1,2026-06-15,4,Exceeds Expectations,83,False,E100614
4877,E100653,2021 H2,2021-12-15,3,Meets Expectations,42,False,E100124
4878,E100653,2022 H1,2022-06-15,4,Exceeds Expectations,56,False,E100124
4879,E100653,2022 H2,2022-12-15,3,Meets Expectations,55,False,E100124
4880,E100653,2023 H1,2023-06-15,3,Meets Expectations,76,False,E100124
4881,E100653,2023 H2,2023-12-15,4,Exceeds Expectations,77,False,E100124
4882,E100653,2024 H1,2024-06-15,4,Exceeds Expectations,71,True,E100124
4883,E100653,2024 H2,2024-12-15,4,Exceeds Expectations,72,False,E100124
4884,E100653,2025 H1,2025-06-15,3,Meets Expectations,69,False,E100124
4885,E100653,2025 H2,2025-12-15,3,Meets Expectations,38,False,E100124
4886,E100653,2026 H1,2026-06-15,2,Needs Improvement,30,False,E100124
4887,E100654,2021 H2,2021-12-15,4,Exceeds Expectations,75,False,E100128
4888,E100654,2022 H1,2022-06-15,1,Unsatisfactory,31,False,E100128
4889,E100654,2022 H2,2022-12-15,4,Exceeds Expectations,73,False,E100128
4890,E100654,2023 H1,2023-06-15,4,Exceeds Expectations,78,False,E100128
4891,E100654,2023 H2,2023-12-15,4,Exceeds Expectations,64,False,E100128
4892,E100654,2024 H1,2024-06-15,4,Exceeds Expectations,82,False,E100128
4893,E100654,2024 H2,2024-12-15,3,Meets Expectations,51,False,E100128
4894,E100654,2025 H1,2025-06-15,4,Exceeds Expectations,78,True,E100128
4895,E100654,2025 H2,2025-12-15,4,Exceeds Expectations,52,False,E100128
4896,E100654,2026 H1,2026-06-15,3,Meets Expectations,56,False,E100128
4897,E100655,2021 H2,2021-12-15,3,Meets Expectations,55,False,E100302
4898,E100655,2022 H1,2022-06-15,3,Meets Expectations,48,False,E100302
4899,E100655,2022 H2,2022-12-15,3,Meets Expectations,45,False,E100302
4900,E100655,2023 H1,2023-06-15,3,Meets Expectations,71,False,E100302
4901,E100655,2023 H2,2023-12-15,4,Exceeds Expectations,68,False,E100302
4902,E100655,2024 H1,2024-06-15,3,Meets Expectations,55,False,E100302
4903,E100655,2024 H2,2024-12-15,3,Meets Expectations,69,False,E100302
4904,E100655,2025 H1,2025-06-15,4,Exceeds Expectations,57,True,E100302
4905,E100655,2025 H2,2025-12-15,2,Needs Improvement,30,False,E100302
4906,E100656,2021 H2,2021-12-15,3,Meets Expectations,38,False,E100262
4907,E100656,2022 H1,2022-06-15,4,Exceeds Expectations,69,False,E100262
4908,E100656,2022 H2,2022-12-15,3,Meets Expectations,55,False,E100262
4909,E100658,2021 H2,2021-12-15,5,Outstanding,82,False,E100551
4910,E100658,2022 H1,2022-06-15,5,Outstanding,86,False,E100551
4911,E100658,2022 H2,2022-12-15,3,Meets Expectations,47,False,E100551
4912,E100658,2023 H1,2023-06-15,4,Exceeds Expectations,71,True,E100551
4913,E100658,2023 H2,2023-12-15,3,Meets Expectations,30,False,E100551
4914,E100658,2024 H1,2024-06-15,2,Needs Improvement,46,False,E100551
4915,E100658,2024 H2,2024-12-15,5,Outstanding,103,False,E100551
4916,E100658,2025 H1,2025-06-15,2,Needs Improvement,41,False,E100551
4917,E100658,2025 H2,2025-12-15,3,Meets Expectations,66,False,E100551
4918,E100658,2026 H1,2026-06-15,4,Exceeds Expectations,73,False,E100551
4919,E100659,2021 H2,2021-12-15,3,Meets Expectations,66,False,E100612
4920,E100659,2022 H1,2022-06-15,4,Exceeds Expectations,78,False,E100612
4921,E100660,2021 H2,2021-12-15,2,Needs Improvement,30,False,E100036
4922,E100660,2022 H1,2022-06-15,3,Meets Expectations,83,False,E100036
4923,E100660,2022 H2,2022-12-15,2,Needs Improvement,31,False,E100036
4924,E100660,2023 H1,2023-06-15,3,Meets Expectations,67,False,E100036
4925,E100660,2023 H2,2023-12-15,4,Exceeds Expectations,56,False,E100036
4926,E100660,2024 H1,2024-06-15,3,Meets Expectations,49,False,E100036
4927,E100660,2024 H2,2024-12-15,2,Needs Improvement,36,False,E100036
4928,E100660,2025 H1,2025-06-15,4,Exceeds Expectations,82,False,E100036
4929,E100660,2025 H2,2025-12-15,4,Exceeds Expectations,60,False,E100036
4930,E100660,2026 H1,2026-06-15,3,Meets Expectations,71,False,E100036
4931,E100661,2021 H2,2021-12-15,4,Exceeds Expectations,76,True,E100031
4932,E100661,2022 H1,2022-06-15,3,Meets Expectations,47,False,E100031
4933,E100661,2022 H2,2022-12-15,3,Meets Expectations,54,False,E100031
4934,E100661,2023 H1,2023-06-15,4,Exceeds Expectations,73,True,E100031
4935,E100661,2023 H2,2023-12-15,4,Exceeds Expectations,73,True,E100031
4936,E100661,2024 H1,2024-06-15,2,Needs Improvement,31,False,E100031
4937,E100661,2024 H2,2024-12-15,3,Meets Expectations,48,False,E100031
4938,E100661,2025 H1,2025-06-15,3,Meets Expectations,47,False,E100031
4939,E100661,2025 H2,2025-12-15,5,Outstanding,76,False,E100031
4940,E100661,2026 H1,2026-06-15,2,Needs Improvement,30,False,E100031
4941,E100662,2021 H2,2021-12-15,4,Exceeds Expectations,56,False,E100248
4942,E100662,2022 H1,2022-06-15,4,Exceeds Expectations,70,False,E100248
4943,E100662,2022 H2,2022-12-15,3,Meets Expectations,57,False,E100248
4944,E100662,2023 H1,2023-06-15,5,Outstanding,77,False,E100248
4945,E100662,2023 H2,2023-12-15,3,Meets Expectations,38,False,E100248
4946,E100662,2024 H1,2024-06-15,4,Exceeds Expectations,66,False,E100248
4947,E100662,2024 H2,2024-12-15,2,Needs Improvement,31,False,E100248
4948,E100662,2025 H1,2025-06-15,2,Needs Improvement,44,False,E100248
4949,E100662,2025 H2,2025-12-15,2,Needs Improvement,50,False,E100248
4950,E100662,2026 H1,2026-06-15,5,Outstanding,81,True,E100248
4951,E100663,2021 H2,2021-12-15,4,Exceeds Expectations,96,False,E100224
4952,E100664,2021 H2,2021-12-15,4,Exceeds Expectations,61,False,E100400
4953,E100664,2022 H1,2022-06-15,4,Exceeds Expectations,77,False,E100400
4954,E100664,2022 H2,2022-12-15,2,Needs Improvement,30,False,E100400
4955,E100664,2023 H1,2023-06-15,3,Meets Expectations,70,False,E100400
4956,E100664,2023 H2,2023-12-15,2,Needs Improvement,32,False,E100400
4957,E100664,2024 H1,2024-06-15,5,Outstanding,85,False,E100400
4958,E100664,2024 H2,2024-12-15,4,Exceeds Expectations,70,False,E100400
4959,E100664,2025 H1,2025-06-15,5,Outstanding,100,False,E100400
4960,E100664,2025 H2,2025-12-15,4,Exceeds Expectations,71,False,E100400
4961,E100664,2026 H1,2026-06-15,3,Meets Expectations,36,False,E100400
4962,E100666,2021 H2,2021-12-15,3,Meets Expectations,58,False,E100592
4963,E100666,2022 H1,2022-06-15,4,Exceeds Expectations,94,False,E100592
4964,E100666,2022 H2,2022-12-15,2,Needs Improvement,34,False,E100592
4965,E100666,2023 H1,2023-06-15,4,Exceeds Expectations,61,True,E100592
4966,E100666,2023 H2,2023-12-15,4,Exceeds Expectations,75,False,E100592
4967,E100666,2024 H1,2024-06-15,3,Meets Expectations,38,False,E100592
4968,E100666,2024 H2,2024-12-15,3,Meets Expectations,58,False,E100592
4969,E100666,2025 H1,2025-06-15,2,Needs Improvement,32,False,E100592
4970,E100666,2025 H2,2025-12-15,3,Meets Expectations,63,False,E100592
4971,E100666,2026 H1,2026-06-15,2,Needs Improvement,40,False,E100592
4972,E100667,2021 H2,2021-12-15,4,Exceeds Expectations,73,False,E100135
4973,E100667,2022 H1,2022-06-15,4,Exceeds Expectations,92,False,E100135
4974,E100667,2022 H2,2022-12-15,4,Exceeds Expectations,67,False,E100135
4975,E100667,2023 H1,2023-06-15,4,Exceeds Expectations,83,False,E100135
4976,E100667,2023 H2,2023-12-15,3,Meets Expectations,60,False,E100135
4977,E100667,2024 H1,2024-06-15,4,Exceeds Expectations,77,False,E100135
4978,E100667,2024 H2,2024-12-15,2,Needs Improvement,34,False,E100135
4979,E100667,2025 H1,2025-06-15,3,Meets Expectations,56,False,E100135
4980,E100667,2025 H2,2025-12-15,4,Exceeds Expectations,54,True,E100135
4981,E100667,2026 H1,2026-06-15,4,Exceeds Expectations,86,False,E100135
4982,E100668,2021 H2,2021-12-15,5,Outstanding,105,False,E100259
4983,E100668,2022 H1,2022-06-15,4,Exceeds Expectations,85,True,E100259
4984,E100668,2022 H2,2022-12-15,3,Meets Expectations,53,False,E100259
4985,E100668,2023 H1,2023-06-15,2,Needs Improvement,31,False,E100259
4986,E100668,2023 H2,2023-12-15,4,Exceeds Expectations,77,False,E100259
4987,E100668,2024 H1,2024-06-15,1,Unsatisfactory,30,False,E100259
4988,E100668,2024 H2,2024-12-15,3,Meets Expectations,51,False,E100259
4989,E100668,2025 H1,2025-06-15,5,Outstanding,79,True,E100259
4990,E100668,2025 H2,2025-12-15,3,Meets Expectations,71,False,E100259
4991,E100668,2026 H1,2026-06-15,3,Meets Expectations,64,False,E100259
4992,E100669,2021 H2,2021-12-15,4,Exceeds Expectations,73,False,E100204
4993,E100669,2022 H1,2022-06-15,3,Meets Expectations,65,False,E100204
4994,E100669,2022 H2,2022-12-15,4,Exceeds Expectations,67,False,E100204
4995,E100670,2021 H2,2021-12-15,3,Meets Expectations,60,False,E100250
4996,E100670,2022 H1,2022-06-15,3,Meets Expectations,37,False,E100250
4997,E100670,2022 H2,2022-12-15,4,Exceeds Expectations,64,False,E100250
4998,E100670,2023 H1,2023-06-15,4,Exceeds Expectations,69,False,E100250
4999,E100670,2023 H2,2023-12-15,2,Needs Improvement,37,False,E100250
5000,E100670,2024 H1,2024-06-15,2,Needs Improvement,40,False,E100250
5001,E100670,2024 H2,2024-12-15,2,Needs Improvement,36,False,E100250
5002,E100670,2025 H1,2025-06-15,4,Exceeds Expectations,59,False,E100250
5003,E100670,2025 H2,2025-12-15,5,Outstanding,74,False,E100250
5004,E100671,2021 H2,2021-12-15,4,Exceeds Expectations,56,False,E100193
5005,E100672,2021 H2,2021-12-15,2,Needs Improvement,39,False,E100321
5006,E100672,2022 H1,2022-06-15,4,Exceeds Expectations,73,False,E100321
5007,E100672,2022 H2,2022-12-15,4,Exceeds Expectations,59,True,E100321
5008,E100674,2021 H2,2021-12-15,2,Needs Improvement,42,False,E100398
5009,E100674,2022 H1,2022-06-15,2,Needs Improvement,30,False,E100398
5010,E100675,2021 H2,2021-12-15,3,Meets Expectations,56,False,E100138
5011,E100675,2022 H1,2022-06-15,4,Exceeds Expectations,58,False,E100138
5012,E100675,2022 H2,2022-12-15,3,Meets Expectations,43,False,E100138
5013,E100675,2023 H1,2023-06-15,4,Exceeds Expectations,73,True,E100138
5014,E100675,2023 H2,2023-12-15,4,Exceeds Expectations,69,False,E100138
5015,E100675,2024 H1,2024-06-15,3,Meets Expectations,71,False,E100138
5016,E100675,2024 H2,2024-12-15,2,Needs Improvement,54,False,E100138
5017,E100675,2025 H1,2025-06-15,3,Meets Expectations,40,False,E100138
5018,E100675,2025 H2,2025-12-15,3,Meets Expectations,62,False,E100138
5019,E100675,2026 H1,2026-06-15,4,Exceeds Expectations,92,True,E100138
5020,E100676,2021 H2,2021-12-15,4,Exceeds Expectations,74,False,E100159
5021,E100676,2022 H1,2022-06-15,4,Exceeds Expectations,52,False,E100159
5022,E100677,2021 H2,2021-12-15,3,Meets Expectations,55,False,E100194
5023,E100677,2022 H1,2022-06-15,2,Needs Improvement,34,False,E100194
5024,E100677,2022 H2,2022-12-15,3,Meets Expectations,52,False,E100194
5025,E100677,2023 H1,2023-06-15,5,Outstanding,110,True,E100194
5026,E100677,2023 H2,2023-12-15,3,Meets Expectations,58,False,E100194
5027,E100677,2024 H1,2024-06-15,4,Exceeds Expectations,75,False,E100194
5028,E100677,2024 H2,2024-12-15,2,Needs Improvement,36,False,E100194
5029,E100677,2025 H1,2025-06-15,3,Meets Expectations,62,False,E100194
5030,E100677,2025 H2,2025-12-15,3,Meets Expectations,54,False,E100194
5031,E100677,2026 H1,2026-06-15,4,Exceeds Expectations,63,False,E100194
5032,E100678,2021 H2,2021-12-15,2,Needs Improvement,30,False,E100282
5033,E100678,2022 H1,2022-06-15,5,Outstanding,96,False,E100282
5034,E100678,2022 H2,2022-12-15,3,Meets Expectations,63,False,E100282
5035,E100678,2023 H1,2023-06-15,5,Outstanding,89,True,E100282
5036,E100678,2023 H2,2023-12-15,4,Exceeds Expectations,65,False,E100282
5037,E100678,2024 H1,2024-06-15,5,Outstanding,90,False,E100282
5038,E100678,2024 H2,2024-12-15,4,Exceeds Expectations,84,False,E100282
5039,E100678,2025 H1,2025-06-15,4,Exceeds Expectations,83,True,E100282
5040,E100678,2025 H2,2025-12-15,2,Needs Improvement,32,False,E100282
5041,E100678,2026 H1,2026-06-15,4,Exceeds Expectations,68,False,E100282
5042,E100679,2021 H2,2021-12-15,4,Exceeds Expectations,76,False,E100398
5043,E100679,2022 H1,2022-06-15,5,Outstanding,89,True,E100398
5044,E100679,2022 H2,2022-12-15,3,Meets Expectations,56,False,E100398
5045,E100679,2023 H1,2023-06-15,4,Exceeds Expectations,59,False,E100398
5046,E100679,2023 H2,2023-12-15,3,Meets Expectations,56,False,E100398
5047,E100679,2024 H1,2024-06-15,3,Meets Expectations,56,False,E100398
5048,E100680,2021 H2,2021-12-15,3,Meets Expectations,37,False,E100373
5049,E100680,2022 H1,2022-06-15,3,Meets Expectations,36,False,E100373
5050,E100680,2022 H2,2022-12-15,3,Meets Expectations,41,False,E100373
5051,E100680,2023 H1,2023-06-15,4,Exceeds Expectations,66,True,E100373
5052,E100680,2023 H2,2023-12-15,5,Outstanding,85,False,E100373
5053,E100680,2024 H1,2024-06-15,4,Exceeds Expectations,74,False,E100373
5054,E100680,2024 H2,2024-12-15,4,Exceeds Expectations,72,True,E100373
5055,E100680,2025 H1,2025-06-15,5,Outstanding,91,False,E100373
5056,E100680,2025 H2,2025-12-15,4,Exceeds Expectations,63,True,E100373
5057,E100680,2026 H1,2026-06-15,4,Exceeds Expectations,90,False,E100373
5058,E100681,2021 H2,2021-12-15,3,Meets Expectations,46,False,E100621
5059,E100681,2022 H1,2022-06-15,2,Needs Improvement,30,False,E100621
5060,E100681,2022 H2,2022-12-15,2,Needs Improvement,30,False,E100621
5061,E100681,2023 H1,2023-06-15,2,Needs Improvement,39,False,E100621
5062,E100682,2021 H2,2021-12-15,3,Meets Expectations,61,False,E100031
5063,E100682,2022 H1,2022-06-15,4,Exceeds Expectations,75,False,E100031
5064,E100682,2022 H2,2022-12-15,4,Exceeds Expectations,65,False,E100031
5065,E100682,2023 H1,2023-06-15,2,Needs Improvement,30,False,E100031
5066,E100682,2023 H2,2023-12-15,3,Meets Expectations,54,False,E100031
5067,E100683,2021 H2,2021-12-15,3,Meets Expectations,56,False,E100107
5068,E100683,2022 H1,2022-06-15,4,Exceeds Expectations,87,True,E100107
5069,E100683,2022 H2,2022-12-15,4,Exceeds Expectations,75,False,E100107
5070,E100683,2023 H1,2023-06-15,3,Meets Expectations,39,False,E100107
5071,E100683,2023 H2,2023-12-15,3,Meets Expectations,51,False,E100107
5072,E100683,2024 H1,2024-06-15,2,Needs Improvement,30,False,E100107
5073,E100683,2024 H2,2024-12-15,4,Exceeds Expectations,71,True,E100107
5074,E100683,2025 H1,2025-06-15,4,Exceeds Expectations,85,False,E100107
5075,E100683,2025 H2,2025-12-15,3,Meets Expectations,54,False,E100107
5076,E100683,2026 H1,2026-06-15,4,Exceeds Expectations,99,False,E100107
5077,E100684,2021 H2,2021-12-15,3,Meets Expectations,52,False,E100166
5078,E100684,2022 H1,2022-06-15,4,Exceeds Expectations,78,True,E100166
5079,E100684,2022 H2,2022-12-15,3,Meets Expectations,54,False,E100166
5080,E100684,2023 H1,2023-06-15,3,Meets Expectations,61,False,E100166
5081,E100684,2023 H2,2023-12-15,2,Needs Improvement,49,False,E100166
5082,E100684,2024 H1,2024-06-15,4,Exceeds Expectations,50,True,E100166
5083,E100684,2024 H2,2024-12-15,1,Unsatisfactory,30,False,E100166
5084,E100684,2025 H1,2025-06-15,2,Needs Improvement,50,False,E100166
5085,E100684,2025 H2,2025-12-15,5,Outstanding,76,False,E100166
5086,E100685,2021 H2,2021-12-15,3,Meets Expectations,48,False,E100166
5087,E100685,2022 H1,2022-06-15,3,Meets Expectations,56,False,E100166
5088,E100685,2022 H2,2022-12-15,3,Meets Expectations,67,False,E100166
5089,E100685,2023 H1,2023-06-15,4,Exceeds Expectations,84,True,E100166
5090,E100685,2023 H2,2023-12-15,3,Meets Expectations,68,False,E100166
5091,E100685,2024 H1,2024-06-15,3,Meets Expectations,40,False,E100166
5092,E100685,2024 H2,2024-12-15,4,Exceeds Expectations,61,True,E100166
5093,E100685,2025 H1,2025-06-15,3,Meets Expectations,45,False,E100166
5094,E100685,2025 H2,2025-12-15,5,Outstanding,85,False,E100166
5095,E100685,2026 H1,2026-06-15,4,Exceeds Expectations,82,False,E100166
5096,E100686,2021 H2,2021-12-15,3,Meets Expectations,58,False,E100185
5097,E100686,2022 H1,2022-06-15,3,Meets Expectations,56,False,E100185
5098,E100686,2022 H2,2022-12-15,3,Meets Expectations,63,False,E100185
5099,E100686,2023 H1,2023-06-15,3,Meets Expectations,53,False,E100185
5100,E100686,2023 H2,2023-12-15,5,Outstanding,76,False,E100185
5101,E100686,2024 H1,2024-06-15,4,Exceeds Expectations,90,True,E100185
5102,E100686,2024 H2,2024-12-15,3,Meets Expectations,40,False,E100185
5103,E100686,2025 H1,2025-06-15,3,Meets Expectations,51,False,E100185
5104,E100686,2025 H2,2025-12-15,5,Outstanding,74,False,E100185
5105,E100686,2026 H1,2026-06-15,4,Exceeds Expectations,57,False,E100185
5106,E100687,2021 H2,2021-12-15,3,Meets Expectations,65,False,E100306
5107,E100687,2022 H1,2022-06-15,4,Exceeds Expectations,75,False,E100306
5108,E100687,2022 H2,2022-12-15,4,Exceeds Expectations,71,True,E100306
5109,E100687,2023 H1,2023-06-15,4,Exceeds Expectations,70,True,E100306
5110,E100687,2023 H2,2023-12-15,4,Exceeds Expectations,76,False,E100306
5111,E100687,2024 H1,2024-06-15,5,Outstanding,74,False,E100306
5112,E100687,2024 H2,2024-12-15,3,Meets Expectations,51,False,E100306
5113,E100687,2025 H1,2025-06-15,5,Outstanding,81,False,E100306
5114,E100687,2025 H2,2025-12-15,3,Meets Expectations,54,False,E100306
5115,E100688,2021 H2,2021-12-15,4,Exceeds Expectations,70,False,E100250
5116,E100688,2022 H1,2022-06-15,3,Meets Expectations,47,False,E100250
5117,E100688,2022 H2,2022-12-15,2,Needs Improvement,30,False,E100250
5118,E100688,2023 H1,2023-06-15,3,Meets Expectations,46,False,E100250
5119,E100688,2023 H2,2023-12-15,5,Outstanding,94,False,E100250
5120,E100688,2024 H1,2024-06-15,2,Needs Improvement,40,False,E100250
5121,E100688,2024 H2,2024-12-15,2,Needs Improvement,48,False,E100250
5122,E100688,2025 H1,2025-06-15,3,Meets Expectations,64,False,E100250
5123,E100688,2025 H2,2025-12-15,3,Meets Expectations,56,False,E100250
5124,E100688,2026 H1,2026-06-15,4,Exceeds Expectations,44,False,E100250
5125,E100689,2021 H2,2021-12-15,4,Exceeds Expectations,62,True,E100441
5126,E100689,2022 H1,2022-06-15,3,Meets Expectations,59,False,E100441
5127,E100689,2022 H2,2022-12-15,5,Outstanding,100,False,E100441
5128,E100690,2021 H2,2021-12-15,2,Needs Improvement,30,False,E100398
5129,E100690,2022 H1,2022-06-15,4,Exceeds Expectations,77,False,E100398
5130,E100690,2022 H2,2022-12-15,4,Exceeds Expectations,80,True,E100398
5131,E100690,2023 H1,2023-06-15,3,Meets Expectations,55,False,E100398
5132,E100690,2023 H2,2023-12-15,2,Needs Improvement,48,False,E100398
5133,E100690,2024 H1,2024-06-15,4,Exceeds Expectations,70,False,E100398
5134,E100690,2024 H2,2024-12-15,3,Meets Expectations,43,False,E100398
5135,E100690,2025 H1,2025-06-15,4,Exceeds Expectations,61,True,E100398
5136,E100690,2025 H2,2025-12-15,4,Exceeds Expectations,72,False,E100398
5137,E100690,2026 H1,2026-06-15,3,Meets Expectations,61,False,E100398
5138,E100691,2021 H2,2021-12-15,2,Needs Improvement,40,False,E100075
5139,E100691,2022 H1,2022-06-15,3,Meets Expectations,51,False,E100075
5140,E100691,2022 H2,2022-12-15,4,Exceeds Expectations,85,False,E100075
5141,E100691,2023 H1,2023-06-15,4,Exceeds Expectations,76,True,E100075
5142,E100691,2023 H2,2023-12-15,3,Meets Expectations,47,False,E100075
5143,E100691,2024 H1,2024-06-15,4,Exceeds Expectations,68,False,E100075
5144,E100691,2024 H2,2024-12-15,3,Meets Expectations,69,False,E100075
5145,E100691,2025 H1,2025-06-15,5,Outstanding,77,False,E100075
5146,E100691,2025 H2,2025-12-15,4,Exceeds Expectations,79,True,E100075
5147,E100691,2026 H1,2026-06-15,4,Exceeds Expectations,82,False,E100075
5148,E100692,2022 H1,2022-06-15,5,Outstanding,97,False,E100031
5149,E100692,2022 H2,2022-12-15,3,Meets Expectations,49,False,E100031
5150,E100692,2023 H1,2023-06-15,3,Meets Expectations,57,False,E100031
5151,E100692,2023 H2,2023-12-15,5,Outstanding,77,True,E100031
5152,E100692,2024 H1,2024-06-15,4,Exceeds Expectations,86,True,E100031
5153,E100692,2024 H2,2024-12-15,2,Needs Improvement,32,False,E100031
5154,E100692,2025 H1,2025-06-15,2,Needs Improvement,40,False,E100031
5155,E100692,2025 H2,2025-12-15,3,Meets Expectations,44,False,E100031
5156,E100692,2026 H1,2026-06-15,5,Outstanding,80,True,E100031
5157,E100693,2022 H1,2022-06-15,4,Exceeds Expectations,71,True,E100075
5158,E100693,2022 H2,2022-12-15,3,Meets Expectations,52,False,E100075
5159,E100694,2021 H2,2021-12-15,3,Meets Expectations,64,False,E100078
5160,E100694,2022 H1,2022-06-15,4,Exceeds Expectations,76,False,E100078
5161,E100694,2022 H2,2022-12-15,5,Outstanding,96,False,E100078
5162,E100694,2023 H1,2023-06-15,3,Meets Expectations,47,False,E100078
5163,E100694,2023 H2,2023-12-15,5,Outstanding,98,False,E100078
5164,E100694,2024 H1,2024-06-15,4,Exceeds Expectations,73,False,E100078
5165,E100694,2024 H2,2024-12-15,3,Meets Expectations,77,False,E100078
5166,E100694,2025 H1,2025-06-15,3,Meets Expectations,62,False,E100078
5167,E100694,2025 H2,2025-12-15,5,Outstanding,83,False,E100078
5168,E100694,2026 H1,2026-06-15,3,Meets Expectations,39,False,E100078
5169,E100695,2021 H2,2021-12-15,3,Meets Expectations,62,False,E100185
5170,E100695,2022 H1,2022-06-15,3,Meets Expectations,60,False,E100185
5171,E100695,2022 H2,2022-12-15,4,Exceeds Expectations,71,False,E100185
5172,E100695,2023 H1,2023-06-15,3,Meets Expectations,60,False,E100185
5173,E100695,2023 H2,2023-12-15,1,Unsatisfactory,30,False,E100185
5174,E100695,2024 H1,2024-06-15,1,Unsatisfactory,30,False,E100185
5175,E100695,2024 H2,2024-12-15,3,Meets Expectations,42,False,E100185
5176,E100695,2025 H1,2025-06-15,2,Needs Improvement,37,False,E100185
5177,E100695,2025 H2,2025-12-15,3,Meets Expectations,48,False,E100185
5178,E100695,2026 H1,2026-06-15,3,Meets Expectations,40,False,E100185
5179,E100696,2021 H2,2021-12-15,4,Exceeds Expectations,62,True,E100250
5180,E100696,2022 H1,2022-06-15,4,Exceeds Expectations,70,False,E100250
5181,E100696,2022 H2,2022-12-15,3,Meets Expectations,50,False,E100250
5182,E100696,2023 H1,2023-06-15,4,Exceeds Expectations,83,False,E100250
5183,E100697,2021 H2,2021-12-15,4,Exceeds Expectations,69,False,E100353
5184,E100697,2022 H1,2022-06-15,3,Meets Expectations,46,False,E100353
5185,E100697,2022 H2,2022-12-15,3,Meets Expectations,41,False,E100353
5186,E100697,2023 H1,2023-06-15,3,Meets Expectations,56,False,E100353
5187,E100698,2022 H1,2022-06-15,3,Meets Expectations,48,False,E100325
5188,E100698,2022 H2,2022-12-15,4,Exceeds Expectations,62,False,E100325
5189,E100698,2023 H1,2023-06-15,3,Meets Expectations,77,False,E100325
5190,E100698,2023 H2,2023-12-15,5,Outstanding,84,False,E100325
5191,E100698,2024 H1,2024-06-15,4,Exceeds Expectations,65,False,E100325
5192,E100698,2024 H2,2024-12-15,4,Exceeds Expectations,89,False,E100325
5193,E100698,2025 H1,2025-06-15,3,Meets Expectations,61,False,E100325
5194,E100698,2025 H2,2025-12-15,3,Meets Expectations,48,False,E100325
5195,E100698,2026 H1,2026-06-15,4,Exceeds Expectations,77,False,E100325
5196,E100699,2021 H2,2021-12-15,2,Needs Improvement,32,False,E100398
5197,E100699,2022 H1,2022-06-15,2,Needs Improvement,30,False,E100398
5198,E100699,2022 H2,2022-12-15,3,Meets Expectations,57,False,E100398
5199,E100699,2023 H1,2023-06-15,4,Exceeds Expectations,56,False,E100398
5200,E100699,2023 H2,2023-12-15,2,Needs Improvement,50,False,E100398
5201,E100699,2024 H1,2024-06-15,3,Meets Expectations,39,False,E100398
5202,E100699,2024 H2,2024-12-15,5,Outstanding,88,False,E100398
5203,E100699,2025 H1,2025-06-15,3,Meets Expectations,47,False,E100398
5204,E100699,2025 H2,2025-12-15,3,Meets Expectations,52,False,E100398
5205,E100699,2026 H1,2026-06-15,4,Exceeds Expectations,76,False,E100398
5206,E100700,2022 H1,2022-06-15,2,Needs Improvement,51,False,E100398
5207,E100700,2022 H2,2022-12-15,3,Meets Expectations,57,False,E100398
5208,E100700,2023 H1,2023-06-15,4,Exceeds Expectations,68,False,E100398
5209,E100700,2023 H2,2023-12-15,4,Exceeds Expectations,73,False,E100398
5210,E100700,2024 H1,2024-06-15,3,Meets Expectations,54,False,E100398
5211,E100700,2024 H2,2024-12-15,3,Meets Expectations,45,False,E100398
5212,E100701,2022 H1,2022-06-15,4,Exceeds Expectations,73,False,E100398
5213,E100701,2022 H2,2022-12-15,4,Exceeds Expectations,86,False,E100398
5214,E100701,2023 H1,2023-06-15,4,Exceeds Expectations,68,False,E100398
5215,E100701,2023 H2,2023-12-15,4,Exceeds Expectations,94,False,E100398
5216,E100701,2024 H1,2024-06-15,2,Needs Improvement,53,False,E100398
5217,E100701,2024 H2,2024-12-15,4,Exceeds Expectations,72,True,E100398
5218,E100701,2025 H1,2025-06-15,3,Meets Expectations,49,False,E100398
5219,E100701,2025 H2,2025-12-15,2,Needs Improvement,37,False,E100398
5220,E100701,2026 H1,2026-06-15,4,Exceeds Expectations,70,False,E100398
5221,E100702,2021 H2,2021-12-15,3,Meets Expectations,46,False,E100486
5222,E100702,2022 H1,2022-06-15,3,Meets Expectations,59,False,E100486
5223,E100702,2022 H2,2022-12-15,4,Exceeds Expectations,53,False,E100486
5224,E100702,2023 H1,2023-06-15,3,Meets Expectations,61,False,E100486
5225,E100703,2021 H2,2021-12-15,2,Needs Improvement,34,False,E100514
5226,E100703,2022 H1,2022-06-15,4,Exceeds Expectations,71,False,E100514
5227,E100703,2022 H2,2022-12-15,3,Meets Expectations,42,False,E100514
5228,E100703,2023 H1,2023-06-15,3,Meets Expectations,56,False,E100514
5229,E100703,2023 H2,2023-12-15,4,Exceeds Expectations,68,False,E100514
5230,E100703,2024 H1,2024-06-15,4,Exceeds Expectations,72,False,E100514
5231,E100703,2024 H2,2024-12-15,3,Meets Expectations,68,False,E100514
5232,E100703,2025 H1,2025-06-15,2,Needs Improvement,30,False,E100514
5233,E100703,2025 H2,2025-12-15,4,Exceeds Expectations,69,False,E100514
5234,E100703,2026 H1,2026-06-15,4,Exceeds Expectations,72,False,E100514
5235,E100704,2021 H2,2021-12-15,4,Exceeds Expectations,78,False,E100535
5236,E100704,2022 H1,2022-06-15,4,Exceeds Expectations,76,False,E100535
5237,E100704,2022 H2,2022-12-15,4,Exceeds Expectations,66,True,E100535
5238,E100704,2023 H1,2023-06-15,4,Exceeds Expectations,57,False,E100535
5239,E100704,2023 H2,2023-12-15,3,Meets Expectations,60,False,E100535
5240,E100704,2024 H1,2024-06-15,4,Exceeds Expectations,70,True,E100535
5241,E100704,2024 H2,2024-12-15,4,Exceeds Expectations,55,False,E100535
5242,E100704,2025 H1,2025-06-15,4,Exceeds Expectations,70,False,E100535
5243,E100705,2021 H2,2021-12-15,2,Needs Improvement,30,False,E100617
5244,E100705,2022 H1,2022-06-15,3,Meets Expectations,43,False,E100617
5245,E100705,2022 H2,2022-12-15,3,Meets Expectations,59,False,E100617
5246,E100705,2023 H1,2023-06-15,3,Meets Expectations,31,False,E100617
5247,E100705,2023 H2,2023-12-15,4,Exceeds Expectations,65,False,E100617
5248,E100705,2024 H1,2024-06-15,5,Outstanding,82,False,E100617
5249,E100705,2024 H2,2024-12-15,2,Needs Improvement,33,False,E100617
5250,E100705,2025 H1,2025-06-15,2,Needs Improvement,30,False,E100617
5251,E100705,2025 H2,2025-12-15,3,Meets Expectations,52,False,E100617
5252,E100705,2026 H1,2026-06-15,3,Meets Expectations,51,False,E100617
5253,E100706,2022 H1,2022-06-15,4,Exceeds Expectations,69,False,E100248
5254,E100707,2022 H1,2022-06-15,4,Exceeds Expectations,80,True,E100461
5255,E100707,2022 H2,2022-12-15,3,Meets Expectations,53,False,E100461
5256,E100707,2023 H1,2023-06-15,3,Meets Expectations,40,False,E100461
5257,E100707,2023 H2,2023-12-15,1,Unsatisfactory,30,False,E100461
5258,E100707,2024 H1,2024-06-15,2,Needs Improvement,52,False,E100461
5259,E100707,2024 H2,2024-12-15,4,Exceeds Expectations,61,True,E100461
5260,E100707,2025 H1,2025-06-15,2,Needs Improvement,30,False,E100461
5261,E100707,2025 H2,2025-12-15,3,Meets Expectations,50,False,E100461
5262,E100707,2026 H1,2026-06-15,4,Exceeds Expectations,61,False,E100461
5263,E100708,2022 H1,2022-06-15,4,Exceeds Expectations,75,True,E100402
5264,E100708,2022 H2,2022-12-15,5,Outstanding,91,False,E100402
5265,E100708,2023 H1,2023-06-15,3,Meets Expectations,67,False,E100402
5266,E100708,2023 H2,2023-12-15,3,Meets Expectations,49,False,E100402
5267,E100708,2024 H1,2024-06-15,4,Exceeds Expectations,84,False,E100402
5268,E100708,2024 H2,2024-12-15,4,Exceeds Expectations,77,True,E100402
5269,E100708,2025 H1,2025-06-15,4,Exceeds Expectations,76,False,E100402
5270,E100708,2025 H2,2025-12-15,3,Meets Expectations,63,False,E100402
5271,E100708,2026 H1,2026-06-15,1,Unsatisfactory,30,False,E100402
5272,E100709,2022 H1,2022-06-15,3,Meets Expectations,75,False,E100535
5273,E100709,2022 H2,2022-12-15,3,Meets Expectations,63,False,E100535
5274,E100709,2023 H1,2023-06-15,4,Exceeds Expectations,68,False,E100535
5275,E100709,2023 H2,2023-12-15,2,Needs Improvement,38,False,E100535
5276,E100709,2024 H1,2024-06-15,4,Exceeds Expectations,69,True,E100535
5277,E100709,2024 H2,2024-12-15,5,Outstanding,101,False,E100535
5278,E100709,2025 H1,2025-06-15,3,Meets Expectations,65,False,E100535
5279,E100710,2022 H1,2022-06-15,5,Outstanding,83,False,E100692
5280,E100710,2022 H2,2022-12-15,2,Needs Improvement,30,False,E100692
5281,E100710,2023 H1,2023-06-15,4,Exceeds Expectations,68,False,E100692
5282,E100710,2023 H2,2023-12-15,3,Meets Expectations,63,False,E100692
5283,E100710,2024 H1,2024-06-15,3,Meets Expectations,43,False,E100692
5284,E100710,2024 H2,2024-12-15,5,Outstanding,100,True,E100692
5285,E100710,2025 H1,2025-06-15,3,Meets Expectations,46,False,E100692
5286,E100710,2025 H2,2025-12-15,3,Meets Expectations,60,False,E100692
5287,E100710,2026 H1,2026-06-15,4,Exceeds Expectations,61,False,E100692
5288,E100711,2022 H1,2022-06-15,2,Needs Improvement,33,False,E100250
5289,E100711,2022 H2,2022-12-15,2,Needs Improvement,33,False,E100250
5290,E100711,2023 H1,2023-06-15,3,Meets Expectations,37,False,E100250
5291,E100711,2023 H2,2023-12-15,5,Outstanding,91,False,E100250
5292,E100711,2024 H1,2024-06-15,4,Exceeds Expectations,50,False,E100250
5293,E100711,2024 H2,2024-12-15,3,Meets Expectations,47,False,E100250
5294,E100711,2025 H1,2025-06-15,4,Exceeds Expectations,89,False,E100250
5295,E100711,2025 H2,2025-12-15,2,Needs Improvement,37,False,E100250
5296,E100711,2026 H1,2026-06-15,5,Outstanding,83,False,E100250
5297,E100712,2022 H1,2022-06-15,3,Meets Expectations,59,False,E100250
5298,E100712,2022 H2,2022-12-15,2,Needs Improvement,30,False,E100250
5299,E100712,2023 H1,2023-06-15,1,Unsatisfactory,30,False,E100250
5300,E100712,2023 H2,2023-12-15,5,Outstanding,90,False,E100250
5301,E100712,2024 H1,2024-06-15,4,Exceeds Expectations,50,False,E100250
5302,E100712,2024 H2,2024-12-15,4,Exceeds Expectations,73,False,E100250
5303,E100712,2025 H1,2025-06-15,3,Meets Expectations,57,False,E100250
5304,E100712,2025 H2,2025-12-15,5,Outstanding,99,False,E100250
5305,E100712,2026 H1,2026-06-15,3,Meets Expectations,47,False,E100250
5306,E100714,2022 H1,2022-06-15,4,Exceeds Expectations,77,True,E100411
5307,E100714,2022 H2,2022-12-15,3,Meets Expectations,71,False,E100411
5308,E100715,2022 H1,2022-06-15,3,Meets Expectations,65,False,E100444
5309,E100715,2022 H2,2022-12-15,3,Meets Expectations,75,False,E100444
5310,E100715,2023 H1,2023-06-15,4,Exceeds Expectations,53,False,E100444
5311,E100715,2023 H2,2023-12-15,3,Meets Expectations,58,False,E100444
5312,E100715,2024 H1,2024-06-15,5,Outstanding,91,False,E100444
5313,E100716,2022 H1,2022-06-15,2,Needs Improvement,35,False,E100401
5314,E100716,2022 H2,2022-12-15,4,Exceeds Expectations,80,False,E100401
5315,E100716,2023 H1,2023-06-15,5,Outstanding,102,False,E100401
5316,E100716,2023 H2,2023-12-15,3,Meets Expectations,37,False,E100401
5317,E100716,2024 H1,2024-06-15,4,Exceeds Expectations,67,False,E100401
5318,E100716,2024 H2,2024-12-15,5,Outstanding,96,True,E100401
5319,E100716,2025 H1,2025-06-15,3,Meets Expectations,75,False,E100401
5320,E100716,2025 H2,2025-12-15,4,Exceeds Expectations,84,True,E100401
5321,E100716,2026 H1,2026-06-15,3,Meets Expectations,44,False,E100401
5322,E100717,2022 H1,2022-06-15,1,Unsatisfactory,30,False,E100449
5323,E100717,2022 H2,2022-12-15,3,Meets Expectations,77,False,E100449
5324,E100717,2023 H1,2023-06-15,4,Exceeds Expectations,75,False,E100449
5325,E100717,2023 H2,2023-12-15,5,Outstanding,88,False,E100449
5326,E100717,2024 H1,2024-06-15,3,Meets Expectations,42,False,E100449
5327,E100717,2024 H2,2024-12-15,3,Meets Expectations,57,False,E100449
5328,E100717,2025 H1,2025-06-15,3,Meets Expectations,68,False,E100449
5329,E100717,2025 H2,2025-12-15,2,Needs Improvement,43,False,E100449
5330,E100717,2026 H1,2026-06-15,2,Needs Improvement,44,False,E100449
5331,E100718,2022 H1,2022-06-15,4,Exceeds Expectations,73,True,E100135
5332,E100718,2022 H2,2022-12-15,4,Exceeds Expectations,79,False,E100135
5333,E100718,2023 H1,2023-06-15,3,Meets Expectations,57,False,E100135
5334,E100719,2022 H1,2022-06-15,4,Exceeds Expectations,87,False,E100144
5335,E100719,2022 H2,2022-12-15,4,Exceeds Expectations,68,False,E100144
5336,E100719,2023 H1,2023-06-15,5,Outstanding,103,False,E100144
5337,E100719,2023 H2,2023-12-15,4,Exceeds Expectations,74,False,E100144
5338,E100719,2024 H1,2024-06-15,3,Meets Expectations,38,False,E100144
5339,E100719,2024 H2,2024-12-15,4,Exceeds Expectations,41,False,E100144
5340,E100719,2025 H1,2025-06-15,4,Exceeds Expectations,69,False,E100144
5341,E100719,2025 H2,2025-12-15,4,Exceeds Expectations,69,False,E100144
5342,E100719,2026 H1,2026-06-15,4,Exceeds Expectations,66,False,E100144
5343,E100720,2022 H1,2022-06-15,4,Exceeds Expectations,64,True,E100250
5344,E100720,2022 H2,2022-12-15,3,Meets Expectations,45,False,E100250
5345,E100720,2023 H1,2023-06-15,5,Outstanding,74,False,E100250
5346,E100720,2023 H2,2023-12-15,3,Meets Expectations,50,False,E100250
5347,E100720,2024 H1,2024-06-15,3,Meets Expectations,62,False,E100250
5348,E100720,2024 H2,2024-12-15,3,Meets Expectations,46,False,E100250
5349,E100720,2025 H1,2025-06-15,3,Meets Expectations,60,False,E100250
5350,E100721,2022 H1,2022-06-15,1,Unsatisfactory,30,False,E100266
5351,E100721,2022 H2,2022-12-15,3,Meets Expectations,56,False,E100266
5352,E100721,2023 H1,2023-06-15,3,Meets Expectations,56,False,E100266
5353,E100721,2023 H2,2023-12-15,3,Meets Expectations,61,False,E100266
5354,E100721,2024 H1,2024-06-15,3,Meets Expectations,46,False,E100266
5355,E100721,2024 H2,2024-12-15,2,Needs Improvement,32,False,E100266
5356,E100721,2025 H1,2025-06-15,3,Meets Expectations,50,False,E100266
5357,E100721,2025 H2,2025-12-15,2,Needs Improvement,38,False,E100266
5358,E100721,2026 H1,2026-06-15,3,Meets Expectations,59,False,E100266
5359,E100722,2022 H1,2022-06-15,3,Meets Expectations,43,False,E100304
5360,E100722,2022 H2,2022-12-15,3,Meets Expectations,72,False,E100304
5361,E100722,2023 H1,2023-06-15,3,Meets Expectations,50,False,E100304
5362,E100722,2023 H2,2023-12-15,3,Meets Expectations,53,False,E100304
5363,E100723,2022 H1,2022-06-15,3,Meets Expectations,51,False,E100437
5364,E100723,2022 H2,2022-12-15,4,Exceeds Expectations,79,False,E100437
5365,E100724,2022 H1,2022-06-15,3,Meets Expectations,53,False,E100464
5366,E100724,2022 H2,2022-12-15,4,Exceeds Expectations,52,False,E100464
5367,E100724,2023 H1,2023-06-15,3,Meets Expectations,68,False,E100464
5368,E100724,2023 H2,2023-12-15,4,Exceeds Expectations,69,False,E100464
5369,E100724,2024 H1,2024-06-15,2,Needs Improvement,30,False,E100464
5370,E100724,2024 H2,2024-12-15,2,Needs Improvement,30,False,E100464
5371,E100726,2022 H1,2022-06-15,3,Meets Expectations,63,False,E100398
5372,E100726,2022 H2,2022-12-15,2,Needs Improvement,30,False,E100398
5373,E100726,2023 H1,2023-06-15,4,Exceeds Expectations,72,False,E100398
5374,E100726,2023 H2,2023-12-15,4,Exceeds Expectations,71,True,E100398
5375,E100726,2024 H1,2024-06-15,4,Exceeds Expectations,77,False,E100398
5376,E100726,2024 H2,2024-12-15,2,Needs Improvement,30,False,E100398
5377,E100726,2025 H1,2025-06-15,4,Exceeds Expectations,72,False,E100398
5378,E100726,2025 H2,2025-12-15,4,Exceeds Expectations,83,False,E100398
5379,E100726,2026 H1,2026-06-15,4,Exceeds Expectations,70,False,E100398
5380,E100727,2022 H1,2022-06-15,4,Exceeds Expectations,83,False,E100486
5381,E100727,2022 H2,2022-12-15,4,Exceeds Expectations,55,False,E100486
5382,E100727,2023 H1,2023-06-15,2,Needs Improvement,30,False,E100486
5383,E100727,2023 H2,2023-12-15,3,Meets Expectations,46,False,E100486
5384,E100727,2024 H1,2024-06-15,3,Meets Expectations,58,False,E100486
5385,E100727,2024 H2,2024-12-15,4,Exceeds Expectations,66,False,E100486
5386,E100727,2025 H1,2025-06-15,4,Exceeds Expectations,77,False,E100486
5387,E100727,2025 H2,2025-12-15,4,Exceeds Expectations,72,False,E100486
5388,E100727,2026 H1,2026-06-15,4,Exceeds Expectations,71,False,E100486
5389,E100728,2022 H1,2022-06-15,3,Meets Expectations,60,False,E100493
5390,E100728,2022 H2,2022-12-15,4,Exceeds Expectations,63,False,E100493
5391,E100728,2023 H1,2023-06-15,5,Outstanding,79,False,E100493
5392,E100728,2023 H2,2023-12-15,3,Meets Expectations,60,False,E100493
5393,E100728,2024 H1,2024-06-15,4,Exceeds Expectations,62,False,E100493
5394,E100729,2022 H1,2022-06-15,4,Exceeds Expectations,87,True,E100506
5395,E100729,2022 H2,2022-12-15,3,Meets Expectations,39,False,E100506
5396,E100729,2023 H1,2023-06-15,2,Needs Improvement,47,False,E100506
5397,E100729,2023 H2,2023-12-15,3,Meets Expectations,53,False,E100506
5398,E100729,2024 H1,2024-06-15,4,Exceeds Expectations,46,True,E100506
5399,E100729,2024 H2,2024-12-15,4,Exceeds Expectations,90,False,E100506
5400,E100729,2025 H1,2025-06-15,3,Meets Expectations,52,False,E100506
5401,E100729,2025 H2,2025-12-15,4,Exceeds Expectations,67,False,E100506
5402,E100729,2026 H1,2026-06-15,4,Exceeds Expectations,77,False,E100506
5403,E100730,2022 H1,2022-06-15,5,Outstanding,78,False,E100592
5404,E100730,2022 H2,2022-12-15,4,Exceeds Expectations,76,False,E100592
5405,E100730,2023 H1,2023-06-15,4,Exceeds Expectations,70,False,E100592
5406,E100730,2023 H2,2023-12-15,3,Meets Expectations,39,False,E100592
5407,E100730,2024 H1,2024-06-15,3,Meets Expectations,47,False,E100592
5408,E100730,2024 H2,2024-12-15,3,Meets Expectations,52,False,E100592
5409,E100730,2025 H1,2025-06-15,2,Needs Improvement,30,False,E100592
5410,E100730,2025 H2,2025-12-15,3,Meets Expectations,58,False,E100592
5411,E100730,2026 H1,2026-06-15,3,Meets Expectations,57,False,E100592
5412,E100731,2022 H1,2022-06-15,5,Outstanding,89,False,E100078
5413,E100731,2022 H2,2022-12-15,5,Outstanding,101,True,E100078
5414,E100731,2023 H1,2023-06-15,4,Exceeds Expectations,67,True,E100078
5415,E100732,2022 H1,2022-06-15,3,Meets Expectations,63,False,E100006
5416,E100732,2022 H2,2022-12-15,3,Meets Expectations,73,False,E100006
5417,E100732,2023 H1,2023-06-15,3,Meets Expectations,52,False,E100006
5418,E100732,2023 H2,2023-12-15,5,Outstanding,79,False,E100006
5419,E100732,2024 H1,2024-06-15,5,Outstanding,68,False,E100006
5420,E100732,2024 H2,2024-12-15,3,Meets Expectations,42,False,E100006
5421,E100733,2022 H1,2022-06-15,2,Needs Improvement,30,False,E100174
5422,E100733,2022 H2,2022-12-15,3,Meets Expectations,55,False,E100174
5423,E100734,2022 H1,2022-06-15,2,Needs Improvement,53,False,E100185
5424,E100734,2022 H2,2022-12-15,3,Meets Expectations,56,False,E100185
5425,E100734,2023 H1,2023-06-15,3,Meets Expectations,54,False,E100185
5426,E100734,2023 H2,2023-12-15,4,Exceeds Expectations,78,True,E100185
5427,E100734,2024 H1,2024-06-15,2,Needs Improvement,53,False,E100185
5428,E100734,2024 H2,2024-12-15,1,Unsatisfactory,30,False,E100185
5429,E100734,2025 H1,2025-06-15,4,Exceeds Expectations,64,False,E100185
5430,E100734,2025 H2,2025-12-15,3,Meets Expectations,55,False,E100185
5431,E100734,2026 H1,2026-06-15,3,Meets Expectations,30,False,E100185
5432,E100735,2022 H1,2022-06-15,3,Meets Expectations,72,False,E100166
5433,E100735,2022 H2,2022-12-15,2,Needs Improvement,30,False,E100166
5434,E100735,2023 H1,2023-06-15,3,Meets Expectations,49,False,E100166
5435,E100735,2023 H2,2023-12-15,2,Needs Improvement,44,False,E100166
5436,E100735,2024 H1,2024-06-15,4,Exceeds Expectations,68,False,E100166
5437,E100735,2024 H2,2024-12-15,2,Needs Improvement,30,False,E100166
5438,E100735,2025 H1,2025-06-15,4,Exceeds Expectations,75,True,E100166
5439,E100735,2025 H2,2025-12-15,3,Meets Expectations,59,False,E100166
5440,E100735,2026 H1,2026-06-15,5,Outstanding,101,False,E100166
5441,E100736,2022 H1,2022-06-15,2,Needs Improvement,52,False,E100259
5442,E100736,2022 H2,2022-12-15,3,Meets Expectations,61,False,E100259
5443,E100737,2022 H1,2022-06-15,3,Meets Expectations,36,False,E100250
5444,E100737,2022 H2,2022-12-15,4,Exceeds Expectations,85,False,E100250
5445,E100737,2023 H1,2023-06-15,2,Needs Improvement,31,False,E100250
5446,E100737,2023 H2,2023-12-15,5,Outstanding,102,True,E100250
5447,E100737,2024 H1,2024-06-15,4,Exceeds Expectations,78,False,E100250
5448,E100737,2024 H2,2024-12-15,4,Exceeds Expectations,63,False,E100250
5449,E100737,2025 H1,2025-06-15,3,Meets Expectations,67,False,E100250
5450,E100737,2025 H2,2025-12-15,3,Meets Expectations,36,False,E100250
5451,E100737,2026 H1,2026-06-15,3,Meets Expectations,34,False,E100250
5452,E100738,2022 H1,2022-06-15,3,Meets Expectations,36,False,E100233
5453,E100738,2022 H2,2022-12-15,3,Meets Expectations,56,False,E100233
5454,E100738,2023 H1,2023-06-15,5,Outstanding,95,False,E100233
5455,E100738,2023 H2,2023-12-15,3,Meets Expectations,44,False,E100233
5456,E100738,2024 H1,2024-06-15,4,Exceeds Expectations,55,False,E100233
5457,E100738,2024 H2,2024-12-15,5,Outstanding,94,False,E100233
5458,E100738,2025 H1,2025-06-15,2,Needs Improvement,30,False,E100233
5459,E100738,2025 H2,2025-12-15,3,Meets Expectations,53,False,E100233
5460,E100738,2026 H1,2026-06-15,4,Exceeds Expectations,69,False,E100233
5461,E100739,2022 H1,2022-06-15,4,Exceeds Expectations,67,True,E100250
5462,E100739,2022 H2,2022-12-15,5,Outstanding,97,True,E100250
5463,E100739,2023 H1,2023-06-15,4,Exceeds Expectations,75,True,E100250
5464,E100739,2023 H2,2023-12-15,4,Exceeds Expectations,50,False,E100250
5465,E100739,2024 H1,2024-06-15,3,Meets Expectations,69,False,E100250
5466,E100739,2024 H2,2024-12-15,4,Exceeds Expectations,78,False,E100250
5467,E100739,2025 H1,2025-06-15,3,Meets Expectations,60,False,E100250
5468,E100740,2022 H1,2022-06-15,4,Exceeds Expectations,58,True,E100268
5469,E100740,2022 H2,2022-12-15,4,Exceeds Expectations,70,False,E100268
5470,E100740,2023 H1,2023-06-15,3,Meets Expectations,41,False,E100268
5471,E100740,2023 H2,2023-12-15,3,Meets Expectations,56,False,E100268
5472,E100740,2024 H1,2024-06-15,3,Meets Expectations,45,False,E100268
5473,E100740,2024 H2,2024-12-15,3,Meets Expectations,55,False,E100268
5474,E100740,2025 H1,2025-06-15,4,Exceeds Expectations,72,True,E100268
5475,E100740,2025 H2,2025-12-15,5,Outstanding,81,True,E100268
5476,E100741,2022 H1,2022-06-15,3,Meets Expectations,59,False,E100311
5477,E100741,2022 H2,2022-12-15,3,Meets Expectations,65,False,E100311
5478,E100741,2023 H1,2023-06-15,2,Needs Improvement,38,False,E100311
5479,E100741,2023 H2,2023-12-15,4,Exceeds Expectations,53,False,E100311
5480,E100741,2024 H1,2024-06-15,2,Needs Improvement,30,False,E100311
5481,E100741,2024 H2,2024-12-15,2,Needs Improvement,35,False,E100311
5482,E100741,2025 H1,2025-06-15,4,Exceeds Expectations,66,False,E100311
5483,E100741,2025 H2,2025-12-15,4,Exceeds Expectations,61,False,E100311
5484,E100741,2026 H1,2026-06-15,3,Meets Expectations,47,False,E100311
5485,E100742,2022 H1,2022-06-15,3,Meets Expectations,37,False,E100311
5486,E100742,2022 H2,2022-12-15,2,Needs Improvement,30,False,E100311
5487,E100742,2023 H1,2023-06-15,4,Exceeds Expectations,75,True,E100311
5488,E100742,2023 H2,2023-12-15,1,Unsatisfactory,34,False,E100311
5489,E100742,2024 H1,2024-06-15,2,Needs Improvement,45,False,E100311
5490,E100742,2024 H2,2024-12-15,4,Exceeds Expectations,83,False,E100311
5491,E100742,2025 H1,2025-06-15,3,Meets Expectations,55,False,E100311
5492,E100742,2025 H2,2025-12-15,3,Meets Expectations,72,False,E100311
5493,E100742,2026 H1,2026-06-15,3,Meets Expectations,67,False,E100311
5494,E100743,2022 H1,2022-06-15,2,Needs Improvement,30,False,E100314
5495,E100743,2022 H2,2022-12-15,3,Meets Expectations,54,False,E100314
5496,E100744,2022 H1,2022-06-15,3,Meets Expectations,48,False,E100325
5497,E100744,2022 H2,2022-12-15,1,Unsatisfactory,30,False,E100325
5498,E100744,2023 H1,2023-06-15,4,Exceeds Expectations,80,True,E100325
5499,E100744,2023 H2,2023-12-15,3,Meets Expectations,45,False,E100325
5500,E100744,2024 H1,2024-06-15,2,Needs Improvement,49,False,E100325
5501,E100744,2024 H2,2024-12-15,4,Exceeds Expectations,59,False,E100325
5502,E100744,2025 H1,2025-06-15,4,Exceeds Expectations,72,True,E100325
5503,E100744,2025 H2,2025-12-15,4,Exceeds Expectations,73,True,E100325
5504,E100746,2022 H1,2022-06-15,3,Meets Expectations,60,False,E100398
5505,E100746,2022 H2,2022-12-15,4,Exceeds Expectations,72,False,E100398
5506,E100746,2023 H1,2023-06-15,2,Needs Improvement,41,False,E100398
5507,E100746,2023 H2,2023-12-15,4,Exceeds Expectations,75,False,E100398
5508,E100746,2024 H1,2024-06-15,4,Exceeds Expectations,66,False,E100398
5509,E100746,2024 H2,2024-12-15,4,Exceeds Expectations,81,False,E100398
5510,E100746,2025 H1,2025-06-15,4,Exceeds Expectations,81,False,E100398
5511,E100746,2025 H2,2025-12-15,4,Exceeds Expectations,90,False,E100398
5512,E100747,2022 H1,2022-06-15,4,Exceeds Expectations,66,False,E100467
5513,E100747,2022 H2,2022-12-15,3,Meets Expectations,35,False,E100467
5514,E100747,2023 H1,2023-06-15,3,Meets Expectations,58,False,E100467
5515,E100747,2023 H2,2023-12-15,4,Exceeds Expectations,62,True,E100467
5516,E100748,2022 H1,2022-06-15,4,Exceeds Expectations,73,True,E100448
5517,E100748,2022 H2,2022-12-15,4,Exceeds Expectations,83,False,E100448
5518,E100748,2023 H1,2023-06-15,4,Exceeds Expectations,68,False,E100448
5519,E100748,2023 H2,2023-12-15,4,Exceeds Expectations,81,True,E100448
5520,E100749,2022 H1,2022-06-15,5,Outstanding,87,True,E100461
5521,E100749,2022 H2,2022-12-15,5,Outstanding,88,False,E100461
5522,E100749,2023 H1,2023-06-15,5,Outstanding,84,False,E100461
5523,E100749,2023 H2,2023-12-15,3,Meets Expectations,62,False,E100461
5524,E100749,2024 H1,2024-06-15,4,Exceeds Expectations,60,False,E100461
5525,E100749,2024 H2,2024-12-15,3,Meets Expectations,59,False,E100461
5526,E100749,2025 H1,2025-06-15,3,Meets Expectations,63,False,E100461
5527,E100749,2025 H2,2025-12-15,4,Exceeds Expectations,80,True,E100461
5528,E100749,2026 H1,2026-06-15,4,Exceeds Expectations,82,False,E100461
5529,E100750,2022 H1,2022-06-15,4,Exceeds Expectations,73,False,E100483
5530,E100750,2022 H2,2022-12-15,3,Meets Expectations,50,False,E100483
5531,E100750,2023 H1,2023-06-15,3,Meets Expectations,57,False,E100483
5532,E100750,2023 H2,2023-12-15,4,Exceeds Expectations,83,False,E100483
5533,E100750,2024 H1,2024-06-15,2,Needs Improvement,30,False,E100483
5534,E100750,2024 H2,2024-12-15,3,Meets Expectations,55,False,E100483
5535,E100750,2025 H1,2025-06-15,2,Needs Improvement,38,False,E100483
5536,E100750,2025 H2,2025-12-15,2,Needs Improvement,37,False,E100483
5537,E100750,2026 H1,2026-06-15,2,Needs Improvement,30,False,E100483
5538,E100751,2022 H1,2022-06-15,4,Exceeds Expectations,77,True,E100598
5539,E100751,2022 H2,2022-12-15,3,Meets Expectations,43,False,E100598
5540,E100751,2023 H1,2023-06-15,4,Exceeds Expectations,63,True,E100598
5541,E100751,2023 H2,2023-12-15,4,Exceeds Expectations,88,True,E100598
5542,E100751,2024 H1,2024-06-15,3,Meets Expectations,74,False,E100598
5543,E100751,2024 H2,2024-12-15,4,Exceeds Expectations,69,False,E100598
5544,E100751,2025 H1,2025-06-15,5,Outstanding,90,False,E100598
5545,E100752,2022 H1,2022-06-15,3,Meets Expectations,47,False,E100621
5546,E100752,2022 H2,2022-12-15,3,Meets Expectations,47,False,E100621
5547,E100753,2022 H1,2022-06-15,3,Meets Expectations,47,False,E100622
5548,E100753,2022 H2,2022-12-15,4,Exceeds Expectations,91,False,E100622
5549,E100753,2023 H1,2023-06-15,3,Meets Expectations,45,False,E100622
5550,E100754,2022 H1,2022-06-15,3,Meets Expectations,44,False,E100033
5551,E100754,2022 H2,2022-12-15,5,Outstanding,100,False,E100033
5552,E100754,2023 H1,2023-06-15,5,Outstanding,98,False,E100033
5553,E100754,2023 H2,2023-12-15,2,Needs Improvement,40,False,E100033
5554,E100754,2024 H1,2024-06-15,4,Exceeds Expectations,82,False,E100033
5555,E100754,2024 H2,2024-12-15,4,Exceeds Expectations,63,False,E100033
5556,E100754,2025 H1,2025-06-15,5,Outstanding,98,False,E100033
5557,E100754,2025 H2,2025-12-15,3,Meets Expectations,54,False,E100033
5558,E100754,2026 H1,2026-06-15,4,Exceeds Expectations,68,False,E100033
5559,E100755,2022 H1,2022-06-15,4,Exceeds Expectations,75,False,E100009
5560,E100755,2022 H2,2022-12-15,3,Meets Expectations,61,False,E100009
5561,E100755,2023 H1,2023-06-15,3,Meets Expectations,47,False,E100009
5562,E100755,2023 H2,2023-12-15,4,Exceeds Expectations,78,True,E100009
5563,E100755,2024 H1,2024-06-15,3,Meets Expectations,47,False,E100009
5564,E100755,2024 H2,2024-12-15,4,Exceeds Expectations,71,True,E100009
5565,E100755,2025 H1,2025-06-15,3,Meets Expectations,48,False,E100009
5566,E100755,2025 H2,2025-12-15,2,Needs Improvement,46,False,E100009
5567,E100755,2026 H1,2026-06-15,3,Meets Expectations,40,False,E100009
5568,E100756,2022 H1,2022-06-15,3,Meets Expectations,56,False,E100056
5569,E100756,2022 H2,2022-12-15,5,Outstanding,93,False,E100056
5570,E100756,2023 H1,2023-06-15,2,Needs Improvement,30,False,E100056
5571,E100756,2023 H2,2023-12-15,5,Outstanding,89,True,E100056
5572,E100756,2024 H1,2024-06-15,2,Needs Improvement,30,False,E100056
5573,E100756,2024 H2,2024-12-15,4,Exceeds Expectations,62,False,E100056
5574,E100756,2025 H1,2025-06-15,3,Meets Expectations,50,False,E100056
5575,E100756,2025 H2,2025-12-15,5,Outstanding,79,True,E100056
5576,E100756,2026 H1,2026-06-15,5,Outstanding,112,False,E100056
5577,E100757,2022 H1,2022-06-15,2,Needs Improvement,30,False,E100250
5578,E100757,2022 H2,2022-12-15,4,Exceeds Expectations,72,False,E100250
5579,E100757,2023 H1,2023-06-15,5,Outstanding,78,False,E100250
5580,E100757,2023 H2,2023-12-15,4,Exceeds Expectations,76,False,E100250
5581,E100757,2024 H1,2024-06-15,4,Exceeds Expectations,67,False,E100250
5582,E100757,2024 H2,2024-12-15,3,Meets Expectations,84,False,E100250
5583,E100757,2025 H1,2025-06-15,2,Needs Improvement,58,False,E100250
5584,E100757,2025 H2,2025-12-15,3,Meets Expectations,42,False,E100250
5585,E100757,2026 H1,2026-06-15,2,Needs Improvement,34,False,E100250
5586,E100758,2022 H1,2022-06-15,4,Exceeds Expectations,72,False,E100250
5587,E100758,2022 H2,2022-12-15,3,Meets Expectations,70,False,E100250
5588,E100758,2023 H1,2023-06-15,2,Needs Improvement,32,False,E100250
5589,E100758,2023 H2,2023-12-15,3,Meets Expectations,53,False,E100250
5590,E100759,2022 H1,2022-06-15,2,Needs Improvement,36,False,E100193
5591,E100759,2022 H2,2022-12-15,4,Exceeds Expectations,76,True,E100193
5592,E100760,2022 H1,2022-06-15,4,Exceeds Expectations,64,False,E100398
5593,E100760,2022 H2,2022-12-15,2,Needs Improvement,30,False,E100398
5594,E100760,2023 H1,2023-06-15,3,Meets Expectations,30,False,E100398
5595,E100761,2022 H1,2022-06-15,3,Meets Expectations,52,False,E100401
5596,E100761,2022 H2,2022-12-15,2,Needs Improvement,40,False,E100401
5597,E100761,2023 H1,2023-06-15,3,Meets Expectations,58,False,E100401
5598,E100761,2023 H2,2023-12-15,3,Meets Expectations,48,False,E100401
5599,E100761,2024 H1,2024-06-15,4,Exceeds Expectations,56,True,E100401
5600,E100761,2024 H2,2024-12-15,3,Meets Expectations,58,False,E100401
5601,E100761,2025 H1,2025-06-15,4,Exceeds Expectations,75,False,E100401
5602,E100761,2025 H2,2025-12-15,2,Needs Improvement,30,False,E100401
5603,E100761,2026 H1,2026-06-15,2,Needs Improvement,30,False,E100401
5604,E100762,2022 H1,2022-06-15,4,Exceeds Expectations,85,False,E100739
5605,E100762,2022 H2,2022-12-15,3,Meets Expectations,72,False,E100739
5606,E100764,2022 H2,2022-12-15,3,Meets Expectations,55,False,E100250
5607,E100764,2023 H1,2023-06-15,2,Needs Improvement,35,False,E100250
5608,E100764,2023 H2,2023-12-15,3,Meets Expectations,47,False,E100250
5609,E100764,2024 H1,2024-06-15,4,Exceeds Expectations,54,True,E100250
5610,E100764,2024 H2,2024-12-15,2,Needs Improvement,37,False,E100250
5611,E100764,2025 H1,2025-06-15,1,Unsatisfactory,30,False,E100250
5612,E100764,2025 H2,2025-12-15,3,Meets Expectations,60,False,E100250
5613,E100764,2026 H1,2026-06-15,3,Meets Expectations,57,False,E100250
5614,E100765,2022 H2,2022-12-15,3,Meets Expectations,65,False,E100250
5615,E100765,2023 H1,2023-06-15,4,Exceeds Expectations,75,False,E100250
5616,E100765,2023 H2,2023-12-15,4,Exceeds Expectations,79,False,E100250
5617,E100765,2024 H1,2024-06-15,3,Meets Expectations,57,False,E100250
5618,E100765,2024 H2,2024-12-15,3,Meets Expectations,40,False,E100250
5619,E100765,2025 H1,2025-06-15,3,Meets Expectations,64,False,E100250
5620,E100765,2025 H2,2025-12-15,4,Exceeds Expectations,61,False,E100250
5621,E100765,2026 H1,2026-06-15,3,Meets Expectations,50,False,E100250
5622,E100766,2022 H1,2022-06-15,2,Needs Improvement,30,False,E100398
5623,E100766,2022 H2,2022-12-15,2,Needs Improvement,32,False,E100398
5624,E100767,2022 H2,2022-12-15,3,Meets Expectations,62,False,E100128
5625,E100767,2023 H1,2023-06-15,4,Exceeds Expectations,82,False,E100128
5626,E100767,2023 H2,2023-12-15,1,Unsatisfactory,30,False,E100128
5627,E100767,2024 H1,2024-06-15,4,Exceeds Expectations,74,False,E100128
5628,E100767,2024 H2,2024-12-15,3,Meets Expectations,63,False,E100128
5629,E100767,2025 H1,2025-06-15,3,Meets Expectations,76,False,E100128
5630,E100767,2025 H2,2025-12-15,3,Meets Expectations,47,False,E100128
5631,E100767,2026 H1,2026-06-15,5,Outstanding,90,True,E100128
5632,E100768,2022 H2,2022-12-15,4,Exceeds Expectations,62,False,E100183
5633,E100768,2023 H1,2023-06-15,4,Exceeds Expectations,71,False,E100183
5634,E100768,2023 H2,2023-12-15,4,Exceeds Expectations,68,False,E100183
5635,E100768,2024 H1,2024-06-15,2,Needs Improvement,43,False,E100183
5636,E100768,2024 H2,2024-12-15,3,Meets Expectations,47,False,E100183
5637,E100768,2025 H1,2025-06-15,4,Exceeds Expectations,73,True,E100183
5638,E100768,2025 H2,2025-12-15,4,Exceeds Expectations,76,False,E100183
5639,E100768,2026 H1,2026-06-15,5,Outstanding,86,False,E100183
5640,E100769,2022 H2,2022-12-15,4,Exceeds Expectations,68,False,E100250
5641,E100770,2022 H2,2022-12-15,2,Needs Improvement,48,False,E100233
5642,E100772,2022 H2,2022-12-15,3,Meets Expectations,62,False,E100398
5643,E100772,2023 H1,2023-06-15,3,Meets Expectations,56,False,E100398
5644,E100772,2023 H2,2023-12-15,4,Exceeds Expectations,50,False,E100398
5645,E100772,2024 H1,2024-06-15,4,Exceeds Expectations,78,False,E100398
5646,E100772,2024 H2,2024-12-15,3,Meets Expectations,54,False,E100398
5647,E100773,2022 H2,2022-12-15,4,Exceeds Expectations,61,True,E100031
5648,E100773,2023 H1,2023-06-15,3,Meets Expectations,64,False,E100031
5649,E100773,2023 H2,2023-12-15,2,Needs Improvement,38,False,E100031
5650,E100773,2024 H1,2024-06-15,4,Exceeds Expectations,74,False,E100031
5651,E100773,2024 H2,2024-12-15,2,Needs Improvement,35,False,E100031
5652,E100773,2025 H1,2025-06-15,3,Meets Expectations,52,False,E100031
5653,E100775,2022 H2,2022-12-15,4,Exceeds Expectations,71,False,E100696
5654,E100775,2023 H1,2023-06-15,4,Exceeds Expectations,58,False,E100696
5655,E100775,2023 H2,2023-12-15,3,Meets Expectations,47,False,E100696
5656,E100775,2024 H1,2024-06-15,3,Meets Expectations,54,False,E100696
5657,E100775,2024 H2,2024-12-15,3,Meets Expectations,41,False,E100696
5658,E100775,2025 H1,2025-06-15,3,Meets Expectations,53,False,E100696
5659,E100775,2025 H2,2025-12-15,4,Exceeds Expectations,93,False,E100696
5660,E100775,2026 H1,2026-06-15,2,Needs Improvement,36,False,E100696
5661,E100777,2022 H2,2022-12-15,3,Meets Expectations,55,False,E100646
5662,E100777,2023 H1,2023-06-15,5,Outstanding,63,True,E100646
5663,E100777,2023 H2,2023-12-15,3,Meets Expectations,53,False,E100646
5664,E100777,2024 H1,2024-06-15,4,Exceeds Expectations,78,False,E100646
5665,E100777,2024 H2,2024-12-15,2,Needs Improvement,34,False,E100646
5666,E100777,2025 H1,2025-06-15,3,Meets Expectations,57,False,E100646
5667,E100777,2025 H2,2025-12-15,4,Exceeds Expectations,66,False,E100646
5668,E100777,2026 H1,2026-06-15,5,Outstanding,87,True,E100646
5669,E100778,2022 H2,2022-12-15,3,Meets Expectations,44,False,E100544
5670,E100779,2022 H2,2022-12-15,1,Unsatisfactory,30,False,E100562
5671,E100779,2023 H1,2023-06-15,3,Meets Expectations,55,False,E100562
5672,E100779,2023 H2,2023-12-15,5,Outstanding,92,False,E100562
5673,E100779,2024 H1,2024-06-15,4,Exceeds Expectations,81,False,E100562
5674,E100779,2024 H2,2024-12-15,5,Outstanding,92,False,E100562
5675,E100779,2025 H1,2025-06-15,4,Exceeds Expectations,66,False,E100562
5676,E100779,2025 H2,2025-12-15,4,Exceeds Expectations,77,False,E100562
5677,E100779,2026 H1,2026-06-15,3,Meets Expectations,42,False,E100562
5678,E100780,2022 H2,2022-12-15,4,Exceeds Expectations,79,False,E100031
5679,E100780,2023 H1,2023-06-15,3,Meets Expectations,56,False,E100031
5680,E100780,2023 H2,2023-12-15,4,Exceeds Expectations,75,False,E100031
5681,E100780,2024 H1,2024-06-15,5,Outstanding,82,False,E100031
5682,E100780,2024 H2,2024-12-15,2,Needs Improvement,30,False,E100031
5683,E100780,2025 H1,2025-06-15,3,Meets Expectations,47,False,E100031
5684,E100780,2025 H2,2025-12-15,4,Exceeds Expectations,52,False,E100031
5685,E100781,2022 H2,2022-12-15,3,Meets Expectations,63,False,E100304
5686,E100781,2023 H1,2023-06-15,3,Meets Expectations,41,False,E100304
5687,E100781,2023 H2,2023-12-15,3,Meets Expectations,66,False,E100304
5688,E100781,2024 H1,2024-06-15,3,Meets Expectations,57,False,E100304
5689,E100781,2024 H2,2024-12-15,3,Meets Expectations,70,False,E100304
5690,E100781,2025 H1,2025-06-15,3,Meets Expectations,48,False,E100304
5691,E100781,2025 H2,2025-12-15,4,Exceeds Expectations,77,False,E100304
5692,E100781,2026 H1,2026-06-15,3,Meets Expectations,55,False,E100304
5693,E100782,2022 H2,2022-12-15,4,Exceeds Expectations,66,True,E100304
5694,E100782,2023 H1,2023-06-15,4,Exceeds Expectations,72,True,E100304
5695,E100783,2022 H2,2022-12-15,4,Exceeds Expectations,66,False,E100259
5696,E100783,2023 H1,2023-06-15,3,Meets Expectations,45,False,E100259
5697,E100783,2023 H2,2023-12-15,3,Meets Expectations,65,False,E100259
5698,E100783,2024 H1,2024-06-15,2,Needs Improvement,30,False,E100259
5699,E100783,2024 H2,2024-12-15,3,Meets Expectations,57,False,E100259
5700,E100783,2025 H1,2025-06-15,5,Outstanding,87,False,E100259
5701,E100783,2025 H2,2025-12-15,2,Needs Improvement,42,False,E100259
5702,E100783,2026 H1,2026-06-15,3,Meets Expectations,58,False,E100259
5703,E100785,2022 H2,2022-12-15,4,Exceeds Expectations,65,True,E100398
5704,E100785,2023 H1,2023-06-15,2,Needs Improvement,30,False,E100398
5705,E100785,2023 H2,2023-12-15,5,Outstanding,84,False,E100398
5706,E100785,2024 H1,2024-06-15,3,Meets Expectations,59,False,E100398
5707,E100785,2024 H2,2024-12-15,3,Meets Expectations,31,False,E100398
5708,E100785,2025 H1,2025-06-15,2,Needs Improvement,37,False,E100398
5709,E100786,2022 H2,2022-12-15,3,Meets Expectations,69,False,E100409
5710,E100786,2023 H1,2023-06-15,2,Needs Improvement,30,False,E100409
5711,E100786,2023 H2,2023-12-15,2,Needs Improvement,41,False,E100409
5712,E100786,2024 H1,2024-06-15,2,Needs Improvement,51,False,E100409
5713,E100786,2024 H2,2024-12-15,5,Outstanding,99,False,E100409
5714,E100786,2025 H1,2025-06-15,2,Needs Improvement,38,False,E100409
5715,E100786,2025 H2,2025-12-15,1,Unsatisfactory,32,False,E100409
5716,E100786,2026 H1,2026-06-15,4,Exceeds Expectations,77,False,E100409
5717,E100787,2022 H2,2022-12-15,3,Meets Expectations,55,False,E100555
5718,E100787,2023 H1,2023-06-15,3,Meets Expectations,56,False,E100555
5719,E100787,2023 H2,2023-12-15,4,Exceeds Expectations,56,False,E100555
5720,E100787,2024 H1,2024-06-15,4,Exceeds Expectations,85,False,E100555
5721,E100787,2024 H2,2024-12-15,3,Meets Expectations,68,False,E100555
5722,E100788,2022 H2,2022-12-15,2,Needs Improvement,54,False,E100558
5723,E100788,2023 H1,2023-06-15,2,Needs Improvement,37,False,E100558
5724,E100789,2022 H2,2022-12-15,4,Exceeds Expectations,72,False,E100558
5725,E100789,2023 H1,2023-06-15,3,Meets Expectations,65,False,E100558
5726,E100789,2023 H2,2023-12-15,3,Meets Expectations,80,False,E100558
5727,E100789,2024 H1,2024-06-15,3,Meets Expectations,64,False,E100558
5728,E100789,2024 H2,2024-12-15,2,Needs Improvement,30,False,E100558
5729,E100789,2025 H1,2025-06-15,1,Unsatisfactory,30,False,E100558
5730,E100789,2025 H2,2025-12-15,4,Exceeds Expectations,50,False,E100558
5731,E100789,2026 H1,2026-06-15,2,Needs Improvement,30,False,E100558
5732,E100790,2022 H2,2022-12-15,3,Meets Expectations,50,False,E100009
5733,E100790,2023 H1,2023-06-15,4,Exceeds Expectations,70,True,E100009
5734,E100791,2022 H2,2022-12-15,5,Outstanding,77,False,E100206
5735,E100791,2023 H1,2023-06-15,3,Meets Expectations,47,False,E100206
5736,E100792,2022 H2,2022-12-15,3,Meets Expectations,61,False,E100300
5737,E100792,2023 H1,2023-06-15,4,Exceeds Expectations,57,True,E100300
5738,E100792,2023 H2,2023-12-15,3,Meets Expectations,55,False,E100300
5739,E100792,2024 H1,2024-06-15,5,Outstanding,106,False,E100300
5740,E100793,2022 H2,2022-12-15,4,Exceeds Expectations,73,False,E100698
5741,E100793,2023 H1,2023-06-15,4,Exceeds Expectations,61,True,E100698
5742,E100793,2023 H2,2023-12-15,3,Meets Expectations,44,False,E100698
5743,E100793,2024 H1,2024-06-15,4,Exceeds Expectations,68,False,E100698
5744,E100793,2024 H2,2024-12-15,3,Meets Expectations,55,False,E100698
5745,E100793,2025 H1,2025-06-15,4,Exceeds Expectations,90,False,E100698
5746,E100793,2025 H2,2025-12-15,3,Meets Expectations,52,False,E100698
5747,E100793,2026 H1,2026-06-15,4,Exceeds Expectations,71,False,E100698
5748,E100794,2022 H2,2022-12-15,3,Meets Expectations,32,False,E100325
5749,E100794,2023 H1,2023-06-15,4,Exceeds Expectations,70,False,E100325
5750,E100794,2023 H2,2023-12-15,5,Outstanding,87,False,E100325
5751,E100794,2024 H1,2024-06-15,2,Needs Improvement,43,False,E100325
5752,E100794,2024 H2,2024-12-15,3,Meets Expectations,62,False,E100325
5753,E100794,2025 H1,2025-06-15,4,Exceeds Expectations,74,False,E100325
5754,E100794,2025 H2,2025-12-15,4,Exceeds Expectations,66,False,E100325
5755,E100794,2026 H1,2026-06-15,3,Meets Expectations,54,False,E100325
5756,E100795,2022 H2,2022-12-15,5,Outstanding,90,False,E100341
5757,E100795,2023 H1,2023-06-15,3,Meets Expectations,64,False,E100341
5758,E100795,2023 H2,2023-12-15,3,Meets Expectations,59,False,E100341
5759,E100795,2024 H1,2024-06-15,2,Needs Improvement,30,False,E100341
5760,E100795,2024 H2,2024-12-15,4,Exceeds Expectations,68,False,E100341
5761,E100797,2022 H2,2022-12-15,1,Unsatisfactory,30,False,E100713
5762,E100797,2023 H1,2023-06-15,3,Meets Expectations,77,False,E100713
5763,E100797,2023 H2,2023-12-15,1,Unsatisfactory,30,False,E100713
5764,E100797,2024 H1,2024-06-15,3,Meets Expectations,53,False,E100713
5765,E100797,2024 H2,2024-12-15,3,Meets Expectations,64,False,E100713
5766,E100798,2022 H2,2022-12-15,4,Exceeds Expectations,63,False,E100467
5767,E100798,2023 H1,2023-06-15,4,Exceeds Expectations,86,False,E100467
5768,E100798,2023 H2,2023-12-15,4,Exceeds Expectations,96,True,E100467
5769,E100799,2022 H2,2022-12-15,4,Exceeds Expectations,73,True,E100562
5770,E100799,2023 H1,2023-06-15,3,Meets Expectations,63,False,E100562
5771,E100799,2023 H2,2023-12-15,3,Meets Expectations,66,False,E100562
5772,E100799,2024 H1,2024-06-15,3,Meets Expectations,57,False,E100562
5773,E100799,2024 H2,2024-12-15,2,Needs Improvement,33,False,E100562
5774,E100799,2025 H1,2025-06-15,3,Meets Expectations,70,False,E100562
5775,E100799,2025 H2,2025-12-15,3,Meets Expectations,53,False,E100562
5776,E100799,2026 H1,2026-06-15,2,Needs Improvement,30,False,E100562
5777,E100800,2022 H2,2022-12-15,3,Meets Expectations,45,False,E100133
5778,E100800,2023 H1,2023-06-15,3,Meets Expectations,44,False,E100133
5779,E100800,2023 H2,2023-12-15,4,Exceeds Expectations,67,False,E100133
5780,E100800,2024 H1,2024-06-15,4,Exceeds Expectations,67,False,E100133
5781,E100800,2024 H2,2024-12-15,4,Exceeds Expectations,78,True,E100133
5782,E100800,2025 H1,2025-06-15,3,Meets Expectations,66,False,E100133
5783,E100800,2025 H2,2025-12-15,3,Meets Expectations,42,False,E100133
5784,E100800,2026 H1,2026-06-15,3,Meets Expectations,50,False,E100133
5785,E100801,2022 H2,2022-12-15,3,Meets Expectations,30,False,E100052
5786,E100801,2023 H1,2023-06-15,2,Needs Improvement,42,False,E100052
5787,E100801,2023 H2,2023-12-15,3,Meets Expectations,56,False,E100052
5788,E100801,2024 H1,2024-06-15,4,Exceeds Expectations,69,False,E100052
5789,E100801,2024 H2,2024-12-15,3,Meets Expectations,48,False,E100052
5790,E100801,2025 H1,2025-06-15,4,Exceeds Expectations,61,False,E100052
5791,E100801,2025 H2,2025-12-15,4,Exceeds Expectations,85,False,E100052
5792,E100801,2026 H1,2026-06-15,1,Unsatisfactory,30,False,E100052
5793,E100802,2022 H2,2022-12-15,3,Meets Expectations,59,False,E100179
5794,E100802,2023 H1,2023-06-15,3,Meets Expectations,67,False,E100179
5795,E100802,2023 H2,2023-12-15,3,Meets Expectations,55,False,E100179
5796,E100802,2024 H1,2024-06-15,4,Exceeds Expectations,73,False,E100179
5797,E100802,2024 H2,2024-12-15,4,Exceeds Expectations,74,False,E100179
5798,E100802,2025 H1,2025-06-15,3,Meets Expectations,51,False,E100179
5799,E100802,2025 H2,2025-12-15,4,Exceeds Expectations,56,True,E100179
5800,E100802,2026 H1,2026-06-15,3,Meets Expectations,36,False,E100179
5801,E100803,2022 H2,2022-12-15,2,Needs Improvement,30,False,E100185
5802,E100803,2023 H1,2023-06-15,3,Meets Expectations,59,False,E100185
5803,E100803,2023 H2,2023-12-15,4,Exceeds Expectations,78,False,E100185
5804,E100803,2024 H1,2024-06-15,3,Meets Expectations,73,False,E100185
5805,E100803,2024 H2,2024-12-15,3,Meets Expectations,67,False,E100185
5806,E100803,2025 H1,2025-06-15,3,Meets Expectations,47,False,E100185
5807,E100803,2025 H2,2025-12-15,4,Exceeds Expectations,59,False,E100185
5808,E100803,2026 H1,2026-06-15,2,Needs Improvement,48,False,E100185
5809,E100804,2022 H2,2022-12-15,3,Meets Expectations,50,False,E100189
5810,E100804,2023 H1,2023-06-15,5,Outstanding,82,False,E100189
5811,E100804,2023 H2,2023-12-15,5,Outstanding,88,False,E100189
5812,E100804,2024 H1,2024-06-15,3,Meets Expectations,64,False,E100189
5813,E100804,2024 H2,2024-12-15,3,Meets Expectations,54,False,E100189
5814,E100805,2022 H2,2022-12-15,5,Outstanding,86,False,E100282
5815,E100805,2023 H1,2023-06-15,3,Meets Expectations,55,False,E100282
5816,E100805,2023 H2,2023-12-15,4,Exceeds Expectations,69,True,E100282
5817,E100805,2024 H1,2024-06-15,5,Outstanding,87,False,E100282
5818,E100805,2024 H2,2024-12-15,4,Exceeds Expectations,66,False,E100282
5819,E100805,2025 H1,2025-06-15,4,Exceeds Expectations,77,False,E100282
5820,E100805,2025 H2,2025-12-15,3,Meets Expectations,45,False,E100282
5821,E100805,2026 H1,2026-06-15,3,Meets Expectations,63,False,E100282
5822,E100806,2022 H2,2022-12-15,3,Meets Expectations,74,False,E100250
5823,E100806,2023 H1,2023-06-15,4,Exceeds Expectations,73,False,E100250
5824,E100807,2022 H2,2022-12-15,4,Exceeds Expectations,73,False,E100209
5825,E100807,2023 H1,2023-06-15,5,Outstanding,86,False,E100209
5826,E100807,2023 H2,2023-12-15,4,Exceeds Expectations,82,False,E100209
5827,E100807,2024 H1,2024-06-15,5,Outstanding,93,False,E100209
5828,E100808,2022 H2,2022-12-15,2,Needs Improvement,30,False,E100464
5829,E100808,2023 H1,2023-06-15,4,Exceeds Expectations,77,False,E100464
5830,E100808,2023 H2,2023-12-15,4,Exceeds Expectations,69,False,E100464
5831,E100808,2024 H1,2024-06-15,3,Meets Expectations,53,False,E100464
5832,E100808,2024 H2,2024-12-15,3,Meets Expectations,58,False,E100464
5833,E100808,2025 H1,2025-06-15,3,Meets Expectations,47,False,E100464
5834,E100808,2025 H2,2025-12-15,3,Meets Expectations,40,False,E100464
5835,E100809,2022 H2,2022-12-15,2,Needs Improvement,36,False,E100562
5836,E100809,2023 H1,2023-06-15,4,Exceeds Expectations,60,False,E100562
5837,E100809,2023 H2,2023-12-15,4,Exceeds Expectations,74,False,E100562
5838,E100809,2024 H1,2024-06-15,3,Meets Expectations,53,False,E100562
5839,E100809,2024 H2,2024-12-15,2,Needs Improvement,41,False,E100562
5840,E100809,2025 H1,2025-06-15,2,Needs Improvement,34,False,E100562
5841,E100809,2025 H2,2025-12-15,5,Outstanding,89,False,E100562
5842,E100809,2026 H1,2026-06-15,3,Meets Expectations,40,False,E100562
5843,E100812,2022 H2,2022-12-15,5,Outstanding,76,False,E100185
5844,E100812,2023 H1,2023-06-15,5,Outstanding,85,False,E100185
5845,E100812,2023 H2,2023-12-15,4,Exceeds Expectations,70,False,E100185
5846,E100814,2022 H2,2022-12-15,2,Needs Improvement,30,False,E100250
5847,E100815,2023 H1,2023-06-15,5,Outstanding,68,False,E100250
5848,E100816,2022 H2,2022-12-15,3,Meets Expectations,71,False,E100282
5849,E100816,2023 H1,2023-06-15,4,Exceeds Expectations,76,False,E100282
5850,E100817,2022 H2,2022-12-15,4,Exceeds Expectations,71,False,E100342
5851,E100819,2022 H2,2022-12-15,3,Meets Expectations,65,False,E100398
5852,E100819,2023 H1,2023-06-15,2,Needs Improvement,41,False,E100398
5853,E100819,2023 H2,2023-12-15,3,Meets Expectations,47,False,E100398
5854,E100819,2024 H1,2024-06-15,4,Exceeds Expectations,68,True,E100398
5855,E100819,2024 H2,2024-12-15,3,Meets Expectations,70,False,E100398
5856,E100819,2025 H1,2025-06-15,2,Needs Improvement,55,False,E100398
5857,E100819,2025 H2,2025-12-15,4,Exceeds Expectations,83,False,E100398
5858,E100819,2026 H1,2026-06-15,3,Meets Expectations,63,False,E100398
5859,E100820,2022 H2,2022-12-15,4,Exceeds Expectations,66,False,E100728
5860,E100820,2023 H1,2023-06-15,3,Meets Expectations,38,False,E100728
5861,E100820,2023 H2,2023-12-15,2,Needs Improvement,43,False,E100728
5862,E100820,2024 H1,2024-06-15,3,Meets Expectations,40,False,E100728
5863,E100820,2024 H2,2024-12-15,4,Exceeds Expectations,85,False,E100728
5864,E100821,2022 H2,2022-12-15,4,Exceeds Expectations,83,False,E100544
5865,E100821,2023 H1,2023-06-15,2,Needs Improvement,40,False,E100544
5866,E100821,2023 H2,2023-12-15,2,Needs Improvement,30,False,E100544
5867,E100821,2024 H1,2024-06-15,4,Exceeds Expectations,75,False,E100544
5868,E100821,2024 H2,2024-12-15,5,Outstanding,88,True,E100544
5869,E100821,2025 H1,2025-06-15,5,Outstanding,92,True,E100544
5870,E100821,2025 H2,2025-12-15,3,Meets Expectations,63,False,E100544
5871,E100821,2026 H1,2026-06-15,3,Meets Expectations,56,False,E100544
5872,E100822,2023 H1,2023-06-15,4,Exceeds Expectations,95,True,E100558
5873,E100822,2023 H2,2023-12-15,3,Meets Expectations,60,False,E100558
5874,E100822,2024 H1,2024-06-15,3,Meets Expectations,47,False,E100558
5875,E100822,2024 H2,2024-12-15,3,Meets Expectations,62,False,E100558
5876,E100822,2025 H1,2025-06-15,4,Exceeds Expectations,57,False,E100558
5877,E100822,2025 H2,2025-12-15,3,Meets Expectations,70,False,E100558
5878,E100822,2026 H1,2026-06-15,2,Needs Improvement,30,False,E100558
5879,E100823,2022 H2,2022-12-15,4,Exceeds Expectations,69,True,E100619
5880,E100823,2023 H1,2023-06-15,2,Needs Improvement,34,False,E100619
5881,E100823,2023 H2,2023-12-15,3,Meets Expectations,45,False,E100619
5882,E100823,2024 H1,2024-06-15,5,Outstanding,72,False,E100619
5883,E100824,2023 H1,2023-06-15,3,Meets Expectations,55,False,E100025
5884,E100824,2023 H2,2023-12-15,2,Needs Improvement,48,False,E100025
5885,E100824,2024 H1,2024-06-15,3,Meets Expectations,42,False,E100025
5886,E100824,2024 H2,2024-12-15,4,Exceeds Expectations,77,False,E100025
5887,E100824,2025 H1,2025-06-15,3,Meets Expectations,44,False,E100025
5888,E100824,2025 H2,2025-12-15,3,Meets Expectations,54,False,E100025
5889,E100824,2026 H1,2026-06-15,3,Meets Expectations,68,False,E100025
5890,E100825,2023 H1,2023-06-15,5,Outstanding,76,False,E100135
5891,E100825,2023 H2,2023-12-15,5,Outstanding,87,True,E100135
5892,E100825,2024 H1,2024-06-15,2,Needs Improvement,40,False,E100135
5893,E100825,2024 H2,2024-12-15,3,Meets Expectations,58,False,E100135
5894,E100825,2025 H1,2025-06-15,4,Exceeds Expectations,78,False,E100135
5895,E100825,2025 H2,2025-12-15,3,Meets Expectations,71,False,E100135
5896,E100825,2026 H1,2026-06-15,3,Meets Expectations,61,False,E100135
5897,E100826,2023 H1,2023-06-15,4,Exceeds Expectations,75,True,E100244
5898,E100826,2023 H2,2023-12-15,4,Exceeds Expectations,62,False,E100244
5899,E100826,2024 H1,2024-06-15,3,Meets Expectations,43,False,E100244
5900,E100826,2024 H2,2024-12-15,4,Exceeds Expectations,67,False,E100244
5901,E100826,2025 H1,2025-06-15,3,Meets Expectations,48,False,E100244
5902,E100826,2025 H2,2025-12-15,3,Meets Expectations,52,False,E100244
5903,E100826,2026 H1,2026-06-15,3,Meets Expectations,55,False,E100244
5904,E100827,2023 H1,2023-06-15,3,Meets Expectations,40,False,E100231
5905,E100827,2023 H2,2023-12-15,4,Exceeds Expectations,74,False,E100231
5906,E100827,2024 H1,2024-06-15,4,Exceeds Expectations,72,True,E100231
5907,E100827,2024 H2,2024-12-15,4,Exceeds Expectations,60,False,E100231
5908,E100827,2025 H1,2025-06-15,3,Meets Expectations,59,False,E100231
5909,E100827,2025 H2,2025-12-15,3,Meets Expectations,67,False,E100231
5910,E100827,2026 H1,2026-06-15,5,Outstanding,92,False,E100231
5911,E100828,2023 H1,2023-06-15,3,Meets Expectations,74,False,E100455
5912,E100828,2023 H2,2023-12-15,1,Unsatisfactory,30,False,E100455
5913,E100828,2024 H1,2024-06-15,4,Exceeds Expectations,54,True,E100455
5914,E100828,2024 H2,2024-12-15,3,Meets Expectations,63,False,E100455
5915,E100828,2025 H1,2025-06-15,3,Meets Expectations,59,False,E100455
5916,E100828,2025 H2,2025-12-15,2,Needs Improvement,30,False,E100455
5917,E100828,2026 H1,2026-06-15,3,Meets Expectations,66,False,E100455
5918,E100829,2023 H1,2023-06-15,4,Exceeds Expectations,62,True,E100645
5919,E100829,2023 H2,2023-12-15,3,Meets Expectations,60,False,E100645
5920,E100829,2024 H1,2024-06-15,3,Meets Expectations,58,False,E100645
5921,E100829,2024 H2,2024-12-15,3,Meets Expectations,48,False,E100645
5922,E100829,2025 H1,2025-06-15,3,Meets Expectations,46,False,E100645
5923,E100829,2025 H2,2025-12-15,3,Meets Expectations,35,False,E100645
5924,E100829,2026 H1,2026-06-15,3,Meets Expectations,42,False,E100645
5925,E100830,2023 H1,2023-06-15,3,Meets Expectations,52,False,E100566
5926,E100830,2023 H2,2023-12-15,4,Exceeds Expectations,69,True,E100566
5927,E100830,2024 H1,2024-06-15,3,Meets Expectations,49,False,E100566
5928,E100830,2024 H2,2024-12-15,4,Exceeds Expectations,70,True,E100566
5929,E100830,2025 H1,2025-06-15,2,Needs Improvement,33,False,E100566
5930,E100830,2025 H2,2025-12-15,3,Meets Expectations,56,False,E100566
5931,E100831,2023 H1,2023-06-15,3,Meets Expectations,50,False,E100110
5932,E100831,2023 H2,2023-12-15,4,Exceeds Expectations,64,False,E100110
5933,E100831,2024 H1,2024-06-15,3,Meets Expectations,67,False,E100110
5934,E100831,2024 H2,2024-12-15,3,Meets Expectations,35,False,E100110
5935,E100831,2025 H1,2025-06-15,4,Exceeds Expectations,56,False,E100110
5936,E100831,2025 H2,2025-12-15,3,Meets Expectations,57,False,E100110
5937,E100831,2026 H1,2026-06-15,4,Exceeds Expectations,77,False,E100110
5938,E100832,2023 H1,2023-06-15,2,Needs Improvement,51,False,E100764
5939,E100832,2023 H2,2023-12-15,3,Meets Expectations,45,False,E100764
5940,E100832,2024 H1,2024-06-15,4,Exceeds Expectations,62,False,E100764
5941,E100833,2023 H1,2023-06-15,4,Exceeds Expectations,68,False,E100313
5942,E100833,2023 H2,2023-12-15,3,Meets Expectations,78,False,E100313
5943,E100833,2024 H1,2024-06-15,4,Exceeds Expectations,49,True,E100313
5944,E100833,2024 H2,2024-12-15,2,Needs Improvement,38,False,E100313
5945,E100833,2025 H1,2025-06-15,2,Needs Improvement,30,False,E100313
5946,E100833,2025 H2,2025-12-15,4,Exceeds Expectations,70,True,E100313
5947,E100833,2026 H1,2026-06-15,4,Exceeds Expectations,84,False,E100313
5948,E100834,2023 H1,2023-06-15,4,Exceeds Expectations,62,True,E100398
5949,E100835,2023 H1,2023-06-15,4,Exceeds Expectations,79,False,E100657
5950,E100835,2023 H2,2023-12-15,3,Meets Expectations,44,False,E100657
5951,E100835,2024 H1,2024-06-15,3,Meets Expectations,55,False,E100657
5952,E100835,2024 H2,2024-12-15,2,Needs Improvement,44,False,E100657
5953,E100835,2025 H1,2025-06-15,3,Meets Expectations,53,False,E100657
5954,E100835,2025 H2,2025-12-15,4,Exceeds Expectations,73,False,E100657
5955,E100835,2026 H1,2026-06-15,3,Meets Expectations,44,False,E100657
5956,E100836,2023 H1,2023-06-15,5,Outstanding,103,True,E100614
5957,E100836,2023 H2,2023-12-15,4,Exceeds Expectations,72,False,E100614
5958,E100836,2024 H1,2024-06-15,4,Exceeds Expectations,61,False,E100614
5959,E100836,2024 H2,2024-12-15,3,Meets Expectations,36,False,E100614
5960,E100836,2025 H1,2025-06-15,3,Meets Expectations,59,False,E100614
5961,E100836,2025 H2,2025-12-15,4,Exceeds Expectations,62,False,E100614
5962,E100836,2026 H1,2026-06-15,3,Meets Expectations,57,False,E100614
5963,E100837,2023 H1,2023-06-15,2,Needs Improvement,50,False,E100752
5964,E100837,2023 H2,2023-12-15,3,Meets Expectations,52,False,E100752
5965,E100837,2024 H1,2024-06-15,4,Exceeds Expectations,69,False,E100752
5966,E100837,2024 H2,2024-12-15,3,Meets Expectations,58,False,E100752
5967,E100838,2023 H1,2023-06-15,3,Meets Expectations,56,False,E100135
5968,E100839,2023 H1,2023-06-15,3,Meets Expectations,41,False,E100036
5969,E100839,2023 H2,2023-12-15,5,Outstanding,86,False,E100036
5970,E100839,2024 H1,2024-06-15,4,Exceeds Expectations,63,False,E100036
5971,E100839,2024 H2,2024-12-15,2,Needs Improvement,46,False,E100036
5972,E100839,2025 H1,2025-06-15,3,Meets Expectations,55,False,E100036
5973,E100839,2025 H2,2025-12-15,3,Meets Expectations,75,False,E100036
5974,E100839,2026 H1,2026-06-15,4,Exceeds Expectations,78,False,E100036
5975,E100840,2023 H1,2023-06-15,3,Meets Expectations,52,False,E100182
5976,E100840,2023 H2,2023-12-15,3,Meets Expectations,59,False,E100182
5977,E100840,2024 H1,2024-06-15,3,Meets Expectations,50,False,E100182
5978,E100840,2024 H2,2024-12-15,4,Exceeds Expectations,87,True,E100182
5979,E100841,2023 H1,2023-06-15,1,Unsatisfactory,30,False,E100248
5980,E100841,2023 H2,2023-12-15,3,Meets Expectations,59,False,E100248
5981,E100841,2024 H1,2024-06-15,3,Meets Expectations,50,False,E100248
5982,E100841,2024 H2,2024-12-15,3,Meets Expectations,39,False,E100248
5983,E100841,2025 H1,2025-06-15,2,Needs Improvement,31,False,E100248
5984,E100841,2025 H2,2025-12-15,3,Meets Expectations,66,False,E100248
5985,E100841,2026 H1,2026-06-15,4,Exceeds Expectations,69,False,E100248
5986,E100842,2023 H1,2023-06-15,2,Needs Improvement,36,False,E100398
5987,E100842,2023 H2,2023-12-15,4,Exceeds Expectations,67,False,E100398
5988,E100845,2023 H1,2023-06-15,3,Meets Expectations,65,False,E100780
5989,E100845,2023 H2,2023-12-15,4,Exceeds Expectations,72,True,E100780
5990,E100845,2024 H1,2024-06-15,3,Meets Expectations,67,False,E100780
5991,E100845,2024 H2,2024-12-15,2,Needs Improvement,40,False,E100780
5992,E100845,2025 H1,2025-06-15,2,Needs Improvement,31,False,E100780
5993,E100845,2025 H2,2025-12-15,2,Needs Improvement,39,False,E100780
5994,E100845,2026 H1,2026-06-15,2,Needs Improvement,30,False,E100780
5995,E100846,2023 H1,2023-06-15,3,Meets Expectations,54,False,E100031
5996,E100846,2023 H2,2023-12-15,5,Outstanding,106,False,E100031
5997,E100846,2024 H1,2024-06-15,2,Needs Improvement,30,False,E100031
5998,E100846,2024 H2,2024-12-15,3,Meets Expectations,63,False,E100031
5999,E100846,2025 H1,2025-06-15,3,Meets Expectations,34,False,E100031
6000,E100846,2025 H2,2025-12-15,4,Exceeds Expectations,66,False,E100031
6001,E100846,2026 H1,2026-06-15,5,Outstanding,93,True,E100031
6002,E100847,2023 H1,2023-06-15,4,Exceeds Expectations,78,False,E100031
6003,E100847,2023 H2,2023-12-15,2,Needs Improvement,30,False,E100031
6004,E100847,2024 H1,2024-06-15,5,Outstanding,96,False,E100031
6005,E100847,2024 H2,2024-12-15,2,Needs Improvement,30,False,E100031
6006,E100847,2025 H1,2025-06-15,5,Outstanding,92,False,E100031
6007,E100847,2025 H2,2025-12-15,4,Exceeds Expectations,76,False,E100031
6008,E100847,2026 H1,2026-06-15,3,Meets Expectations,47,False,E100031
6009,E100848,2023 H1,2023-06-15,3,Meets Expectations,53,False,E100031
6010,E100848,2023 H2,2023-12-15,2,Needs Improvement,34,False,E100031
6011,E100848,2024 H1,2024-06-15,4,Exceeds Expectations,72,True,E100031
6012,E100848,2024 H2,2024-12-15,4,Exceeds Expectations,75,False,E100031
6013,E100848,2025 H1,2025-06-15,4,Exceeds Expectations,76,False,E100031
6014,E100848,2025 H2,2025-12-15,3,Meets Expectations,39,False,E100031
6015,E100848,2026 H1,2026-06-15,5,Outstanding,80,False,E100031
6016,E100849,2023 H1,2023-06-15,3,Meets Expectations,53,False,E100686
6017,E100850,2023 H1,2023-06-15,3,Meets Expectations,65,False,E100231
6018,E100850,2023 H2,2023-12-15,3,Meets Expectations,38,False,E100231
6019,E100850,2024 H1,2024-06-15,4,Exceeds Expectations,70,False,E100231
6020,E100850,2024 H2,2024-12-15,4,Exceeds Expectations,91,False,E100231
6021,E100850,2025 H1,2025-06-15,3,Meets Expectations,41,False,E100231
6022,E100850,2025 H2,2025-12-15,5,Outstanding,78,True,E100231
6023,E100851,2023 H1,2023-06-15,5,Outstanding,110,False,E100234
6024,E100851,2023 H2,2023-12-15,3,Meets Expectations,65,False,E100234
6025,E100851,2024 H1,2024-06-15,2,Needs Improvement,41,False,E100234
6026,E100851,2024 H2,2024-12-15,4,Exceeds Expectations,61,False,E100234
6027,E100851,2025 H1,2025-06-15,5,Outstanding,99,False,E100234
6028,E100851,2025 H2,2025-12-15,5,Outstanding,92,False,E100234
6029,E100851,2026 H1,2026-06-15,1,Unsatisfactory,30,False,E100234
6030,E100852,2023 H1,2023-06-15,3,Meets Expectations,65,False,E100813
6031,E100852,2023 H2,2023-12-15,2,Needs Improvement,60,False,E100813
6032,E100852,2024 H1,2024-06-15,4,Exceeds Expectations,87,False,E100813
6033,E100853,2023 H1,2023-06-15,2,Needs Improvement,33,False,E100372
6034,E100853,2023 H2,2023-12-15,5,Outstanding,81,True,E100372
6035,E100853,2024 H1,2024-06-15,2,Needs Improvement,36,False,E100372
6036,E100853,2024 H2,2024-12-15,4,Exceeds Expectations,68,False,E100372
6037,E100853,2025 H1,2025-06-15,3,Meets Expectations,55,False,E100372
6038,E100853,2025 H2,2025-12-15,3,Meets Expectations,59,False,E100372
6039,E100853,2026 H1,2026-06-15,2,Needs Improvement,30,False,E100372
6040,E100855,2023 H1,2023-06-15,4,Exceeds Expectations,66,False,E100398
6041,E100855,2023 H2,2023-12-15,4,Exceeds Expectations,67,False,E100398
6042,E100855,2024 H1,2024-06-15,4,Exceeds Expectations,77,False,E100398
6043,E100855,2024 H2,2024-12-15,3,Meets Expectations,53,False,E100398
6044,E100855,2025 H1,2025-06-15,3,Meets Expectations,44,False,E100398
6045,E100855,2025 H2,2025-12-15,4,Exceeds Expectations,67,False,E100398
6046,E100855,2026 H1,2026-06-15,3,Meets Expectations,55,False,E100398
6047,E100856,2023 H1,2023-06-15,5,Outstanding,89,False,E100493
6048,E100856,2023 H2,2023-12-15,3,Meets Expectations,55,False,E100493
6049,E100856,2024 H1,2024-06-15,3,Meets Expectations,45,False,E100493
6050,E100856,2024 H2,2024-12-15,4,Exceeds Expectations,69,False,E100493
6051,E100856,2025 H1,2025-06-15,2,Needs Improvement,33,False,E100493
6052,E100856,2025 H2,2025-12-15,3,Meets Expectations,52,False,E100493
6053,E100856,2026 H1,2026-06-15,2,Needs Improvement,42,False,E100493
6054,E100857,2023 H1,2023-06-15,4,Exceeds Expectations,71,True,E100551
6055,E100857,2023 H2,2023-12-15,3,Meets Expectations,56,False,E100551
6056,E100857,2024 H1,2024-06-15,4,Exceeds Expectations,65,True,E100551
6057,E100857,2024 H2,2024-12-15,4,Exceeds Expectations,65,False,E100551
6058,E100857,2025 H1,2025-06-15,2,Needs Improvement,33,False,E100551
6059,E100857,2025 H2,2025-12-15,4,Exceeds Expectations,69,True,E100551
6060,E100857,2026 H1,2026-06-15,4,Exceeds Expectations,71,False,E100551
6061,E100858,2023 H1,2023-06-15,5,Outstanding,98,False,E100608
6062,E100858,2023 H2,2023-12-15,2,Needs Improvement,31,False,E100608
6063,E100858,2024 H1,2024-06-15,3,Meets Expectations,59,False,E100608
6064,E100858,2024 H2,2024-12-15,4,Exceeds Expectations,78,False,E100608
6065,E100858,2025 H1,2025-06-15,2,Needs Improvement,33,False,E100608
6066,E100858,2025 H2,2025-12-15,4,Exceeds Expectations,75,False,E100608
6067,E100858,2026 H1,2026-06-15,1,Unsatisfactory,36,False,E100608
6068,E100859,2023 H1,2023-06-15,3,Meets Expectations,57,False,E100069
6069,E100859,2023 H2,2023-12-15,3,Meets Expectations,48,False,E100069
6070,E100859,2024 H1,2024-06-15,2,Needs Improvement,31,False,E100069
6071,E100859,2024 H2,2024-12-15,4,Exceeds Expectations,69,True,E100069
6072,E100859,2025 H1,2025-06-15,4,Exceeds Expectations,66,False,E100069
6073,E100859,2025 H2,2025-12-15,3,Meets Expectations,58,False,E100069
6074,E100859,2026 H1,2026-06-15,3,Meets Expectations,49,False,E100069
6075,E100860,2023 H1,2023-06-15,4,Exceeds Expectations,71,False,E100019
6076,E100860,2023 H2,2023-12-15,3,Meets Expectations,52,False,E100019
6077,E100860,2024 H1,2024-06-15,3,Meets Expectations,44,False,E100019
6078,E100860,2024 H2,2024-12-15,5,Outstanding,83,False,E100019
6079,E100860,2025 H1,2025-06-15,4,Exceeds Expectations,69,False,E100019
6080,E100860,2025 H2,2025-12-15,4,Exceeds Expectations,84,False,E100019
6081,E100860,2026 H1,2026-06-15,4,Exceeds Expectations,79,True,E100019
6082,E100861,2023 H1,2023-06-15,2,Needs Improvement,48,False,E100692
6083,E100861,2023 H2,2023-12-15,4,Exceeds Expectations,65,False,E100692
6084,E100861,2024 H1,2024-06-15,3,Meets Expectations,52,False,E100692
6085,E100861,2024 H2,2024-12-15,5,Outstanding,87,False,E100692
6086,E100861,2025 H1,2025-06-15,3,Meets Expectations,47,False,E100692
6087,E100861,2025 H2,2025-12-15,2,Needs Improvement,43,False,E100692
6088,E100861,2026 H1,2026-06-15,4,Exceeds Expectations,42,True,E100692
6089,E100862,2023 H1,2023-06-15,5,Outstanding,88,False,E100125
6090,E100862,2023 H2,2023-12-15,3,Meets Expectations,38,False,E100125
6091,E100862,2024 H1,2024-06-15,2,Needs Improvement,40,False,E100125
6092,E100862,2024 H2,2024-12-15,4,Exceeds Expectations,61,False,E100125
6093,E100862,2025 H1,2025-06-15,2,Needs Improvement,33,False,E100125
6094,E100862,2025 H2,2025-12-15,2,Needs Improvement,36,False,E100125
6095,E100862,2026 H1,2026-06-15,4,Exceeds Expectations,61,True,E100125
6096,E100863,2023 H1,2023-06-15,4,Exceeds Expectations,83,False,E100183
6097,E100863,2023 H2,2023-12-15,4,Exceeds Expectations,76,True,E100183
6098,E100863,2024 H1,2024-06-15,3,Meets Expectations,66,False,E100183
6099,E100863,2024 H2,2024-12-15,4,Exceeds Expectations,61,False,E100183
6100,E100863,2025 H1,2025-06-15,5,Outstanding,67,False,E100183
6101,E100863,2025 H2,2025-12-15,4,Exceeds Expectations,59,False,E100183
6102,E100863,2026 H1,2026-06-15,3,Meets Expectations,66,False,E100183
6103,E100864,2023 H1,2023-06-15,2,Needs Improvement,39,False,E100737
6104,E100864,2023 H2,2023-12-15,2,Needs Improvement,33,False,E100737
6105,E100864,2024 H1,2024-06-15,5,Outstanding,87,False,E100737
6106,E100864,2024 H2,2024-12-15,4,Exceeds Expectations,80,True,E100737
6107,E100864,2025 H1,2025-06-15,2,Needs Improvement,30,False,E100737
6108,E100864,2025 H2,2025-12-15,4,Exceeds Expectations,76,True,E100737
6109,E100864,2026 H1,2026-06-15,3,Meets Expectations,50,False,E100737
6110,E100865,2023 H1,2023-06-15,4,Exceeds Expectations,65,False,E100262
6111,E100865,2023 H2,2023-12-15,4,Exceeds Expectations,71,False,E100262
6112,E100865,2024 H1,2024-06-15,3,Meets Expectations,50,False,E100262
6113,E100865,2024 H2,2024-12-15,4,Exceeds Expectations,70,False,E100262
6114,E100865,2025 H1,2025-06-15,2,Needs Improvement,54,False,E100262
6115,E100865,2025 H2,2025-12-15,1,Unsatisfactory,31,False,E100262
6116,E100865,2026 H1,2026-06-15,3,Meets Expectations,48,False,E100262
6117,E100866,2023 H1,2023-06-15,5,Outstanding,66,False,E100248
6118,E100866,2023 H2,2023-12-15,3,Meets Expectations,67,False,E100248
6119,E100866,2024 H1,2024-06-15,3,Meets Expectations,57,False,E100248
6120,E100866,2024 H2,2024-12-15,4,Exceeds Expectations,70,False,E100248
6121,E100866,2025 H1,2025-06-15,5,Outstanding,89,False,E100248
6122,E100866,2025 H2,2025-12-15,3,Meets Expectations,58,False,E100248
6123,E100866,2026 H1,2026-06-15,4,Exceeds Expectations,64,True,E100248
6124,E100867,2023 H1,2023-06-15,3,Meets Expectations,42,False,E100437
6125,E100867,2023 H2,2023-12-15,3,Meets Expectations,48,False,E100437
6126,E100867,2024 H1,2024-06-15,4,Exceeds Expectations,53,False,E100437
6127,E100867,2024 H2,2024-12-15,3,Meets Expectations,61,False,E100437
6128,E100867,2025 H1,2025-06-15,4,Exceeds Expectations,80,False,E100437
6129,E100867,2025 H2,2025-12-15,4,Exceeds Expectations,79,True,E100437
6130,E100867,2026 H1,2026-06-15,2,Needs Improvement,30,False,E100437
6131,E100868,2023 H1,2023-06-15,4,Exceeds Expectations,51,False,E100772
6132,E100868,2023 H2,2023-12-15,2,Needs Improvement,32,False,E100772
6133,E100868,2024 H1,2024-06-15,3,Meets Expectations,48,False,E100772
6134,E100868,2024 H2,2024-12-15,2,Needs Improvement,47,False,E100772
6135,E100868,2025 H1,2025-06-15,3,Meets Expectations,39,False,E100772
6136,E100868,2025 H2,2025-12-15,1,Unsatisfactory,30,False,E100772
6137,E100868,2026 H1,2026-06-15,3,Meets Expectations,45,False,E100772
6138,E100869,2023 H1,2023-06-15,4,Exceeds Expectations,77,True,E100621
6139,E100869,2023 H2,2023-12-15,4,Exceeds Expectations,71,False,E100621
6140,E100870,2023 H1,2023-06-15,3,Meets Expectations,59,False,E100031
6141,E100870,2023 H2,2023-12-15,2,Needs Improvement,32,False,E100031
6142,E100870,2024 H1,2024-06-15,2,Needs Improvement,38,False,E100031
6143,E100870,2024 H2,2024-12-15,4,Exceeds Expectations,72,False,E100031
6144,E100870,2025 H1,2025-06-15,3,Meets Expectations,38,False,E100031
6145,E100870,2025 H2,2025-12-15,4,Exceeds Expectations,80,False,E100031
6146,E100870,2026 H1,2026-06-15,3,Meets Expectations,47,False,E100031
6147,E100871,2023 H2,2023-12-15,3,Meets Expectations,65,False,E100219
6148,E100871,2024 H1,2024-06-15,5,Outstanding,89,True,E100219
6149,E100871,2024 H2,2024-12-15,3,Meets Expectations,56,False,E100219
6150,E100871,2025 H1,2025-06-15,4,Exceeds Expectations,80,False,E100219
6151,E100871,2025 H2,2025-12-15,5,Outstanding,91,False,E100219
6152,E100871,2026 H1,2026-06-15,5,Outstanding,96,False,E100219
6153,E100872,2023 H1,2023-06-15,3,Meets Expectations,66,False,E100306
6154,E100872,2023 H2,2023-12-15,5,Outstanding,83,False,E100306
6155,E100872,2024 H1,2024-06-15,3,Meets Expectations,56,False,E100306
6156,E100872,2024 H2,2024-12-15,3,Meets Expectations,63,False,E100306
6157,E100872,2025 H1,2025-06-15,3,Meets Expectations,49,False,E100306
6158,E100872,2025 H2,2025-12-15,4,Exceeds Expectations,89,False,E100306
6159,E100872,2026 H1,2026-06-15,2,Needs Improvement,30,False,E100306
6160,E100873,2023 H2,2023-12-15,3,Meets Expectations,39,False,E100757
6161,E100873,2024 H1,2024-06-15,3,Meets Expectations,52,False,E100757
6162,E100873,2024 H2,2024-12-15,4,Exceeds Expectations,58,True,E100757
6163,E100873,2025 H1,2025-06-15,3,Meets Expectations,46,False,E100757
6164,E100873,2025 H2,2025-12-15,3,Meets Expectations,55,False,E100757
6165,E100873,2026 H1,2026-06-15,4,Exceeds Expectations,70,False,E100757
6166,E100874,2023 H1,2023-06-15,4,Exceeds Expectations,60,False,E100392
6167,E100874,2023 H2,2023-12-15,4,Exceeds Expectations,78,True,E100392
6168,E100874,2024 H1,2024-06-15,4,Exceeds Expectations,50,True,E100392
6169,E100874,2024 H2,2024-12-15,4,Exceeds Expectations,76,False,E100392
6170,E100874,2025 H1,2025-06-15,4,Exceeds Expectations,60,False,E100392
6171,E100874,2025 H2,2025-12-15,4,Exceeds Expectations,68,False,E100392
6172,E100874,2026 H1,2026-06-15,2,Needs Improvement,36,False,E100392
6173,E100875,2023 H1,2023-06-15,2,Needs Improvement,33,False,E100398
6174,E100876,2023 H2,2023-12-15,3,Meets Expectations,47,False,E100056
6175,E100876,2024 H1,2024-06-15,4,Exceeds Expectations,57,False,E100056
6176,E100876,2024 H2,2024-12-15,3,Meets Expectations,70,False,E100056
6177,E100876,2025 H1,2025-06-15,3,Meets Expectations,48,False,E100056
6178,E100876,2025 H2,2025-12-15,3,Meets Expectations,64,False,E100056
6179,E100876,2026 H1,2026-06-15,4,Exceeds Expectations,61,False,E100056
6180,E100877,2023 H2,2023-12-15,4,Exceeds Expectations,82,False,E100031
6181,E100877,2024 H1,2024-06-15,4,Exceeds Expectations,80,True,E100031
6182,E100877,2024 H2,2024-12-15,5,Outstanding,77,False,E100031
6183,E100877,2025 H1,2025-06-15,4,Exceeds Expectations,64,True,E100031
6184,E100877,2025 H2,2025-12-15,3,Meets Expectations,55,False,E100031
6185,E100877,2026 H1,2026-06-15,2,Needs Improvement,34,False,E100031
6186,E100878,2023 H2,2023-12-15,5,Outstanding,97,True,E100185
6187,E100878,2024 H1,2024-06-15,2,Needs Improvement,30,False,E100185
6188,E100878,2024 H2,2024-12-15,3,Meets Expectations,47,False,E100185
6189,E100878,2025 H1,2025-06-15,4,Exceeds Expectations,61,False,E100185
6190,E100878,2025 H2,2025-12-15,4,Exceeds Expectations,75,False,E100185
6191,E100878,2026 H1,2026-06-15,3,Meets Expectations,54,False,E100185
6192,E100879,2023 H2,2023-12-15,5,Outstanding,88,False,E100195
6193,E100879,2024 H1,2024-06-15,4,Exceeds Expectations,60,False,E100195
6194,E100880,2023 H2,2023-12-15,3,Meets Expectations,45,False,E100234
6195,E100880,2024 H1,2024-06-15,4,Exceeds Expectations,76,True,E100234
6196,E100880,2024 H2,2024-12-15,4,Exceeds Expectations,71,True,E100234
6197,E100880,2025 H1,2025-06-15,2,Needs Improvement,40,False,E100234
6198,E100880,2025 H2,2025-12-15,4,Exceeds Expectations,83,False,E100234
6199,E100880,2026 H1,2026-06-15,4,Exceeds Expectations,73,True,E100234
6200,E100881,2023 H2,2023-12-15,4,Exceeds Expectations,80,True,E100227
6201,E100881,2024 H1,2024-06-15,4,Exceeds Expectations,67,False,E100227
6202,E100881,2024 H2,2024-12-15,2,Needs Improvement,43,False,E100227
6203,E100882,2023 H2,2023-12-15,3,Meets Expectations,51,False,E100316
6204,E100882,2024 H1,2024-06-15,4,Exceeds Expectations,69,False,E100316
6205,E100882,2024 H2,2024-12-15,4,Exceeds Expectations,85,False,E100316
6206,E100882,2025 H1,2025-06-15,4,Exceeds Expectations,64,False,E100316
6207,E100882,2025 H2,2025-12-15,3,Meets Expectations,54,False,E100316
6208,E100882,2026 H1,2026-06-15,4,Exceeds Expectations,77,False,E100316
6209,E100883,2023 H2,2023-12-15,3,Meets Expectations,59,False,E100325
6210,E100883,2024 H1,2024-06-15,5,Outstanding,93,False,E100325
6211,E100883,2024 H2,2024-12-15,3,Meets Expectations,66,False,E100325
6212,E100883,2025 H1,2025-06-15,3,Meets Expectations,67,False,E100325
6213,E100883,2025 H2,2025-12-15,3,Meets Expectations,60,False,E100325
6214,E100883,2026 H1,2026-06-15,3,Meets Expectations,58,False,E100325
6215,E100884,2023 H2,2023-12-15,4,Exceeds Expectations,82,False,E100566
6216,E100884,2024 H1,2024-06-15,3,Meets Expectations,66,False,E100566
6217,E100884,2024 H2,2024-12-15,4,Exceeds Expectations,50,False,E100566
6218,E100884,2025 H1,2025-06-15,4,Exceeds Expectations,47,False,E100566
6219,E100884,2025 H2,2025-12-15,2,Needs Improvement,32,False,E100566
6220,E100884,2026 H1,2026-06-15,2,Needs Improvement,30,False,E100566
6221,E100885,2023 H2,2023-12-15,3,Meets Expectations,52,False,E100621
6222,E100885,2024 H1,2024-06-15,3,Meets Expectations,55,False,E100621
6223,E100885,2024 H2,2024-12-15,5,Outstanding,88,False,E100621
6224,E100885,2025 H1,2025-06-15,3,Meets Expectations,57,False,E100621
6225,E100886,2023 H2,2023-12-15,2,Needs Improvement,46,False,E100692
6226,E100886,2024 H1,2024-06-15,4,Exceeds Expectations,91,False,E100692
6227,E100886,2024 H2,2024-12-15,4,Exceeds Expectations,61,False,E100692
6228,E100886,2025 H1,2025-06-15,4,Exceeds Expectations,56,False,E100692
6229,E100886,2025 H2,2025-12-15,4,Exceeds Expectations,73,False,E100692
6230,E100886,2026 H1,2026-06-15,3,Meets Expectations,49,False,E100692
6231,E100887,2023 H2,2023-12-15,3,Meets Expectations,65,False,E100695
6232,E100887,2024 H1,2024-06-15,2,Needs Improvement,40,False,E100695
6233,E100887,2024 H2,2024-12-15,4,Exceeds Expectations,61,False,E100695
6234,E100887,2025 H1,2025-06-15,5,Outstanding,102,False,E100695
6235,E100887,2025 H2,2025-12-15,3,Meets Expectations,56,False,E100695
6236,E100888,2023 H2,2023-12-15,3,Meets Expectations,50,False,E100185
6237,E100888,2024 H1,2024-06-15,2,Needs Improvement,36,False,E100185
6238,E100888,2024 H2,2024-12-15,2,Needs Improvement,30,False,E100185
6239,E100888,2025 H1,2025-06-15,4,Exceeds Expectations,75,True,E100185
6240,E100888,2025 H2,2025-12-15,3,Meets Expectations,39,False,E100185
6241,E100888,2026 H1,2026-06-15,4,Exceeds Expectations,78,False,E100185
6242,E100890,2023 H2,2023-12-15,4,Exceeds Expectations,82,True,E100255
6243,E100890,2024 H1,2024-06-15,4,Exceeds Expectations,70,False,E100255
6244,E100891,2023 H2,2023-12-15,3,Meets Expectations,60,False,E100250
6245,E100891,2024 H1,2024-06-15,3,Meets Expectations,58,False,E100250
6246,E100891,2024 H2,2024-12-15,2,Needs Improvement,42,False,E100250
6247,E100891,2025 H1,2025-06-15,4,Exceeds Expectations,63,False,E100250
6248,E100891,2025 H2,2025-12-15,3,Meets Expectations,52,False,E100250
6249,E100891,2026 H1,2026-06-15,5,Outstanding,87,True,E100250
6250,E100892,2023 H2,2023-12-15,4,Exceeds Expectations,77,False,E100194
6251,E100892,2024 H1,2024-06-15,3,Meets Expectations,69,False,E100194
6252,E100892,2024 H2,2024-12-15,4,Exceeds Expectations,49,False,E100194
6253,E100892,2025 H1,2025-06-15,3,Meets Expectations,75,False,E100194
6254,E100892,2025 H2,2025-12-15,3,Meets Expectations,58,False,E100194
6255,E100893,2023 H2,2023-12-15,3,Meets Expectations,52,False,E100319
6256,E100893,2024 H1,2024-06-15,4,Exceeds Expectations,79,False,E100319
6257,E100893,2024 H2,2024-12-15,4,Exceeds Expectations,73,False,E100319
6258,E100893,2025 H1,2025-06-15,3,Meets Expectations,56,False,E100319
6259,E100893,2025 H2,2025-12-15,4,Exceeds Expectations,72,False,E100319
6260,E100893,2026 H1,2026-06-15,4,Exceeds Expectations,60,False,E100319
6261,E100894,2023 H2,2023-12-15,3,Meets Expectations,67,False,E100341
6262,E100895,2023 H2,2023-12-15,4,Exceeds Expectations,77,False,E100398
6263,E100895,2024 H1,2024-06-15,4,Exceeds Expectations,75,False,E100398
6264,E100895,2024 H2,2024-12-15,4,Exceeds Expectations,68,True,E100398
6265,E100895,2025 H1,2025-06-15,4,Exceeds Expectations,61,False,E100398
6266,E100896,2023 H2,2023-12-15,3,Meets Expectations,45,False,E100461
6267,E100896,2024 H1,2024-06-15,5,Outstanding,89,False,E100461
6268,E100896,2024 H2,2024-12-15,4,Exceeds Expectations,65,True,E100461
6269,E100896,2025 H1,2025-06-15,3,Meets Expectations,49,False,E100461
6270,E100896,2025 H2,2025-12-15,2,Needs Improvement,30,False,E100461
6271,E100896,2026 H1,2026-06-15,2,Needs Improvement,38,False,E100461
6272,E100897,2023 H2,2023-12-15,4,Exceeds Expectations,68,False,E100455
6273,E100897,2024 H1,2024-06-15,4,Exceeds Expectations,69,False,E100455
6274,E100897,2024 H2,2024-12-15,4,Exceeds Expectations,70,False,E100455
6275,E100897,2025 H1,2025-06-15,5,Outstanding,86,True,E100455
6276,E100897,2025 H2,2025-12-15,5,Outstanding,76,False,E100455
6277,E100897,2026 H1,2026-06-15,4,Exceeds Expectations,66,False,E100455
6278,E100898,2023 H2,2023-12-15,4,Exceeds Expectations,59,False,E100621
6279,E100898,2024 H1,2024-06-15,3,Meets Expectations,47,False,E100621
6280,E100898,2024 H2,2024-12-15,3,Meets Expectations,51,False,E100621
6281,E100898,2025 H1,2025-06-15,2,Needs Improvement,40,False,E100621
6282,E100899,2023 H2,2023-12-15,4,Exceeds Expectations,51,False,E100780
6283,E100899,2024 H1,2024-06-15,4,Exceeds Expectations,61,False,E100780
6284,E100899,2024 H2,2024-12-15,3,Meets Expectations,53,False,E100780
6285,E100899,2025 H1,2025-06-15,3,Meets Expectations,43,False,E100780
6286,E100899,2025 H2,2025-12-15,3,Meets Expectations,52,False,E100780
6287,E100899,2026 H1,2026-06-15,3,Meets Expectations,48,False,E100780
6288,E100900,2023 H2,2023-12-15,3,Meets Expectations,59,False,E100135
6289,E100900,2024 H1,2024-06-15,3,Meets Expectations,38,False,E100135
6290,E100901,2023 H2,2023-12-15,3,Meets Expectations,63,False,E100224
6291,E100902,2023 H2,2023-12-15,4,Exceeds Expectations,86,False,E100891
6292,E100902,2024 H1,2024-06-15,2,Needs Improvement,31,False,E100891
6293,E100902,2024 H2,2024-12-15,5,Outstanding,94,False,E100891
6294,E100902,2025 H1,2025-06-15,2,Needs Improvement,40,False,E100891
6295,E100903,2023 H2,2023-12-15,3,Meets Expectations,62,False,E100250
6296,E100904,2023 H2,2023-12-15,3,Meets Expectations,63,False,E100306
6297,E100905,2023 H2,2023-12-15,3,Meets Expectations,56,False,E100300
6298,E100905,2024 H1,2024-06-15,5,Outstanding,91,False,E100300
6299,E100905,2024 H2,2024-12-15,2,Needs Improvement,30,False,E100300
6300,E100905,2025 H1,2025-06-15,5,Outstanding,68,True,E100300
6301,E100905,2025 H2,2025-12-15,3,Meets Expectations,82,False,E100300
6302,E100907,2023 H2,2023-12-15,3,Meets Expectations,57,False,E100341
6303,E100907,2024 H1,2024-06-15,3,Meets Expectations,58,False,E100341
6304,E100907,2024 H2,2024-12-15,4,Exceeds Expectations,68,False,E100341
6305,E100907,2025 H1,2025-06-15,3,Meets Expectations,42,False,E100341
6306,E100907,2025 H2,2025-12-15,3,Meets Expectations,54,False,E100341
6307,E100907,2026 H1,2026-06-15,5,Outstanding,75,False,E100341
6308,E100908,2023 H2,2023-12-15,4,Exceeds Expectations,81,False,E100401
6309,E100909,2023 H2,2023-12-15,3,Meets Expectations,60,False,E100467
6310,E100909,2024 H1,2024-06-15,4,Exceeds Expectations,91,False,E100467
6311,E100909,2024 H2,2024-12-15,5,Outstanding,68,False,E100467
6312,E100909,2025 H1,2025-06-15,3,Meets Expectations,58,False,E100467
6313,E100909,2025 H2,2025-12-15,4,Exceeds Expectations,79,False,E100467
6314,E100909,2026 H1,2026-06-15,4,Exceeds Expectations,74,True,E100467
6315,E100910,2023 H2,2023-12-15,4,Exceeds Expectations,75,True,E100699
6316,E100910,2024 H1,2024-06-15,4,Exceeds Expectations,77,False,E100699
6317,E100910,2024 H2,2024-12-15,1,Unsatisfactory,30,False,E100699
6318,E100910,2025 H1,2025-06-15,3,Meets Expectations,59,False,E100699
6319,E100910,2025 H2,2025-12-15,4,Exceeds Expectations,54,True,E100699
6320,E100910,2026 H1,2026-06-15,3,Meets Expectations,56,False,E100699
6321,E100911,2023 H2,2023-12-15,4,Exceeds Expectations,74,False,E100398
6322,E100911,2024 H1,2024-06-15,3,Meets Expectations,57,False,E100398
6323,E100911,2024 H2,2024-12-15,4,Exceeds Expectations,53,False,E100398
6324,E100911,2025 H1,2025-06-15,3,Meets Expectations,58,False,E100398
6325,E100911,2025 H2,2025-12-15,3,Meets Expectations,54,False,E100398
6326,E100911,2026 H1,2026-06-15,3,Meets Expectations,49,False,E100398
6327,E100912,2023 H2,2023-12-15,4,Exceeds Expectations,60,False,E100772
6328,E100912,2024 H1,2024-06-15,4,Exceeds Expectations,64,False,E100772
6329,E100913,2023 H2,2023-12-15,2,Needs Improvement,44,False,E100622
6330,E100913,2024 H1,2024-06-15,5,Outstanding,92,True,E100622
6331,E100913,2024 H2,2024-12-15,4,Exceeds Expectations,67,True,E100622
6332,E100914,2023 H2,2023-12-15,5,Outstanding,106,False,E100123
6333,E100914,2024 H1,2024-06-15,4,Exceeds Expectations,84,False,E100123
6334,E100914,2024 H2,2024-12-15,3,Meets Expectations,53,False,E100123
6335,E100914,2025 H1,2025-06-15,4,Exceeds Expectations,68,False,E100123
6336,E100914,2025 H2,2025-12-15,5,Outstanding,101,True,E100123
6337,E100914,2026 H1,2026-06-15,3,Meets Expectations,57,False,E100123
6338,E100915,2023 H2,2023-12-15,4,Exceeds Expectations,78,False,E100106
6339,E100916,2023 H2,2023-12-15,3,Meets Expectations,46,False,E100162
6340,E100916,2024 H1,2024-06-15,3,Meets Expectations,50,False,E100162
6341,E100916,2024 H2,2024-12-15,4,Exceeds Expectations,78,False,E100162
6342,E100916,2025 H1,2025-06-15,5,Outstanding,63,True,E100162
6343,E100916,2025 H2,2025-12-15,5,Outstanding,68,False,E100162
6344,E100916,2026 H1,2026-06-15,4,Exceeds Expectations,75,False,E100162
6345,E100918,2023 H2,2023-12-15,3,Meets Expectations,56,False,E100398
6346,E100918,2024 H1,2024-06-15,3,Meets Expectations,66,False,E100398
6347,E100919,2023 H2,2023-12-15,2,Needs Improvement,41,False,E100700
6348,E100919,2024 H1,2024-06-15,4,Exceeds Expectations,55,False,E100700
6349,E100919,2024 H2,2024-12-15,2,Needs Improvement,30,False,E100700
6350,E100919,2025 H1,2025-06-15,2,Needs Improvement,45,False,E100700
6351,E100919,2025 H2,2025-12-15,4,Exceeds Expectations,78,True,E100700
6352,E100919,2026 H1,2026-06-15,4,Exceeds Expectations,74,False,E100700
6353,E100920,2023 H2,2023-12-15,2,Needs Improvement,32,False,E100036
6354,E100920,2024 H1,2024-06-15,4,Exceeds Expectations,68,False,E100036
6355,E100920,2024 H2,2024-12-15,4,Exceeds Expectations,81,True,E100036
6356,E100920,2025 H1,2025-06-15,4,Exceeds Expectations,90,True,E100036
6357,E100920,2025 H2,2025-12-15,3,Meets Expectations,50,False,E100036
6358,E100920,2026 H1,2026-06-15,3,Meets Expectations,48,False,E100036
6359,E100921,2023 H2,2023-12-15,3,Meets Expectations,47,False,E100025
6360,E100921,2024 H1,2024-06-15,4,Exceeds Expectations,64,False,E100025
6361,E100921,2024 H2,2024-12-15,5,Outstanding,59,False,E100025
6362,E100921,2025 H1,2025-06-15,3,Meets Expectations,63,False,E100025
6363,E100921,2025 H2,2025-12-15,2,Needs Improvement,30,False,E100025
6364,E100921,2026 H1,2026-06-15,4,Exceeds Expectations,78,False,E100025
6365,E100922,2023 H2,2023-12-15,3,Meets Expectations,52,False,E100179
6366,E100922,2024 H1,2024-06-15,5,Outstanding,91,False,E100179
6367,E100923,2023 H2,2023-12-15,2,Needs Improvement,30,False,E100300
6368,E100924,2023 H2,2023-12-15,4,Exceeds Expectations,81,True,E100814
6369,E100925,2023 H2,2023-12-15,4,Exceeds Expectations,86,True,E100197
6370,E100925,2024 H1,2024-06-15,4,Exceeds Expectations,72,False,E100197
6371,E100925,2024 H2,2024-12-15,4,Exceeds Expectations,77,False,E100197
6372,E100925,2025 H1,2025-06-15,3,Meets Expectations,56,False,E100197
6373,E100925,2025 H2,2025-12-15,3,Meets Expectations,30,False,E100197
6374,E100925,2026 H1,2026-06-15,3,Meets Expectations,61,False,E100197
6375,E100927,2023 H2,2023-12-15,2,Needs Improvement,43,False,E100441
6376,E100927,2024 H1,2024-06-15,4,Exceeds Expectations,64,False,E100441
6377,E100927,2024 H2,2024-12-15,5,Outstanding,84,False,E100441
6378,E100927,2025 H1,2025-06-15,2,Needs Improvement,40,False,E100441
6379,E100927,2025 H2,2025-12-15,4,Exceeds Expectations,88,False,E100441
6380,E100927,2026 H1,2026-06-15,3,Meets Expectations,63,False,E100441
6381,E100928,2023 H2,2023-12-15,3,Meets Expectations,59,False,E100476
6382,E100928,2024 H1,2024-06-15,5,Outstanding,114,False,E100476
6383,E100928,2024 H2,2024-12-15,3,Meets Expectations,68,False,E100476
6384,E100928,2025 H1,2025-06-15,3,Meets Expectations,47,False,E100476
6385,E100928,2025 H2,2025-12-15,3,Meets Expectations,63,False,E100476
6386,E100928,2026 H1,2026-06-15,4,Exceeds Expectations,57,False,E100476
6387,E100929,2023 H2,2023-12-15,4,Exceeds Expectations,85,False,E100856
6388,E100929,2024 H1,2024-06-15,4,Exceeds Expectations,80,False,E100856
6389,E100929,2024 H2,2024-12-15,3,Meets Expectations,63,False,E100856
6390,E100929,2025 H1,2025-06-15,3,Meets Expectations,55,False,E100856
6391,E100929,2025 H2,2025-12-15,3,Meets Expectations,42,False,E100856
6392,E100929,2026 H1,2026-06-15,2,Needs Improvement,31,False,E100856
6393,E100930,2023 H2,2023-12-15,4,Exceeds Expectations,64,False,E100728
6394,E100930,2024 H1,2024-06-15,5,Outstanding,87,True,E100728
6395,E100930,2024 H2,2024-12-15,2,Needs Improvement,30,False,E100728
6396,E100930,2025 H1,2025-06-15,5,Outstanding,94,False,E100728
6397,E100931,2023 H2,2023-12-15,2,Needs Improvement,32,False,E100044
6398,E100931,2024 H1,2024-06-15,3,Meets Expectations,62,False,E100044
6399,E100931,2024 H2,2024-12-15,5,Outstanding,81,False,E100044
6400,E100932,2023 H2,2023-12-15,4,Exceeds Expectations,72,False,E100138
6401,E100932,2024 H1,2024-06-15,3,Meets Expectations,50,False,E100138
6402,E100932,2024 H2,2024-12-15,2,Needs Improvement,39,False,E100138
6403,E100932,2025 H1,2025-06-15,4,Exceeds Expectations,78,False,E100138
6404,E100932,2025 H2,2025-12-15,4,Exceeds Expectations,62,False,E100138
6405,E100932,2026 H1,2026-06-15,4,Exceeds Expectations,63,False,E100138
6406,E100933,2023 H2,2023-12-15,3,Meets Expectations,44,False,E100031
6407,E100933,2024 H1,2024-06-15,4,Exceeds Expectations,64,False,E100031
6408,E100933,2024 H2,2024-12-15,5,Outstanding,84,False,E100031
6409,E100933,2025 H1,2025-06-15,4,Exceeds Expectations,78,False,E100031
6410,E100933,2025 H2,2025-12-15,2,Needs Improvement,30,False,E100031
6411,E100933,2026 H1,2026-06-15,2,Needs Improvement,37,False,E100031
6412,E100934,2024 H1,2024-06-15,3,Meets Expectations,45,False,E100113
6413,E100934,2024 H2,2024-12-15,5,Outstanding,84,False,E100113
6414,E100934,2025 H1,2025-06-15,4,Exceeds Expectations,68,False,E100113
6415,E100934,2025 H2,2025-12-15,3,Meets Expectations,49,False,E100113
6416,E100934,2026 H1,2026-06-15,3,Meets Expectations,39,False,E100113
6417,E100935,2024 H1,2024-06-15,3,Meets Expectations,46,False,E100183
6418,E100935,2024 H2,2024-12-15,4,Exceeds Expectations,87,False,E100183
6419,E100935,2025 H1,2025-06-15,5,Outstanding,86,False,E100183
6420,E100935,2025 H2,2025-12-15,2,Needs Improvement,34,False,E100183
6421,E100935,2026 H1,2026-06-15,4,Exceeds Expectations,71,True,E100183
6422,E100936,2023 H2,2023-12-15,4,Exceeds Expectations,60,True,E100290
6423,E100936,2024 H1,2024-06-15,3,Meets Expectations,53,False,E100290
6424,E100936,2024 H2,2024-12-15,3,Meets Expectations,47,False,E100290
6425,E100936,2025 H1,2025-06-15,2,Needs Improvement,30,False,E100290
6426,E100936,2025 H2,2025-12-15,5,Outstanding,76,False,E100290
6427,E100937,2024 H1,2024-06-15,3,Meets Expectations,47,False,E100758
6428,E100937,2024 H2,2024-12-15,3,Meets Expectations,75,False,E100758
6429,E100937,2025 H1,2025-06-15,4,Exceeds Expectations,66,False,E100758
6430,E100937,2025 H2,2025-12-15,3,Meets Expectations,61,False,E100758
6431,E100937,2026 H1,2026-06-15,4,Exceeds Expectations,76,False,E100758
6432,E100938,2023 H2,2023-12-15,5,Outstanding,82,True,E100195
6433,E100938,2024 H1,2024-06-15,3,Meets Expectations,55,False,E100195
6434,E100938,2024 H2,2024-12-15,4,Exceeds Expectations,65,False,E100195
6435,E100938,2025 H1,2025-06-15,4,Exceeds Expectations,77,True,E100195
6436,E100938,2025 H2,2025-12-15,3,Meets Expectations,50,False,E100195
6437,E100938,2026 H1,2026-06-15,4,Exceeds Expectations,66,False,E100195
6438,E100939,2024 H1,2024-06-15,3,Meets Expectations,42,False,E100711
6439,E100939,2024 H2,2024-12-15,2,Needs Improvement,31,False,E100711
6440,E100939,2025 H1,2025-06-15,1,Unsatisfactory,30,False,E100711
6441,E100939,2025 H2,2025-12-15,5,Outstanding,82,False,E100711
6442,E100939,2026 H1,2026-06-15,4,Exceeds Expectations,74,False,E100711
6443,E100940,2023 H2,2023-12-15,5,Outstanding,82,False,E100337
6444,E100940,2024 H1,2024-06-15,3,Meets Expectations,51,False,E100337
6445,E100940,2024 H2,2024-12-15,3,Meets Expectations,42,False,E100337
6446,E100940,2025 H1,2025-06-15,3,Meets Expectations,40,False,E100337
6447,E100941,2023 H2,2023-12-15,2,Needs Improvement,37,False,E100744
6448,E100941,2024 H1,2024-06-15,5,Outstanding,100,True,E100744
6449,E100941,2024 H2,2024-12-15,4,Exceeds Expectations,66,True,E100744
6450,E100941,2025 H1,2025-06-15,2,Needs Improvement,30,False,E100744
6451,E100942,2024 H1,2024-06-15,3,Meets Expectations,73,False,E100342
6452,E100942,2024 H2,2024-12-15,4,Exceeds Expectations,74,False,E100342
6453,E100943,2023 H2,2023-12-15,5,Outstanding,91,True,E100455
6454,E100943,2024 H1,2024-06-15,4,Exceeds Expectations,93,False,E100455
6455,E100943,2024 H2,2024-12-15,4,Exceeds Expectations,76,True,E100455
6456,E100944,2024 H1,2024-06-15,1,Unsatisfactory,32,False,E100842
6457,E100944,2024 H2,2024-12-15,2,Needs Improvement,30,False,E100842
6458,E100944,2025 H1,2025-06-15,4,Exceeds Expectations,77,False,E100842
6459,E100944,2025 H2,2025-12-15,2,Needs Improvement,30,False,E100842
6460,E100945,2024 H1,2024-06-15,1,Unsatisfactory,30,False,E100398
6461,E100945,2024 H2,2024-12-15,3,Meets Expectations,39,False,E100398
6462,E100945,2025 H1,2025-06-15,5,Outstanding,82,False,E100398
6463,E100945,2025 H2,2025-12-15,3,Meets Expectations,63,False,E100398
6464,E100946,2024 H1,2024-06-15,3,Meets Expectations,74,False,E100530
6465,E100946,2024 H2,2024-12-15,4,Exceeds Expectations,68,False,E100530
6466,E100946,2025 H1,2025-06-15,5,Outstanding,104,False,E100530
6467,E100946,2025 H2,2025-12-15,3,Meets Expectations,44,False,E100530
6468,E100946,2026 H1,2026-06-15,3,Meets Expectations,59,False,E100530
6469,E100947,2023 H2,2023-12-15,3,Meets Expectations,50,False,E100566
6470,E100947,2024 H1,2024-06-15,3,Meets Expectations,47,False,E100566
6471,E100947,2024 H2,2024-12-15,4,Exceeds Expectations,66,False,E100566
6472,E100947,2025 H1,2025-06-15,5,Outstanding,89,False,E100566
6473,E100947,2025 H2,2025-12-15,2,Needs Improvement,36,False,E100566
6474,E100947,2026 H1,2026-06-15,4,Exceeds Expectations,70,False,E100566
6475,E100948,2024 H1,2024-06-15,3,Meets Expectations,43,False,E100562
6476,E100948,2024 H2,2024-12-15,4,Exceeds Expectations,75,True,E100562
6477,E100948,2025 H1,2025-06-15,4,Exceeds Expectations,61,False,E100562
6478,E100948,2025 H2,2025-12-15,3,Meets Expectations,45,False,E100562
6479,E100948,2026 H1,2026-06-15,4,Exceeds Expectations,57,False,E100562
6480,E100949,2023 H2,2023-12-15,5,Outstanding,69,False,E100621
6481,E100950,2023 H2,2023-12-15,2,Needs Improvement,37,False,E100636
6482,E100950,2024 H1,2024-06-15,3,Meets Expectations,45,False,E100636
6483,E100950,2024 H2,2024-12-15,4,Exceeds Expectations,43,False,E100636
6484,E100950,2025 H1,2025-06-15,2,Needs Improvement,30,False,E100636
6485,E100950,2025 H2,2025-12-15,2,Needs Improvement,43,False,E100636
6486,E100950,2026 H1,2026-06-15,4,Exceeds Expectations,73,False,E100636
6487,E100951,2024 H1,2024-06-15,5,Outstanding,58,False,E100054
6488,E100951,2024 H2,2024-12-15,3,Meets Expectations,71,False,E100054
6489,E100951,2025 H1,2025-06-15,4,Exceeds Expectations,61,False,E100054
6490,E100952,2024 H1,2024-06-15,4,Exceeds Expectations,72,True,E100025
6491,E100952,2024 H2,2024-12-15,3,Meets Expectations,45,False,E100025
6492,E100952,2025 H1,2025-06-15,5,Outstanding,104,True,E100025
6493,E100952,2025 H2,2025-12-15,3,Meets Expectations,49,False,E100025
6494,E100952,2026 H1,2026-06-15,4,Exceeds Expectations,60,False,E100025
6495,E100953,2024 H1,2024-06-15,3,Meets Expectations,60,False,E100811
6496,E100953,2024 H2,2024-12-15,3,Meets Expectations,67,False,E100811
6497,E100953,2025 H1,2025-06-15,3,Meets Expectations,43,False,E100811
6498,E100953,2025 H2,2025-12-15,4,Exceeds Expectations,57,False,E100811
6499,E100953,2026 H1,2026-06-15,4,Exceeds Expectations,72,False,E100811
6500,E100954,2024 H1,2024-06-15,3,Meets Expectations,42,False,E100182
6501,E100954,2024 H2,2024-12-15,3,Meets Expectations,39,False,E100182
6502,E100954,2025 H1,2025-06-15,5,Outstanding,89,False,E100182
6503,E100954,2025 H2,2025-12-15,4,Exceeds Expectations,58,False,E100182
6504,E100954,2026 H1,2026-06-15,3,Meets Expectations,62,False,E100182
6505,E100955,2024 H1,2024-06-15,2,Needs Improvement,30,False,E100758
6506,E100955,2024 H2,2024-12-15,4,Exceeds Expectations,67,False,E100758
6507,E100955,2025 H1,2025-06-15,3,Meets Expectations,40,False,E100758
6508,E100955,2025 H2,2025-12-15,4,Exceeds Expectations,85,False,E100758
6509,E100955,2026 H1,2026-06-15,5,Outstanding,87,False,E100758
6510,E100956,2024 H1,2024-06-15,4,Exceeds Expectations,82,False,E100193
6511,E100956,2024 H2,2024-12-15,3,Meets Expectations,64,False,E100193
6512,E100956,2025 H1,2025-06-15,4,Exceeds Expectations,78,True,E100193
6513,E100956,2025 H2,2025-12-15,3,Meets Expectations,35,False,E100193
6514,E100956,2026 H1,2026-06-15,4,Exceeds Expectations,71,True,E100193
6515,E100957,2024 H1,2024-06-15,3,Meets Expectations,35,False,E100700
6516,E100957,2024 H2,2024-12-15,5,Outstanding,85,True,E100700
6517,E100957,2025 H1,2025-06-15,1,Unsatisfactory,37,False,E100700
6518,E100957,2025 H2,2025-12-15,3,Meets Expectations,59,False,E100700
6519,E100957,2026 H1,2026-06-15,5,Outstanding,84,False,E100700
6520,E100959,2024 H1,2024-06-15,3,Meets Expectations,47,False,E100682
6521,E100959,2024 H2,2024-12-15,4,Exceeds Expectations,58,False,E100682
6522,E100959,2025 H1,2025-06-15,5,Outstanding,99,False,E100682
6523,E100959,2025 H2,2025-12-15,3,Meets Expectations,51,False,E100682
6524,E100960,2024 H1,2024-06-15,5,Outstanding,69,False,E100773
6525,E100960,2024 H2,2024-12-15,3,Meets Expectations,49,False,E100773
6526,E100960,2025 H1,2025-06-15,3,Meets Expectations,30,False,E100773
6527,E100960,2025 H2,2025-12-15,3,Meets Expectations,34,False,E100773
6528,E100960,2026 H1,2026-06-15,4,Exceeds Expectations,75,False,E100773
6529,E100961,2024 H1,2024-06-15,5,Outstanding,103,False,E100891
6530,E100961,2024 H2,2024-12-15,3,Meets Expectations,63,False,E100891
6531,E100962,2024 H1,2024-06-15,4,Exceeds Expectations,73,False,E100227
6532,E100962,2024 H2,2024-12-15,3,Meets Expectations,69,False,E100227
6533,E100962,2025 H1,2025-06-15,4,Exceeds Expectations,52,False,E100227
6534,E100962,2025 H2,2025-12-15,4,Exceeds Expectations,64,True,E100227
6535,E100962,2026 H1,2026-06-15,5,Outstanding,81,False,E100227
6536,E100963,2024 H1,2024-06-15,3,Meets Expectations,63,False,E100398
6537,E100963,2024 H2,2024-12-15,5,Outstanding,88,False,E100398
6538,E100963,2025 H1,2025-06-15,3,Meets Expectations,44,False,E100398
6539,E100963,2025 H2,2025-12-15,2,Needs Improvement,37,False,E100398
6540,E100963,2026 H1,2026-06-15,4,Exceeds Expectations,58,False,E100398
6541,E100964,2024 H1,2024-06-15,3,Meets Expectations,50,False,E100368
6542,E100964,2024 H2,2024-12-15,3,Meets Expectations,60,False,E100368
6543,E100964,2025 H1,2025-06-15,3,Meets Expectations,68,False,E100368
6544,E100964,2025 H2,2025-12-15,2,Needs Improvement,34,False,E100368
6545,E100964,2026 H1,2026-06-15,2,Needs Improvement,41,False,E100368
6546,E100965,2024 H1,2024-06-15,3,Meets Expectations,51,False,E100958
6547,E100965,2024 H2,2024-12-15,3,Meets Expectations,64,False,E100958
6548,E100965,2025 H1,2025-06-15,4,Exceeds Expectations,75,False,E100958
6549,E100965,2025 H2,2025-12-15,3,Meets Expectations,55,False,E100958
6550,E100965,2026 H1,2026-06-15,4,Exceeds Expectations,69,True,E100958
6551,E100966,2024 H1,2024-06-15,5,Outstanding,82,False,E100126
6552,E100966,2024 H2,2024-12-15,3,Meets Expectations,49,False,E100126
6553,E100966,2025 H1,2025-06-15,5,Outstanding,83,True,E100126
6554,E100966,2025 H2,2025-12-15,4,Exceeds Expectations,63,True,E100126
6555,E100966,2026 H1,2026-06-15,4,Exceeds Expectations,92,False,E100126
6556,E100967,2024 H1,2024-06-15,2,Needs Improvement,30,False,E100197
6557,E100967,2024 H2,2024-12-15,5,Outstanding,101,True,E100197
6558,E100967,2025 H1,2025-06-15,2,Needs Improvement,30,False,E100197
6559,E100967,2025 H2,2025-12-15,3,Meets Expectations,61,False,E100197
6560,E100967,2026 H1,2026-06-15,4,Exceeds Expectations,74,True,E100197
6561,E100968,2024 H1,2024-06-15,2,Needs Improvement,50,False,E100696
6562,E100968,2024 H2,2024-12-15,4,Exceeds Expectations,67,False,E100696
6563,E100969,2024 H1,2024-06-15,5,Outstanding,87,False,E100325
6564,E100969,2024 H2,2024-12-15,4,Exceeds Expectations,95,False,E100325
6565,E100969,2025 H1,2025-06-15,3,Meets Expectations,48,False,E100325
6566,E100969,2025 H2,2025-12-15,4,Exceeds Expectations,73,False,E100325
6567,E100969,2026 H1,2026-06-15,5,Outstanding,98,False,E100325
6568,E100970,2024 H1,2024-06-15,4,Exceeds Expectations,63,False,E100566
6569,E100970,2024 H2,2024-12-15,4,Exceeds Expectations,60,False,E100566
6570,E100970,2025 H1,2025-06-15,4,Exceeds Expectations,78,True,E100566
6571,E100971,2024 H1,2024-06-15,1,Unsatisfactory,30,False,E100622
6572,E100971,2024 H2,2024-12-15,3,Meets Expectations,48,False,E100622
6573,E100971,2025 H1,2025-06-15,3,Meets Expectations,40,False,E100622
6574,E100971,2025 H2,2025-12-15,5,Outstanding,97,False,E100622
6575,E100971,2026 H1,2026-06-15,5,Outstanding,88,True,E100622
6576,E100972,2024 H1,2024-06-15,3,Meets Expectations,63,False,E100033
6577,E100972,2024 H2,2024-12-15,4,Exceeds Expectations,84,False,E100033
6578,E100972,2025 H1,2025-06-15,4,Exceeds Expectations,90,False,E100033
6579,E100972,2025 H2,2025-12-15,4,Exceeds Expectations,77,True,E100033
6580,E100972,2026 H1,2026-06-15,5,Outstanding,78,False,E100033
6581,E100973,2024 H1,2024-06-15,4,Exceeds Expectations,63,False,E100106
6582,E100973,2024 H2,2024-12-15,4,Exceeds Expectations,76,False,E100106
6583,E100973,2025 H1,2025-06-15,2,Needs Improvement,35,False,E100106
6584,E100973,2025 H2,2025-12-15,4,Exceeds Expectations,74,True,E100106
6585,E100973,2026 H1,2026-06-15,4,Exceeds Expectations,76,False,E100106
6586,E100974,2024 H1,2024-06-15,4,Exceeds Expectations,72,False,E100124
6587,E100974,2024 H2,2024-12-15,3,Meets Expectations,57,False,E100124
6588,E100974,2025 H1,2025-06-15,2,Needs Improvement,32,False,E100124
6589,E100975,2024 H1,2024-06-15,3,Meets Expectations,38,False,E100888
6590,E100975,2024 H2,2024-12-15,4,Exceeds Expectations,69,False,E100888
6591,E100975,2025 H1,2025-06-15,3,Meets Expectations,55,False,E100888
6592,E100975,2025 H2,2025-12-15,2,Needs Improvement,36,False,E100888
6593,E100975,2026 H1,2026-06-15,3,Meets Expectations,62,False,E100888
6594,E100976,2024 H1,2024-06-15,4,Exceeds Expectations,63,True,E100814
6595,E100976,2024 H2,2024-12-15,3,Meets Expectations,42,False,E100814
6596,E100976,2025 H1,2025-06-15,3,Meets Expectations,55,False,E100814
6597,E100976,2025 H2,2025-12-15,4,Exceeds Expectations,69,True,E100814
6598,E100977,2024 H1,2024-06-15,3,Meets Expectations,61,False,E100302
6599,E100977,2024 H2,2024-12-15,4,Exceeds Expectations,57,False,E100302
6600,E100977,2025 H1,2025-06-15,3,Meets Expectations,50,False,E100302
6601,E100977,2025 H2,2025-12-15,3,Meets Expectations,48,False,E100302
6602,E100978,2024 H1,2024-06-15,4,Exceeds Expectations,59,False,E100188
6603,E100978,2024 H2,2024-12-15,4,Exceeds Expectations,71,False,E100188
6604,E100978,2025 H1,2025-06-15,3,Meets Expectations,71,False,E100188
6605,E100978,2025 H2,2025-12-15,4,Exceeds Expectations,66,False,E100188
6606,E100979,2024 H1,2024-06-15,4,Exceeds Expectations,66,False,E100337
6607,E100979,2024 H2,2024-12-15,3,Meets Expectations,43,False,E100337
6608,E100980,2024 H1,2024-06-15,3,Meets Expectations,57,False,E100398
6609,E100980,2024 H2,2024-12-15,3,Meets Expectations,47,False,E100398
6610,E100980,2025 H1,2025-06-15,5,Outstanding,88,False,E100398
6611,E100980,2025 H2,2025-12-15,3,Meets Expectations,52,False,E100398
6612,E100980,2026 H1,2026-06-15,3,Meets Expectations,60,False,E100398
6613,E100981,2024 H1,2024-06-15,4,Exceeds Expectations,71,True,E100766
6614,E100981,2024 H2,2024-12-15,4,Exceeds Expectations,94,False,E100766
6615,E100981,2025 H1,2025-06-15,3,Meets Expectations,45,False,E100766
6616,E100982,2024 H1,2024-06-15,5,Outstanding,82,True,E100433
6617,E100982,2024 H2,2024-12-15,3,Meets Expectations,59,False,E100433
6618,E100982,2025 H1,2025-06-15,3,Meets Expectations,64,False,E100433
6619,E100982,2025 H2,2025-12-15,3,Meets Expectations,48,False,E100433
6620,E100982,2026 H1,2026-06-15,5,Outstanding,87,True,E100433
6621,E100983,2024 H1,2024-06-15,2,Needs Improvement,60,False,E100535
6622,E100983,2024 H2,2024-12-15,3,Meets Expectations,50,False,E100535
6623,E100983,2025 H1,2025-06-15,3,Meets Expectations,56,False,E100535
6624,E100983,2025 H2,2025-12-15,4,Exceeds Expectations,91,True,E100535
6625,E100983,2026 H1,2026-06-15,3,Meets Expectations,63,False,E100535
6626,E100984,2024 H1,2024-06-15,5,Outstanding,94,False,E100535
6627,E100985,2024 H1,2024-06-15,4,Exceeds Expectations,75,False,E100555
6628,E100985,2024 H2,2024-12-15,4,Exceeds Expectations,69,False,E100555
6629,E100985,2025 H1,2025-06-15,2,Needs Improvement,43,False,E100555
6630,E100985,2025 H2,2025-12-15,3,Meets Expectations,51,False,E100555
6631,E100985,2026 H1,2026-06-15,4,Exceeds Expectations,68,False,E100555
6632,E100986,2024 H1,2024-06-15,5,Outstanding,77,False,E100869
6633,E100986,2024 H2,2024-12-15,3,Meets Expectations,44,False,E100869
6634,E100986,2025 H1,2025-06-15,3,Meets Expectations,49,False,E100869
6635,E100986,2025 H2,2025-12-15,4,Exceeds Expectations,77,False,E100869
6636,E100986,2026 H1,2026-06-15,4,Exceeds Expectations,58,False,E100869
6637,E100987,2024 H1,2024-06-15,3,Meets Expectations,52,False,E100045
6638,E100987,2024 H2,2024-12-15,5,Outstanding,72,False,E100045
6639,E100987,2025 H1,2025-06-15,4,Exceeds Expectations,70,True,E100045
6640,E100987,2025 H2,2025-12-15,2,Needs Improvement,45,False,E100045
6641,E100987,2026 H1,2026-06-15,3,Meets Expectations,66,False,E100045
6642,E100988,2024 H1,2024-06-15,3,Meets Expectations,49,False,E100110
6643,E100988,2024 H2,2024-12-15,5,Outstanding,83,True,E100110
6644,E100988,2025 H1,2025-06-15,4,Exceeds Expectations,53,False,E100110
6645,E100988,2025 H2,2025-12-15,4,Exceeds Expectations,76,False,E100110
6646,E100988,2026 H1,2026-06-15,4,Exceeds Expectations,73,True,E100110
6647,E100989,2024 H1,2024-06-15,2,Needs Improvement,30,False,E100720
6648,E100989,2024 H2,2024-12-15,2,Needs Improvement,30,False,E100720
6649,E100989,2025 H1,2025-06-15,3,Meets Expectations,57,False,E100720
6650,E100989,2025 H2,2025-12-15,2,Needs Improvement,44,False,E100720
6651,E100989,2026 H1,2026-06-15,3,Meets Expectations,62,False,E100720
6652,E100990,2024 H1,2024-06-15,5,Outstanding,83,False,E100290
6653,E100990,2024 H2,2024-12-15,3,Meets Expectations,45,False,E100290
6654,E100992,2024 H1,2024-06-15,3,Meets Expectations,49,False,E100306
6655,E100992,2024 H2,2024-12-15,3,Meets Expectations,53,False,E100306
6656,E100992,2025 H1,2025-06-15,4,Exceeds Expectations,61,False,E100306
6657,E100992,2025 H2,2025-12-15,3,Meets Expectations,60,False,E100306
6658,E100993,2024 H1,2024-06-15,5,Outstanding,76,True,E100204
6659,E100993,2024 H2,2024-12-15,4,Exceeds Expectations,64,False,E100204
6660,E100993,2025 H1,2025-06-15,4,Exceeds Expectations,71,True,E100204
6661,E100994,2024 H1,2024-06-15,4,Exceeds Expectations,77,False,E100325
6662,E100994,2024 H2,2024-12-15,3,Meets Expectations,57,False,E100325
6663,E100994,2025 H1,2025-06-15,4,Exceeds Expectations,67,False,E100325
6664,E100994,2025 H2,2025-12-15,2,Needs Improvement,30,False,E100325
6665,E100994,2026 H1,2026-06-15,3,Meets Expectations,65,False,E100325
6666,E100995,2024 H1,2024-06-15,3,Meets Expectations,55,False,E100834
6667,E100995,2024 H2,2024-12-15,4,Exceeds Expectations,86,False,E100834
6668,E100995,2025 H1,2025-06-15,2,Needs Improvement,45,False,E100834
6669,E100996,2024 H1,2024-06-15,3,Meets Expectations,63,False,E100398
6670,E100996,2024 H2,2024-12-15,4,Exceeds Expectations,66,False,E100398
6671,E100996,2025 H1,2025-06-15,5,Outstanding,107,False,E100398
6672,E100996,2025 H2,2025-12-15,4,Exceeds Expectations,92,False,E100398
6673,E100996,2026 H1,2026-06-15,3,Meets Expectations,45,False,E100398
6674,E100997,2024 H1,2024-06-15,4,Exceeds Expectations,75,False,E100496
6675,E100997,2024 H2,2024-12-15,4,Exceeds Expectations,66,True,E100496
6676,E100998,2024 H1,2024-06-15,5,Outstanding,91,True,E100518
6677,E100998,2024 H2,2024-12-15,2,Needs Improvement,37,False,E100518
6678,E100998,2025 H1,2025-06-15,4,Exceeds Expectations,63,False,E100518
6679,E100998,2025 H2,2025-12-15,4,Exceeds Expectations,73,False,E100518
6680,E100998,2026 H1,2026-06-15,2,Needs Improvement,30,False,E100518
6681,E100999,2024 H1,2024-06-15,4,Exceeds Expectations,72,False,E100621
6682,E101000,2024 H1,2024-06-15,2,Needs Improvement,40,False,E100125
6683,E101000,2024 H2,2024-12-15,4,Exceeds Expectations,79,False,E100125
6684,E101000,2025 H1,2025-06-15,4,Exceeds Expectations,69,False,E100125
6685,E101001,2024 H1,2024-06-15,3,Meets Expectations,78,False,E100031
6686,E101001,2024 H2,2024-12-15,3,Meets Expectations,50,False,E100031
6687,E101001,2025 H1,2025-06-15,3,Meets Expectations,42,False,E100031
6688,E101001,2025 H2,2025-12-15,3,Meets Expectations,52,False,E100031
6689,E101001,2026 H1,2026-06-15,3,Meets Expectations,79,False,E100031
6690,E101002,2024 H2,2024-12-15,3,Meets Expectations,44,False,E100216
6691,E101002,2025 H1,2025-06-15,4,Exceeds Expectations,62,False,E100216
6692,E101002,2025 H2,2025-12-15,3,Meets Expectations,37,False,E100216
6693,E101002,2026 H1,2026-06-15,4,Exceeds Expectations,78,False,E100216
6694,E101003,2024 H2,2024-12-15,4,Exceeds Expectations,79,True,E100806
6695,E101003,2025 H1,2025-06-15,3,Meets Expectations,61,False,E100806
6696,E101003,2025 H2,2025-12-15,5,Outstanding,93,True,E100806
6697,E101004,2024 H1,2024-06-15,3,Meets Expectations,39,False,E100359
6698,E101004,2024 H2,2024-12-15,4,Exceeds Expectations,62,False,E100359
6699,E101004,2025 H1,2025-06-15,3,Meets Expectations,44,False,E100359
6700,E101004,2025 H2,2025-12-15,3,Meets Expectations,53,False,E100359
6701,E101004,2026 H1,2026-06-15,5,Outstanding,83,False,E100359
6702,E101005,2024 H1,2024-06-15,2,Needs Improvement,58,False,E100359
6703,E101005,2024 H2,2024-12-15,3,Meets Expectations,52,False,E100359
6704,E101005,2025 H1,2025-06-15,3,Meets Expectations,59,False,E100359
6705,E101005,2025 H2,2025-12-15,2,Needs Improvement,33,False,E100359
6706,E101005,2026 H1,2026-06-15,4,Exceeds Expectations,72,True,E100359
6707,E101006,2024 H1,2024-06-15,3,Meets Expectations,42,False,E100398
6708,E101006,2024 H2,2024-12-15,4,Exceeds Expectations,68,False,E100398
6709,E101006,2025 H1,2025-06-15,5,Outstanding,88,False,E100398
6710,E101006,2025 H2,2025-12-15,4,Exceeds Expectations,78,False,E100398
6711,E101006,2026 H1,2026-06-15,4,Exceeds Expectations,64,False,E100398
6712,E101007,2024 H2,2024-12-15,4,Exceeds Expectations,79,True,E100531
6713,E101007,2025 H1,2025-06-15,3,Meets Expectations,49,False,E100531
6714,E101007,2025 H2,2025-12-15,4,Exceeds Expectations,77,False,E100531
6715,E101007,2026 H1,2026-06-15,3,Meets Expectations,56,False,E100531
6716,E101008,2024 H2,2024-12-15,3,Meets Expectations,52,False,E100999
6717,E101009,2024 H2,2024-12-15,3,Meets Expectations,75,False,E100113
6718,E101009,2025 H1,2025-06-15,4,Exceeds Expectations,70,False,E100113
6719,E101009,2025 H2,2025-12-15,4,Exceeds Expectations,67,False,E100113
6720,E101009,2026 H1,2026-06-15,3,Meets Expectations,54,False,E100113
6721,E101010,2024 H2,2024-12-15,3,Meets Expectations,58,False,E100250
6722,E101010,2025 H1,2025-06-15,4,Exceeds Expectations,95,True,E100250
6723,E101010,2025 H2,2025-12-15,1,Unsatisfactory,30,False,E100250
6724,E101010,2026 H1,2026-06-15,3,Meets Expectations,30,False,E100250
6725,E101011,2024 H2,2024-12-15,4,Exceeds Expectations,70,False,E100769
6726,E101011,2025 H1,2025-06-15,4,Exceeds Expectations,79,False,E100769
6727,E101011,2025 H2,2025-12-15,3,Meets Expectations,49,False,E100769
6728,E101011,2026 H1,2026-06-15,5,Outstanding,71,False,E100769
6729,E101012,2024 H2,2024-12-15,3,Meets Expectations,53,False,E100138
6730,E101012,2025 H1,2025-06-15,3,Meets Expectations,50,False,E100138
6731,E101012,2025 H2,2025-12-15,5,Outstanding,100,False,E100138
6732,E101012,2026 H1,2026-06-15,2,Needs Improvement,44,False,E100138
6733,E101013,2024 H2,2024-12-15,4,Exceeds Expectations,79,True,E100031
6734,E101013,2025 H1,2025-06-15,5,Outstanding,93,False,E100031
6735,E101013,2025 H2,2025-12-15,5,Outstanding,104,True,E100031
6736,E101013,2026 H1,2026-06-15,5,Outstanding,88,False,E100031
6737,E101014,2024 H2,2024-12-15,4,Exceeds Expectations,71,False,E100764
6738,E101015,2024 H2,2024-12-15,3,Meets Expectations,64,False,E100286
6739,E101015,2025 H1,2025-06-15,4,Exceeds Expectations,66,True,E100286
6740,E101015,2025 H2,2025-12-15,4,Exceeds Expectations,58,False,E100286
6741,E101015,2026 H1,2026-06-15,1,Unsatisfactory,30,False,E100286
6742,E101016,2024 H2,2024-12-15,5,Outstanding,83,False,E100883
6743,E101016,2025 H1,2025-06-15,3,Meets Expectations,45,False,E100883
6744,E101016,2025 H2,2025-12-15,3,Meets Expectations,50,False,E100883
6745,E101017,2024 H2,2024-12-15,3,Meets Expectations,43,False,E100325
6746,E101017,2025 H1,2025-06-15,3,Meets Expectations,45,False,E100325
6747,E101017,2025 H2,2025-12-15,1,Unsatisfactory,30,False,E100325
6748,E101017,2026 H1,2026-06-15,4,Exceeds Expectations,72,False,E100325
6749,E101018,2024 H2,2024-12-15,4,Exceeds Expectations,56,False,E100341
6750,E101018,2025 H1,2025-06-15,5,Outstanding,88,True,E100341
6751,E101018,2025 H2,2025-12-15,4,Exceeds Expectations,57,False,E100341
6752,E101018,2026 H1,2026-06-15,3,Meets Expectations,71,False,E100341
6753,E101021,2024 H2,2024-12-15,4,Exceeds Expectations,58,False,E100532
6754,E101021,2025 H1,2025-06-15,4,Exceeds Expectations,65,False,E100532
6755,E101021,2025 H2,2025-12-15,2,Needs Improvement,30,False,E100532
6756,E101021,2026 H1,2026-06-15,4,Exceeds Expectations,73,False,E100532
6757,E101022,2024 H2,2024-12-15,3,Meets Expectations,52,False,E100558
6758,E101022,2025 H1,2025-06-15,2,Needs Improvement,34,False,E100558
6759,E101022,2025 H2,2025-12-15,4,Exceeds Expectations,55,False,E100558
6760,E101022,2026 H1,2026-06-15,2,Needs Improvement,30,False,E100558
6761,E101023,2024 H2,2024-12-15,4,Exceeds Expectations,60,True,E100752
6762,E101023,2025 H1,2025-06-15,4,Exceeds Expectations,60,False,E100752
6763,E101023,2025 H2,2025-12-15,3,Meets Expectations,49,False,E100752
6764,E101023,2026 H1,2026-06-15,3,Meets Expectations,45,False,E100752
6765,E101024,2024 H2,2024-12-15,2,Needs Improvement,30,False,E100113
6766,E101024,2025 H1,2025-06-15,4,Exceeds Expectations,71,False,E100113
6767,E101024,2025 H2,2025-12-15,5,Outstanding,89,False,E100113
6768,E101024,2026 H1,2026-06-15,4,Exceeds Expectations,85,False,E100113
6769,E101025,2024 H2,2024-12-15,4,Exceeds Expectations,68,False,E100025
6770,E101025,2025 H1,2025-06-15,3,Meets Expectations,57,False,E100025
6771,E101025,2025 H2,2025-12-15,4,Exceeds Expectations,76,False,E100025
6772,E101025,2026 H1,2026-06-15,3,Meets Expectations,49,False,E100025
6773,E101026,2024 H2,2024-12-15,4,Exceeds Expectations,70,True,E100174
6774,E101026,2025 H1,2025-06-15,2,Needs Improvement,30,False,E100174
6775,E101026,2025 H2,2025-12-15,2,Needs Improvement,39,False,E100174
6776,E101026,2026 H1,2026-06-15,3,Meets Expectations,75,False,E100174
6777,E101027,2024 H2,2024-12-15,4,Exceeds Expectations,88,False,E100888
6778,E101027,2025 H1,2025-06-15,5,Outstanding,86,False,E100888
6779,E101027,2025 H2,2025-12-15,4,Exceeds Expectations,72,True,E100888
6780,E101027,2026 H1,2026-06-15,4,Exceeds Expectations,57,True,E100888
6781,E101028,2024 H2,2024-12-15,4,Exceeds Expectations,75,False,E100250
6782,E101028,2025 H1,2025-06-15,5,Outstanding,78,False,E100250
6783,E101028,2025 H2,2025-12-15,3,Meets Expectations,56,False,E100250
6784,E101028,2026 H1,2026-06-15,4,Exceeds Expectations,90,False,E100250
6785,E101030,2024 H2,2024-12-15,4,Exceeds Expectations,76,False,E100259
6786,E101030,2025 H1,2025-06-15,4,Exceeds Expectations,73,False,E100259
6787,E101030,2025 H2,2025-12-15,3,Meets Expectations,46,False,E100259
6788,E101032,2024 H2,2024-12-15,4,Exceeds Expectations,70,False,E100398
6789,E101032,2025 H1,2025-06-15,2,Needs Improvement,30,False,E100398
6790,E101032,2025 H2,2025-12-15,3,Meets Expectations,59,False,E100398
6791,E101032,2026 H1,2026-06-15,4,Exceeds Expectations,74,False,E100398
6792,E101033,2024 H2,2024-12-15,2,Needs Improvement,30,False,E100400
6793,E101033,2025 H1,2025-06-15,2,Needs Improvement,51,False,E100400
6794,E101033,2025 H2,2025-12-15,2,Needs Improvement,39,False,E100400
6795,E101033,2026 H1,2026-06-15,4,Exceeds Expectations,79,True,E100400
6796,E101034,2024 H2,2024-12-15,5,Outstanding,81,True,E100529
6797,E101034,2025 H1,2025-06-15,3,Meets Expectations,34,False,E100529
6798,E101034,2025 H2,2025-12-15,4,Exceeds Expectations,63,False,E100529
6799,E101034,2026 H1,2026-06-15,4,Exceeds Expectations,64,False,E100529
6800,E101035,2024 H2,2024-12-15,4,Exceeds Expectations,88,False,E100844
6801,E101035,2025 H1,2025-06-15,3,Meets Expectations,67,False,E100844
6802,E101035,2025 H2,2025-12-15,2,Needs Improvement,40,False,E100844
6803,E101035,2026 H1,2026-06-15,4,Exceeds Expectations,68,False,E100844
6804,E101037,2024 H2,2024-12-15,4,Exceeds Expectations,75,False,E100044
6805,E101037,2025 H1,2025-06-15,4,Exceeds Expectations,65,False,E100044
6806,E101037,2025 H2,2025-12-15,3,Meets Expectations,63,False,E100044
6807,E101037,2026 H1,2026-06-15,3,Meets Expectations,48,False,E100044
6808,E101038,2024 H2,2024-12-15,2,Needs Improvement,35,False,E100009
6809,E101038,2025 H1,2025-06-15,5,Outstanding,94,False,E100009
6810,E101038,2025 H2,2025-12-15,2,Needs Improvement,50,False,E100009
6811,E101038,2026 H1,2026-06-15,2,Needs Improvement,45,False,E100009
6812,E101039,2024 H2,2024-12-15,3,Meets Expectations,58,False,E100144
6813,E101039,2025 H1,2025-06-15,4,Exceeds Expectations,56,False,E100144
6814,E101039,2025 H2,2025-12-15,3,Meets Expectations,62,False,E100144
6815,E101039,2026 H1,2026-06-15,3,Meets Expectations,48,False,E100144
6816,E101040,2024 H2,2024-12-15,3,Meets Expectations,48,False,E100262
6817,E101040,2025 H1,2025-06-15,3,Meets Expectations,68,False,E100262
6818,E101040,2025 H2,2025-12-15,3,Meets Expectations,67,False,E100262
6819,E101041,2024 H2,2024-12-15,4,Exceeds Expectations,76,True,E100304
6820,E101041,2025 H1,2025-06-15,3,Meets Expectations,56,False,E100304
6821,E101041,2025 H2,2025-12-15,3,Meets Expectations,48,False,E100304
6822,E101041,2026 H1,2026-06-15,4,Exceeds Expectations,67,False,E100304
6823,E101044,2024 H2,2024-12-15,5,Outstanding,78,False,E100424
6824,E101045,2024 H2,2024-12-15,4,Exceeds Expectations,72,False,E100544
6825,E101045,2025 H1,2025-06-15,4,Exceeds Expectations,80,False,E100544
6826,E101045,2025 H2,2025-12-15,4,Exceeds Expectations,68,True,E100544
6827,E101045,2026 H1,2026-06-15,2,Needs Improvement,62,False,E100544
6828,E101046,2024 H2,2024-12-15,3,Meets Expectations,39,False,E100612
6829,E101046,2025 H1,2025-06-15,4,Exceeds Expectations,70,False,E100612
6830,E101046,2025 H2,2025-12-15,4,Exceeds Expectations,71,False,E100612
6831,E101046,2026 H1,2026-06-15,5,Outstanding,87,False,E100612
6832,E101047,2024 H2,2024-12-15,2,Needs Improvement,42,False,E100844
6833,E101047,2025 H1,2025-06-15,2,Needs Improvement,37,False,E100844
6834,E101047,2025 H2,2025-12-15,4,Exceeds Expectations,65,True,E100844
6835,E101047,2026 H1,2026-06-15,4,Exceeds Expectations,74,False,E100844
6836,E101048,2024 H2,2024-12-15,3,Meets Expectations,68,False,E100133
6837,E101048,2025 H1,2025-06-15,4,Exceeds Expectations,85,True,E100133
6838,E101048,2025 H2,2025-12-15,3,Meets Expectations,55,False,E100133
6839,E101048,2026 H1,2026-06-15,4,Exceeds Expectations,73,False,E100133
6840,E101049,2024 H2,2024-12-15,5,Outstanding,84,False,E100113
6841,E101049,2025 H1,2025-06-15,3,Meets Expectations,63,False,E100113
6842,E101049,2025 H2,2025-12-15,4,Exceeds Expectations,75,False,E100113
6843,E101049,2026 H1,2026-06-15,4,Exceeds Expectations,53,False,E100113
6844,E101050,2024 H2,2024-12-15,3,Meets Expectations,57,False,E100073
6845,E101050,2025 H1,2025-06-15,4,Exceeds Expectations,63,False,E100073
6846,E101050,2025 H2,2025-12-15,4,Exceeds Expectations,76,False,E100073
6847,E101050,2026 H1,2026-06-15,4,Exceeds Expectations,72,True,E100073
6848,E101051,2024 H2,2024-12-15,3,Meets Expectations,46,False,E100250
6849,E101051,2025 H1,2025-06-15,4,Exceeds Expectations,51,False,E100250
6850,E101051,2025 H2,2025-12-15,4,Exceeds Expectations,68,False,E100250
6851,E101051,2026 H1,2026-06-15,4,Exceeds Expectations,83,False,E100250
6852,E101052,2024 H2,2024-12-15,2,Needs Improvement,40,False,E100250
6853,E101052,2025 H1,2025-06-15,3,Meets Expectations,37,False,E100250
6854,E101052,2025 H2,2025-12-15,5,Outstanding,80,True,E100250
6855,E101052,2026 H1,2026-06-15,5,Outstanding,78,False,E100250
6856,E101054,2024 H2,2024-12-15,2,Needs Improvement,30,False,E100855
6857,E101055,2024 H2,2024-12-15,2,Needs Improvement,30,False,E100398
6858,E101055,2025 H1,2025-06-15,4,Exceeds Expectations,93,False,E100398
6859,E101055,2025 H2,2025-12-15,5,Outstanding,90,True,E100398
6860,E101056,2024 H2,2024-12-15,3,Meets Expectations,51,False,E101045
6861,E101056,2025 H1,2025-06-15,1,Unsatisfactory,30,False,E101045
6862,E101056,2025 H2,2025-12-15,4,Exceeds Expectations,62,False,E101045
6863,E101056,2026 H1,2026-06-15,2,Needs Improvement,35,False,E101045
6864,E101057,2024 H2,2024-12-15,4,Exceeds Expectations,62,True,E100848
6865,E101057,2025 H1,2025-06-15,2,Needs Improvement,30,False,E100848
6866,E101057,2025 H2,2025-12-15,4,Exceeds Expectations,64,False,E100848
6867,E101057,2026 H1,2026-06-15,5,Outstanding,85,False,E100848
6868,E101058,2025 H1,2025-06-15,3,Meets Expectations,54,False,E100052
6869,E101058,2025 H2,2025-12-15,4,Exceeds Expectations,77,False,E100052
6870,E101058,2026 H1,2026-06-15,2,Needs Improvement,41,False,E100052
6871,E101059,2024 H2,2024-12-15,4,Exceeds Expectations,82,True,E100031
6872,E101059,2025 H1,2025-06-15,5,Outstanding,112,True,E100031
6873,E101059,2025 H2,2025-12-15,3,Meets Expectations,50,False,E100031
6874,E101059,2026 H1,2026-06-15,3,Meets Expectations,42,False,E100031
6875,E101060,2025 H1,2025-06-15,3,Meets Expectations,48,False,E100159
6876,E101060,2025 H2,2025-12-15,2,Needs Improvement,38,False,E100159
6877,E101061,2024 H2,2024-12-15,3,Meets Expectations,54,False,E100250
6878,E101061,2025 H1,2025-06-15,3,Meets Expectations,58,False,E100250
6879,E101061,2025 H2,2025-12-15,3,Meets Expectations,68,False,E100250
6880,E101061,2026 H1,2026-06-15,1,Unsatisfactory,30,False,E100250
6881,E101062,2025 H1,2025-06-15,4,Exceeds Expectations,58,False,E100814
6882,E101062,2025 H2,2025-12-15,5,Outstanding,100,False,E100814
6883,E101062,2026 H1,2026-06-15,5,Outstanding,102,False,E100814
6884,E101063,2024 H2,2024-12-15,4,Exceeds Expectations,73,False,E100696
6885,E101064,2024 H2,2024-12-15,2,Needs Improvement,49,False,E100306
6886,E101064,2025 H1,2025-06-15,3,Meets Expectations,51,False,E100306
6887,E101064,2025 H2,2025-12-15,3,Meets Expectations,48,False,E100306
6888,E101064,2026 H1,2026-06-15,4,Exceeds Expectations,81,False,E100306
6889,E101065,2025 H1,2025-06-15,4,Exceeds Expectations,72,False,E100233
6890,E101066,2025 H1,2025-06-15,2,Needs Improvement,35,False,E100325
6891,E101066,2025 H2,2025-12-15,5,Outstanding,85,False,E100325
6892,E101066,2026 H1,2026-06-15,3,Meets Expectations,62,False,E100325
6893,E101068,2024 H2,2024-12-15,3,Meets Expectations,66,False,E100433
6894,E101068,2025 H1,2025-06-15,3,Meets Expectations,56,False,E100433
6895,E101068,2025 H2,2025-12-15,4,Exceeds Expectations,71,False,E100433
6896,E101069,2025 H1,2025-06-15,5,Outstanding,90,True,E100398
6897,E101069,2025 H2,2025-12-15,4,Exceeds Expectations,71,False,E100398
6898,E101069,2026 H1,2026-06-15,3,Meets Expectations,57,False,E100398
6899,E101070,2025 H1,2025-06-15,3,Meets Expectations,48,False,E100496
6900,E101071,2025 H1,2025-06-15,3,Meets Expectations,54,False,E100535
6901,E101071,2025 H2,2025-12-15,3,Meets Expectations,36,False,E100535
6902,E101071,2026 H1,2026-06-15,4,Exceeds Expectations,71,False,E100535
6903,E101072,2025 H1,2025-06-15,2,Needs Improvement,32,False,E100009
6904,E101072,2025 H2,2025-12-15,5,Outstanding,83,True,E100009
6905,E101072,2026 H1,2026-06-15,5,Outstanding,85,True,E100009
6906,E101073,2025 H1,2025-06-15,5,Outstanding,102,True,E100262
6907,E101073,2025 H2,2025-12-15,4,Exceeds Expectations,59,False,E100262
6908,E101074,2025 H1,2025-06-15,3,Meets Expectations,51,False,E101055
6909,E101074,2025 H2,2025-12-15,4,Exceeds Expectations,63,False,E101055
6910,E101074,2026 H1,2026-06-15,2,Needs Improvement,35,False,E101055
6911,E101075,2025 H1,2025-06-15,3,Meets Expectations,46,False,E100785
6912,E101075,2025 H2,2025-12-15,3,Meets Expectations,54,False,E100785
6913,E101075,2026 H1,2026-06-15,4,Exceeds Expectations,86,False,E100785
6914,E101076,2025 H1,2025-06-15,2,Needs Improvement,30,False,E100821
6915,E101076,2025 H2,2025-12-15,4,Exceeds Expectations,72,False,E100821
6916,E101076,2026 H1,2026-06-15,2,Needs Improvement,45,False,E100821
6917,E101077,2025 H1,2025-06-15,3,Meets Expectations,70,False,E100162
6918,E101077,2025 H2,2025-12-15,4,Exceeds Expectations,66,False,E100162
6919,E101077,2026 H1,2026-06-15,3,Meets Expectations,39,False,E100162
6920,E101078,2025 H1,2025-06-15,5,Outstanding,88,True,E100695
6921,E101078,2025 H2,2025-12-15,2,Needs Improvement,45,False,E100695
6922,E101078,2026 H1,2026-06-15,2,Needs Improvement,41,False,E100695
6923,E101079,2025 H1,2025-06-15,3,Meets Expectations,59,False,E101052
6924,E101079,2025 H2,2025-12-15,2,Needs Improvement,38,False,E101052
6925,E101079,2026 H1,2026-06-15,3,Meets Expectations,36,False,E101052
6926,E101080,2025 H1,2025-06-15,4,Exceeds Expectations,70,False,E100757
6927,E101080,2025 H2,2025-12-15,3,Meets Expectations,48,False,E100757
6928,E101080,2026 H1,2026-06-15,4,Exceeds Expectations,72,True,E100757
6929,E101081,2025 H1,2025-06-15,4,Exceeds Expectations,72,False,E101010
6930,E101081,2025 H2,2025-12-15,4,Exceeds Expectations,57,False,E101010
6931,E101081,2026 H1,2026-06-15,2,Needs Improvement,41,False,E101010
6932,E101083,2025 H1,2025-06-15,4,Exceeds Expectations,76,False,E100448
6933,E101083,2025 H2,2025-12-15,4,Exceeds Expectations,81,False,E100448
6934,E101083,2026 H1,2026-06-15,4,Exceeds Expectations,52,False,E100448
6935,E101084,2025 H1,2025-06-15,3,Meets Expectations,49,False,E100612
6936,E101084,2025 H2,2025-12-15,4,Exceeds Expectations,77,True,E100612
6937,E101084,2026 H1,2026-06-15,2,Needs Improvement,30,False,E100612
6938,E101085,2025 H1,2025-06-15,1,Unsatisfactory,34,False,E100621
6939,E101085,2025 H2,2025-12-15,4,Exceeds Expectations,67,False,E100621
6940,E101085,2026 H1,2026-06-15,4,Exceeds Expectations,75,False,E100621
6941,E101086,2025 H1,2025-06-15,4,Exceeds Expectations,52,False,E100848
6942,E101086,2025 H2,2025-12-15,3,Meets Expectations,56,False,E100848
6943,E101086,2026 H1,2026-06-15,3,Meets Expectations,59,False,E100848
6944,E101087,2025 H1,2025-06-15,2,Needs Improvement,33,False,E100009
6945,E101087,2025 H2,2025-12-15,3,Meets Expectations,60,False,E100009
6946,E101087,2026 H1,2026-06-15,4,Exceeds Expectations,62,False,E100009
6947,E101089,2025 H1,2025-06-15,4,Exceeds Expectations,66,False,E101052
6948,E101089,2025 H2,2025-12-15,3,Meets Expectations,55,False,E101052
6949,E101089,2026 H1,2026-06-15,3,Meets Expectations,64,False,E101052
6950,E101090,2025 H1,2025-06-15,5,Outstanding,85,False,E101052
6951,E101090,2025 H2,2025-12-15,3,Meets Expectations,60,False,E101052
6952,E101090,2026 H1,2026-06-15,3,Meets Expectations,47,False,E101052
6953,E101091,2025 H1,2025-06-15,3,Meets Expectations,53,False,E100398
6954,E101091,2025 H2,2025-12-15,2,Needs Improvement,44,False,E100398
6955,E101091,2026 H1,2026-06-15,3,Meets Expectations,49,False,E100398
6956,E101092,2025 H1,2025-06-15,3,Meets Expectations,64,False,E100428
6957,E101092,2025 H2,2025-12-15,5,Outstanding,87,False,E100428
6958,E101092,2026 H1,2026-06-15,4,Exceeds Expectations,66,True,E100428
6959,E101093,2025 H1,2025-06-15,4,Exceeds Expectations,66,False,E100437
6960,E101093,2025 H2,2025-12-15,2,Needs Improvement,45,False,E100437
6961,E101093,2026 H1,2026-06-15,3,Meets Expectations,56,False,E100437
6962,E101094,2025 H1,2025-06-15,2,Needs Improvement,30,False,E100704
6963,E101094,2025 H2,2025-12-15,2,Needs Improvement,39,False,E100704
6964,E101094,2026 H1,2026-06-15,3,Meets Expectations,68,False,E100704
6965,E101095,2025 H1,2025-06-15,2,Needs Improvement,37,False,E100544
6966,E101095,2025 H2,2025-12-15,2,Needs Improvement,57,False,E100544
6967,E101095,2026 H1,2026-06-15,2,Needs Improvement,42,False,E100544
6968,E101096,2025 H1,2025-06-15,3,Meets Expectations,61,False,E100844
6969,E101096,2025 H2,2025-12-15,2,Needs Improvement,37,False,E100844
6970,E101096,2026 H1,2026-06-15,3,Meets Expectations,80,False,E100844
6971,E101098,2025 H1,2025-06-15,3,Meets Expectations,42,False,E100031
6972,E101098,2025 H2,2025-12-15,5,Outstanding,97,False,E100031
6973,E101098,2026 H1,2026-06-15,3,Meets Expectations,54,False,E100031
6974,E101099,2025 H1,2025-06-15,4,Exceeds Expectations,74,False,E100128
6975,E101099,2025 H2,2025-12-15,4,Exceeds Expectations,60,False,E100128
6976,E101099,2026 H1,2026-06-15,4,Exceeds Expectations,68,False,E100128
6977,E101100,2025 H1,2025-06-15,1,Unsatisfactory,30,False,E100031
6978,E101100,2025 H2,2025-12-15,3,Meets Expectations,62,False,E100031
6979,E101100,2026 H1,2026-06-15,5,Outstanding,96,False,E100031
6980,E101101,2025 H1,2025-06-15,1,Unsatisfactory,38,False,E100144
6981,E101101,2025 H2,2025-12-15,4,Exceeds Expectations,71,True,E100144
6982,E101101,2026 H1,2026-06-15,4,Exceeds Expectations,76,False,E100144
6983,E101102,2025 H1,2025-06-15,3,Meets Expectations,62,False,E100159
6984,E101102,2025 H2,2025-12-15,5,Outstanding,70,False,E100159
6985,E101102,2026 H1,2026-06-15,3,Meets Expectations,57,False,E100159
6986,E101103,2025 H1,2025-06-15,2,Needs Improvement,57,False,E100769
6987,E101103,2025 H2,2025-12-15,1,Unsatisfactory,30,False,E100769
6988,E101103,2026 H1,2026-06-15,4,Exceeds Expectations,94,False,E100769
6989,E101104,2025 H1,2025-06-15,4,Exceeds Expectations,78,False,E100250
6990,E101104,2025 H2,2025-12-15,3,Meets Expectations,73,False,E100250
6991,E101104,2026 H1,2026-06-15,5,Outstanding,98,False,E100250
6992,E101106,2025 H1,2025-06-15,1,Unsatisfactory,30,False,E100194
6993,E101106,2025 H2,2025-12-15,3,Meets Expectations,54,False,E100194
6994,E101106,2026 H1,2026-06-15,3,Meets Expectations,58,False,E100194
6995,E101107,2025 H1,2025-06-15,3,Meets Expectations,51,False,E100402
6996,E101108,2025 H1,2025-06-15,3,Meets Expectations,57,False,E100445
6997,E101108,2025 H2,2025-12-15,2,Needs Improvement,30,False,E100445
6998,E101108,2026 H1,2026-06-15,4,Exceeds Expectations,67,False,E100445
6999,E101109,2025 H1,2025-06-15,4,Exceeds Expectations,80,False,E100958
7000,E101109,2025 H2,2025-12-15,3,Meets Expectations,48,False,E100958
7001,E101109,2026 H1,2026-06-15,3,Meets Expectations,40,False,E100958
7002,E101110,2025 H1,2025-06-15,2,Needs Improvement,34,False,E100398
7003,E101110,2025 H2,2025-12-15,2,Needs Improvement,34,False,E100398
7004,E101110,2026 H1,2026-06-15,3,Meets Expectations,45,False,E100398
7005,E101111,2025 H1,2025-06-15,3,Meets Expectations,71,False,E100728
7006,E101111,2025 H2,2025-12-15,5,Outstanding,100,False,E100728
7007,E101111,2026 H1,2026-06-15,3,Meets Expectations,35,False,E100728
7008,E101112,2025 H1,2025-06-15,4,Exceeds Expectations,65,False,E100519
7009,E101112,2025 H2,2025-12-15,5,Outstanding,82,False,E100519
7010,E101112,2026 H1,2026-06-15,5,Outstanding,97,False,E100519
7011,E101113,2025 H1,2025-06-15,1,Unsatisfactory,30,False,E100514
7012,E101113,2025 H2,2025-12-15,3,Meets Expectations,40,False,E100514
7013,E101113,2026 H1,2026-06-15,3,Meets Expectations,77,False,E100514
7014,E101114,2025 H1,2025-06-15,2,Needs Improvement,36,False,E100623
7015,E101114,2025 H2,2025-12-15,3,Meets Expectations,59,False,E100623
7016,E101114,2026 H1,2026-06-15,4,Exceeds Expectations,74,True,E100623
7017,E101115,2025 H1,2025-06-15,4,Exceeds Expectations,62,False,E100054
7018,E101115,2025 H2,2025-12-15,3,Meets Expectations,71,False,E100054
7019,E101115,2026 H1,2026-06-15,3,Meets Expectations,45,False,E100054
7020,E101116,2025 H1,2025-06-15,3,Meets Expectations,59,False,E101098
7021,E101116,2025 H2,2025-12-15,3,Meets Expectations,61,False,E101098
7022,E101116,2026 H1,2026-06-15,3,Meets Expectations,38,False,E101098
7023,E101117,2025 H1,2025-06-15,3,Meets Expectations,39,False,E100812
7024,E101117,2025 H2,2025-12-15,4,Exceeds Expectations,69,False,E100812
7025,E101117,2026 H1,2026-06-15,3,Meets Expectations,56,False,E100812
7026,E101118,2025 H1,2025-06-15,3,Meets Expectations,60,False,E100250
7027,E101118,2025 H2,2025-12-15,4,Exceeds Expectations,66,False,E100250
7028,E101119,2025 H1,2025-06-15,4,Exceeds Expectations,75,False,E100228
7029,E101119,2025 H2,2025-12-15,5,Outstanding,96,True,E100228
7030,E101120,2025 H1,2025-06-15,4,Exceeds Expectations,67,False,E100806
7031,E101120,2025 H2,2025-12-15,3,Meets Expectations,59,False,E100806
7032,E101120,2026 H1,2026-06-15,3,Meets Expectations,49,False,E100806
7033,E101121,2025 H1,2025-06-15,2,Needs Improvement,36,False,E100969
7034,E101122,2025 H1,2025-06-15,3,Meets Expectations,51,False,E100373
7035,E101124,2025 H1,2025-06-15,4,Exceeds Expectations,65,False,E100398
7036,E101125,2025 H1,2025-06-15,3,Meets Expectations,48,False,E100493
7037,E101125,2025 H2,2025-12-15,2,Needs Improvement,38,False,E100493
7038,E101125,2026 H1,2026-06-15,4,Exceeds Expectations,79,False,E100493
7039,E101126,2025 H1,2025-06-15,4,Exceeds Expectations,67,False,E100493
7040,E101126,2025 H2,2025-12-15,5,Outstanding,89,False,E100493
7041,E101126,2026 H1,2026-06-15,3,Meets Expectations,42,False,E100493
7042,E101127,2025 H1,2025-06-15,3,Meets Expectations,65,False,E100621
7043,E101127,2025 H2,2025-12-15,4,Exceeds Expectations,60,False,E100621
7044,E101127,2026 H1,2026-06-15,2,Needs Improvement,41,False,E100621
7045,E101128,2025 H1,2025-06-15,3,Meets Expectations,69,False,E100636
7046,E101128,2025 H2,2025-12-15,5,Outstanding,91,False,E100636
7047,E101128,2026 H1,2026-06-15,4,Exceeds Expectations,78,False,E100636
7048,E101129,2025 H2,2025-12-15,3,Meets Expectations,46,False,E100266
7049,E101129,2026 H1,2026-06-15,2,Needs Improvement,43,False,E100266
7050,E101130,2025 H1,2025-06-15,3,Meets Expectations,43,False,E100250
7051,E101130,2025 H2,2025-12-15,3,Meets Expectations,50,False,E100250
7052,E101130,2026 H1,2026-06-15,2,Needs Improvement,30,False,E100250
7053,E101132,2025 H1,2025-06-15,4,Exceeds Expectations,63,True,E100325
7054,E101132,2025 H2,2025-12-15,3,Meets Expectations,48,False,E100325
7055,E101132,2026 H1,2026-06-15,1,Unsatisfactory,30,False,E100325
7056,E101133,2025 H1,2025-06-15,2,Needs Improvement,51,False,E100398
7057,E101133,2025 H2,2025-12-15,4,Exceeds Expectations,72,False,E100398
7058,E101133,2026 H1,2026-06-15,4,Exceeds Expectations,80,False,E100398
7059,E101134,2025 H1,2025-06-15,2,Needs Improvement,30,False,E100441
7060,E101134,2025 H2,2025-12-15,3,Meets Expectations,52,False,E100441
7061,E101134,2026 H1,2026-06-15,2,Needs Improvement,41,False,E100441
7062,E101135,2025 H2,2025-12-15,4,Exceeds Expectations,82,False,E100483
7063,E101135,2026 H1,2026-06-15,3,Meets Expectations,44,False,E100483
7064,E101136,2025 H1,2025-06-15,5,Outstanding,82,True,E100821
7065,E101136,2025 H2,2025-12-15,3,Meets Expectations,47,False,E100821
7066,E101136,2026 H1,2026-06-15,4,Exceeds Expectations,79,False,E100821
7067,E101137,2025 H1,2025-06-15,3,Meets Expectations,64,False,E100609
7068,E101137,2025 H2,2025-12-15,5,Outstanding,83,False,E100609
7069,E101137,2026 H1,2026-06-15,2,Needs Improvement,33,False,E100609
7070,E101138,2025 H2,2025-12-15,4,Exceeds Expectations,75,False,E100811
7071,E101138,2026 H1,2026-06-15,3,Meets Expectations,51,False,E100811
7072,E101139,2025 H2,2025-12-15,4,Exceeds Expectations,62,True,E100123
7073,E101139,2026 H1,2026-06-15,4,Exceeds Expectations,59,True,E100123
7074,E101140,2025 H2,2025-12-15,4,Exceeds Expectations,68,True,E100182
7075,E101140,2026 H1,2026-06-15,5,Outstanding,86,False,E100182
7076,E101141,2025 H2,2025-12-15,4,Exceeds Expectations,71,False,E100670
7077,E101141,2026 H1,2026-06-15,4,Exceeds Expectations,85,False,E100670
7078,E101142,2025 H2,2025-12-15,4,Exceeds Expectations,72,False,E100739
7079,E101142,2026 H1,2026-06-15,4,Exceeds Expectations,80,True,E100739
7080,E101144,2025 H2,2025-12-15,2,Needs Improvement,46,False,E101133
7081,E101144,2026 H1,2026-06-15,5,Outstanding,101,False,E101133
7082,E101145,2025 H2,2025-12-15,3,Meets Expectations,37,False,E100418
7083,E101145,2026 H1,2026-06-15,3,Meets Expectations,61,False,E100418
7084,E101146,2025 H2,2025-12-15,2,Needs Improvement,48,False,E101001
7085,E101146,2026 H1,2026-06-15,5,Outstanding,93,False,E101001
7086,E101147,2025 H2,2025-12-15,4,Exceeds Expectations,68,True,E100877
7087,E101147,2026 H1,2026-06-15,3,Meets Expectations,52,False,E100877
7088,E101148,2025 H2,2025-12-15,3,Meets Expectations,59,False,E100159
7089,E101148,2026 H1,2026-06-15,4,Exceeds Expectations,65,False,E100159
7090,E101149,2025 H2,2025-12-15,3,Meets Expectations,56,False,E100250
7091,E101150,2025 H2,2025-12-15,3,Meets Expectations,53,False,E100250
7092,E101150,2026 H1,2026-06-15,3,Meets Expectations,54,False,E100250
7093,E101151,2025 H2,2025-12-15,4,Exceeds Expectations,69,False,E100189
7094,E101151,2026 H1,2026-06-15,4,Exceeds Expectations,70,True,E100189
7095,E101152,2025 H2,2025-12-15,3,Meets Expectations,64,False,E100250
7096,E101152,2026 H1,2026-06-15,4,Exceeds Expectations,76,False,E100250
7097,E101153,2025 H2,2025-12-15,5,Outstanding,71,False,E100764
7098,E101153,2026 H1,2026-06-15,3,Meets Expectations,40,False,E100764
7099,E101154,2025 H2,2025-12-15,5,Outstanding,102,False,E100373
7100,E101154,2026 H1,2026-06-15,4,Exceeds Expectations,74,False,E100373
7101,E101155,2025 H2,2025-12-15,2,Needs Improvement,37,False,E100398
7102,E101155,2026 H1,2026-06-15,2,Needs Improvement,53,False,E100398
7103,E101156,2025 H2,2025-12-15,4,Exceeds Expectations,85,False,E100510
7104,E101156,2026 H1,2026-06-15,2,Needs Improvement,39,False,E100510
7105,E101157,2025 H2,2025-12-15,2,Needs Improvement,30,False,E100605
7106,E101157,2026 H1,2026-06-15,5,Outstanding,88,False,E100605
7107,E101158,2025 H2,2025-12-15,3,Meets Expectations,58,False,E100073
7108,E101158,2026 H1,2026-06-15,5,Outstanding,95,True,E100073
7109,E101159,2025 H2,2025-12-15,4,Exceeds Expectations,69,False,E100031
7110,E101159,2026 H1,2026-06-15,3,Meets Expectations,31,False,E100031
7111,E101160,2025 H2,2025-12-15,2,Needs Improvement,54,False,E100737
7112,E101160,2026 H1,2026-06-15,4,Exceeds Expectations,78,True,E100737
7113,E101161,2025 H2,2025-12-15,3,Meets Expectations,54,False,E100232
7114,E101161,2026 H1,2026-06-15,4,Exceeds Expectations,85,False,E100232
7115,E101162,2025 H2,2025-12-15,4,Exceeds Expectations,71,False,E100842
7116,E101162,2026 H1,2026-06-15,4,Exceeds Expectations,73,False,E100842
7117,E101163,2025 H2,2025-12-15,4,Exceeds Expectations,83,False,E100796
7118,E101163,2026 H1,2026-06-15,4,Exceeds Expectations,67,False,E100796
7119,E101165,2025 H2,2025-12-15,4,Exceeds Expectations,91,False,E100780
7120,E101165,2026 H1,2026-06-15,2,Needs Improvement,36,False,E100780
7121,E101166,2025 H2,2025-12-15,3,Meets Expectations,55,False,E100219
7122,E101166,2026 H1,2026-06-15,4,Exceeds Expectations,65,True,E100219
7123,E101167,2025 H2,2025-12-15,3,Meets Expectations,69,False,E100197
7124,E101167,2026 H1,2026-06-15,4,Exceeds Expectations,82,True,E100197
7125,E101169,2025 H2,2025-12-15,4,Exceeds Expectations,63,False,E100325
7126,E101169,2026 H1,2026-06-15,4,Exceeds Expectations,66,True,E100325
7127,E101170,2025 H2,2025-12-15,3,Meets Expectations,64,False,E100398
7128,E101170,2026 H1,2026-06-15,2,Needs Improvement,30,False,E100398
7129,E101171,2025 H2,2025-12-15,3,Meets Expectations,37,False,E100609
7130,E101171,2026 H1,2026-06-15,3,Meets Expectations,48,False,E100609
7131,E101172,2025 H2,2025-12-15,4,Exceeds Expectations,90,False,E100033
7132,E101172,2026 H1,2026-06-15,2,Needs Improvement,30,False,E100033
7133,E101173,2025 H2,2025-12-15,3,Meets Expectations,45,False,E100031
7134,E101173,2026 H1,2026-06-15,3,Meets Expectations,70,False,E100031
7135,E101174,2025 H2,2025-12-15,5,Outstanding,84,True,E100185
7136,E101174,2026 H1,2026-06-15,3,Meets Expectations,44,False,E100185
7137,E101175,2025 H2,2025-12-15,4,Exceeds Expectations,71,False,E100259
7138,E101175,2026 H1,2026-06-15,3,Meets Expectations,48,False,E100259
7139,E101176,2025 H2,2025-12-15,4,Exceeds Expectations,91,True,E101149
7140,E101176,2026 H1,2026-06-15,5,Outstanding,113,False,E101149
7141,E101177,2025 H2,2025-12-15,3,Meets Expectations,42,False,E100341
7142,E101177,2026 H1,2026-06-15,2,Needs Improvement,42,False,E100341
7143,E101178,2025 H2,2025-12-15,2,Needs Improvement,53,False,E100311
7144,E101178,2026 H1,2026-06-15,3,Meets Expectations,51,False,E100311
7145,E101180,2025 H2,2025-12-15,3,Meets Expectations,56,False,E100400
7146,E101180,2026 H1,2026-06-15,4,Exceeds Expectations,71,False,E100400
7147,E101181,2025 H2,2025-12-15,4,Exceeds Expectations,77,False,E100476
7148,E101181,2026 H1,2026-06-15,4,Exceeds Expectations,56,True,E100476
7149,E101182,2025 H2,2025-12-15,3,Meets Expectations,65,False,E100752
7150,E101182,2026 H1,2026-06-15,5,Outstanding,106,True,E100752
7151,E101183,2025 H2,2025-12-15,4,Exceeds Expectations,67,True,E101100
7152,E101183,2026 H1,2026-06-15,5,Outstanding,86,False,E101100
7153,E101184,2026 H1,2026-06-15,3,Meets Expectations,58,False,E100123
7154,E101185,2026 H1,2026-06-15,1,Unsatisfactory,30,False,E100123
7155,E101186,2026 H1,2026-06-15,3,Meets Expectations,52,False,E100159
7156,E101187,2025 H2,2025-12-15,3,Meets Expectations,68,False,E100182
7157,E101187,2026 H1,2026-06-15,2,Needs Improvement,40,False,E100182
7158,E101188,2025 H2,2025-12-15,4,Exceeds Expectations,88,False,E100250
7159,E101188,2026 H1,2026-06-15,4,Exceeds Expectations,77,False,E100250
7160,E101189,2025 H2,2025-12-15,3,Meets Expectations,57,False,E100696
7161,E101189,2026 H1,2026-06-15,3,Meets Expectations,42,False,E100696
7162,E101191,2025 H2,2025-12-15,4,Exceeds Expectations,74,True,E100361
7163,E101191,2026 H1,2026-06-15,3,Meets Expectations,56,False,E100361
7164,E101192,2025 H2,2025-12-15,5,Outstanding,86,False,E101155
7165,E101192,2026 H1,2026-06-15,5,Outstanding,104,False,E101155
7166,E101193,2025 H2,2025-12-15,3,Meets Expectations,48,False,E100386
7167,E101193,2026 H1,2026-06-15,3,Meets Expectations,41,False,E100386
7168,E101194,2025 H2,2025-12-15,3,Meets Expectations,32,False,E100422
7169,E101194,2026 H1,2026-06-15,4,Exceeds Expectations,79,False,E100422
7170,E101195,2025 H2,2025-12-15,2,Needs Improvement,30,False,E100493
7171,E101195,2026 H1,2026-06-15,3,Meets Expectations,54,False,E100493
7172,E101196,2025 H2,2025-12-15,5,Outstanding,83,False,E100496
7173,E101196,2026 H1,2026-06-15,3,Meets Expectations,55,False,E100496
7174,E101197,2025 H2,2025-12-15,4,Exceeds Expectations,87,False,E100538
7175,E101197,2026 H1,2026-06-15,3,Meets Expectations,65,False,E100538
7176,E101198,2026 H1,2026-06-15,3,Meets Expectations,35,False,E100562
7177,E101199,2026 H1,2026-06-15,4,Exceeds Expectations,84,True,E100621
7178,E101200,2026 H1,2026-06-15,3,Meets Expectations,65,False,E100682
7179,E101201,2026 H1,2026-06-15,3,Meets Expectations,55,False,E100075
7180,E101202,2026 H1,2026-06-15,4,Exceeds Expectations,75,False,E100231
7181,E101203,2026 H1,2026-06-15,3,Meets Expectations,48,False,E100325
7182,E101204,2026 H1,2026-06-15,3,Meets Expectations,64,False,E101017
7183,E101205,2026 H1,2026-06-15,3,Meets Expectations,37,False,E100398
7184,E101206,2026 H1,2026-06-15,4,Exceeds Expectations,71,False,E100746
7185,E101207,2026 H1,2026-06-15,4,Exceeds Expectations,70,False,E100984
7186,E101208,2026 H1,2026-06-15,3,Meets Expectations,62,False,E100123
7187,E101209,2026 H1,2026-06-15,5,Outstanding,88,False,E100815
7188,E101210,2026 H1,2026-06-15,4,Exceeds Expectations,58,True,E100903
7189,E101211,2026 H1,2026-06-15,3,Meets Expectations,51,False,E100316
7190,E101212,2026 H1,2026-06-15,2,Needs Improvement,41,False,E100325
7191,E101213,2026 H1,2026-06-15,4,Exceeds Expectations,77,True,E100418
7192,E101216,2026 H1,2026-06-15,3,Meets Expectations,49,False,E100555
7193,E101217,2026 H1,2026-06-15,5,Outstanding,94,False,E100031
7194,E101218,2026 H1,2026-06-15,3,Meets Expectations,72,False,E100250
7195,E101219,2026 H1,2026-06-15,1,Unsatisfactory,30,False,E101052
7196,E101220,2026 H1,2026-06-15,4,Exceeds Expectations,93,False,E100286
7197,E101221,2026 H1,2026-06-15,3,Meets Expectations,48,False,E100250
7198,E101222,2026 H1,2026-06-15,4,Exceeds Expectations,44,False,E100318
7199,E101223,2026 H1,2026-06-15,2,Needs Improvement,30,False,E100451
7200,E101224,2026 H1,2026-06-15,3,Meets Expectations,57,False,E100429
7201,E101225,2026 H1,2026-06-15,5,Outstanding,94,False,E100911
7202,E101226,2026 H1,2026-06-15,3,Meets Expectations,53,False,E101216
7203,E101227,2026 H1,2026-06-15,4,Exceeds Expectations,78,False,E100073
7204,E101228,2026 H1,2026-06-15,3,Meets Expectations,60,False,E101098
7205,E101229,2026 H1,2026-06-15,3,Meets Expectations,46,False,E100182
7206,E101230,2026 H1,2026-06-15,3,Meets Expectations,64,False,E100250
7207,E101231,2026 H1,2026-06-15,3,Meets Expectations,46,False,E100764
7208,E101232,2026 H1,2026-06-15,4,Exceeds Expectations,82,False,E100307
7209,E101233,2026 H1,2026-06-15,3,Meets Expectations,63,False,E100233
7210,E101234,2026 H1,2026-06-15,4,Exceeds Expectations,74,False,E100250
7211,E101235,2026 H1,2026-06-15,4,Exceeds Expectations,66,False,E100644
7212,E101236,2026 H1,2026-06-15,5,Outstanding,104,False,E100317
7213,E101237,2026 H1,2026-06-15,5,Outstanding,96,True,E100412
7214,E101238,2026 H1,2026-06-15,2,Needs Improvement,42,False,E100713
7215,E101239,2026 H1,2026-06-15,5,Outstanding,63,False,E100422
7216,E101240,2026 H1,2026-06-15,4,Exceeds Expectations,76,False,E100493
7217,E101241,2026 H1,2026-06-15,3,Meets Expectations,34,False,E100538
7218,E101242,2026 H1,2026-06-15,3,Meets Expectations,59,False,E101216
7219,E101243,2026 H1,2026-06-15,3,Meets Expectations,69,False,E100609
7220,E101244,2026 H1,2026-06-15,3,Meets Expectations,55,False,E100116
7221,E101245,2026 H1,2026-06-15,3,Meets Expectations,51,False,E100033
7222,E101246,2026 H1,2026-06-15,3,Meets Expectations,53,False,E100054
7223,E101247,2026 H1,2026-06-15,3,Meets Expectations,48,False,E101098
7224,E101248,2026 H1,2026-06-15,4,Exceeds Expectations,70,True,E100812
7225,E101249,2026 H1,2026-06-15,4,Exceeds Expectations,73,False,E100204
7226,E101251,2026 H1,2026-06-15,3,Meets Expectations,42,False,E101061
7227,E101252,2026 H1,2026-06-15,3,Meets Expectations,64,False,E100244
7228,E101253,2026 H1,2026-06-15,5,Outstanding,108,False,E100218
7229,E101254,2026 H1,2026-06-15,4,Exceeds Expectations,89,False,E100720
7230,E101255,2026 H1,2026-06-15,3,Meets Expectations,58,False,E100325
7231,E101256,2026 H1,2026-06-15,3,Meets Expectations,58,False,E100657
7232,E101257,2026 H1,2026-06-15,4,Exceeds Expectations,67,True,E100526
7233,E101259,2026 H1,2026-06-15,4,Exceeds Expectations,72,False,E100185
7234,E101262,2026 H1,2026-06-15,4,Exceeds Expectations,70,True,E100250
